rank_number,actor,contributions,percent,cumulative_sum,cumulative_percent,all_contributions
1,can-anyscale,40099,5.29140,40099,5.29140,757815
2,AmplabJenkins,36577,4.82664,76676,10.11804,757815
3,ericl,28847,3.80660,105523,13.92464,757815
4,rkooo567,26511,3.49835,132034,17.42299,757815
5,edoakes,25229,3.32918,157263,20.75216,757815
6,richardliaw,23536,3.10577,180799,23.85793,757815
7,sven1977,17678,2.33276,198477,26.19069,757815
8,jjyao,17629,2.32629,216106,28.51699,757815
9,krfricke,12079,1.59392,228185,30.11091,757815
10,robertnishihara,11950,1.57690,240135,31.68781,757815
11,stephanie-wang,11104,1.46527,251239,33.15308,757815
12,pcmoritz,11028,1.45524,262267,34.60831,757815
13,amogkam,10603,1.39915,272870,36.00747,757815
14,bveeramani,10533,1.38992,283403,37.39739,757815
15,raulchen,8849,1.16770,292252,38.56509,757815
16,architkulkarni,8096,1.06833,300348,39.63342,757815
17,kouroshHakha,8040,1.06094,308388,40.69436,757815
18,iycheng,7907,1.04339,316295,41.73776,757815
19,angelinalg,7576,0.99972,323871,42.73748,757815
20,matthewdeng,7357,0.97082,331228,43.70829,757815
21,clarkzinzow,6635,0.87554,337863,44.58384,757815
22,dentiny,5868,0.77433,343731,45.35817,757815
23,justinvyu,5850,0.77196,349581,46.13012,757815
24,ArturNiederfahrenhorst,5299,0.69925,354880,46.82937,757815
25,gjoliver,4965,0.65517,359845,47.48454,757815
26,shrekris-anyscale,4803,0.63380,364648,48.11834,757815
27,wuisawesome,4788,0.63182,369436,48.75016,757815
28,dayshah,4715,0.62218,374151,49.37234,757815
29,alexeykudinkin,4620,0.60965,378771,49.98199,757815
30,Yard1,4517,0.59606,383288,50.57804,757815
31,abrarsheikh,4502,0.59408,387790,51.17212,757815
32,ryanaoleary,4237,0.55911,392027,51.73123,757815
33,zcin,4191,0.55304,396218,52.28426,757815
34,c21,4083,0.53879,400301,52.82305,757815
35,jovany-wang,4060,0.53575,404361,53.35880,757815
36,ijrsvt,3952,0.52150,408313,53.88030,757815
37,GeneDer,3405,0.44932,411718,54.32962,757815
38,rynewang,3343,0.44114,415061,54.77076,757815
39,xwjiang2010,3298,0.43520,418359,55.20595,757815
40,Future-Outlier,3235,0.42689,421594,55.63284,757815
41,simonsays1980,3198,0.42200,424792,56.05484,757815
42,kfstorm,3070,0.40511,427862,56.45995,757815
43,avnishn,3026,0.39931,430888,56.85926,757815
44,andrew-anyscale,2962,0.39086,433850,57.25012,757815
45,machichima,2959,0.39046,436809,57.64059,757815
46,goutamvenkat-anyscale,2937,0.38756,439746,58.02815,757815
47,elliot-barn,2922,0.38558,442668,58.41373,757815
48,win5923,2895,0.38202,445563,58.79575,757815
49,Sparks0219,2805,0.37014,448368,59.16589,757815
50,AmeerHajAli,2781,0.36698,451149,59.53287,757815
51,MortalHappiness,2648,0.34943,453797,59.88229,757815
52,khluu,2468,0.32567,456265,60.20797,757815
53,jianoaix,2467,0.32554,458732,60.53351,757815
54,israbbani,2237,0.29519,460969,60.82870,757815
55,jeffreywang88,2235,0.29493,463204,61.12363,757815
56,ruisearch42,2219,0.29282,465423,61.41644,757815
57,alanwguo,2211,0.29176,467634,61.70820,757815
58,eicherseiji,2185,0.28833,469819,61.99653,757815
59,mwtian,2152,0.28397,471971,62.28050,757815
60,raghumdani,2145,0.28305,474116,62.56355,757815
61,scottjlee,2142,0.28265,476258,62.84621,757815
62,sampan-s-nayak,2108,0.27817,478366,63.12438,757815
63,ffbin,2072,0.27342,480438,63.39779,757815
64,woshiyyya,2014,0.26576,482452,63.66356,757815
65,sihanwang41,1974,0.26049,484426,63.92404,757815
66,iamjustinhsu,1957,0.25824,486383,64.18229,757815
67,SongGuyang,1951,0.25745,488334,64.43974,757815
68,suquark,1946,0.25679,490280,64.69653,757815
69,maxpumperla,1891,0.24953,492171,64.94606,757815
70,jiaodong,1883,0.24848,494054,65.19454,757815
71,MengjinYan,1864,0.24597,495918,65.44051,757815
72,TimothySeah,1768,0.23330,497686,65.67381,757815
73,harshit-anyscale,1763,0.23264,499449,65.90645,757815
74,cadedaniel,1758,0.23198,501207,66.13844,757815
75,kamil-kaczmarek,1755,0.23159,502962,66.37002,757815
76,owenowenisme,1710,0.22565,504672,66.59567,757815
77,cszhu,1709,0.22552,506381,66.82119,757815
78,Kunchd,1675,0.22103,508056,67.04222,757815
79,dstrodtman,1586,0.20929,509642,67.25151,757815
80,chiayi,1479,0.19517,511121,67.44667,757815
81,mehrdadn,1479,0.19517,512600,67.64184,757815
82,anyscalesam,1474,0.19451,514074,67.83635,757815
83,mattip,1470,0.19398,515544,68.03032,757815
84,pseudo-rnd-thoughts,1441,0.19015,516985,68.22048,757815
85,clarng,1427,0.18830,518412,68.40878,757815
86,JiangJiaWei1103,1415,0.18672,519827,68.59550,757815
87,scottsun94,1400,0.18474,521227,68.78024,757815
88,pdames,1394,0.18395,522621,68.96419,757815
89,zhe-thoughts,1387,0.18303,524008,69.14722,757815
90,Yicheng-Lu-llll,1327,0.17511,525335,69.32233,757815
91,srinathk10,1302,0.17181,526637,69.49414,757815
92,fscnick,1197,0.15795,527834,69.65209,757815
93,zhijunfu,1190,0.15703,529024,69.80912,757815
94,johntaylor-cell,1139,0.15030,530163,69.95942,757815
95,stephaniewang526,1137,0.15004,531300,70.10946,757815
96,ashione,1130,0.14911,532430,70.25857,757815
97,chaokunyang,1066,0.14067,533496,70.39924,757815
98,WangTaoTheTonic,1064,0.14040,534560,70.53964,757815
99,fyrestone,1006,0.13275,535566,70.67239,757815
100,rayhhome,969,0.12787,536535,70.80026,757815
101,CheyuWu,961,0.12681,537496,70.92707,757815
102,akyang-anyscale,909,0.11995,538405,71.04702,757815
103,wumuzi520,881,0.11626,539286,71.16328,757815
104,guoyuhong,871,0.11494,540157,71.27821,757815
105,WeichenXu123,855,0.11282,541012,71.39104,757815
106,peytondmurray,845,0.11150,541857,71.50254,757815
107,ZacAttack,843,0.11124,542700,71.61378,757815
108,devin-petersohn,840,0.11084,543540,71.72463,757815
109,crypdick,831,0.10966,544371,71.83429,757815
110,akshay-anyscale,830,0.10953,545201,71.94381,757815
111,vitsai,823,0.10860,546024,72.05241,757815
112,omatthew98,777,0.10253,546801,72.15495,757815
113,sai-miduthuri,740,0.09765,547541,72.25259,757815
114,liulehui,738,0.09739,548279,72.34998,757815
115,marwan116,710,0.09369,548989,72.44367,757815
116,kyuds,709,0.09356,549698,72.53723,757815
117,clay4444,701,0.09250,550399,72.62973,757815
118,pavitrabhalla,694,0.09158,551093,72.72131,757815
119,xinyuangui2,686,0.09052,551779,72.81183,757815
120,lixin-wei,681,0.08986,552460,72.90170,757815
121,400Ping,671,0.08854,553131,72.99024,757815
122,JasonLi1909,669,0.08828,553800,73.07852,757815
123,ckw017,666,0.08788,554466,73.16641,757815
124,pfaraone,651,0.08590,555117,73.25231,757815
125,atumanov,645,0.08511,555762,73.33742,757815
126,larrylian,644,0.08498,556406,73.42241,757815
127,jeffreywang-anyscale,628,0.08287,557034,73.50528,757815
128,troychiu,625,0.08247,557659,73.58775,757815
129,MissiontoMars,624,0.08234,558283,73.67009,757815
130,Zyiqin-Miranda,622,0.08208,558905,73.75217,757815
131,michaelzhiluo,617,0.08142,559522,73.83359,757815
132,ayushk7102,597,0.07878,560119,73.91237,757815
133,JiahaoYao,596,0.07865,560715,73.99101,757815
134,hartikainen,591,0.07799,561306,74.06900,757815
135,xplorld,582,0.07680,561888,74.14580,757815
136,czgdp1807,581,0.07667,562469,74.22247,757815
137,justinyeh1995,579,0.07640,563048,74.29887,757815
138,nrghosh,572,0.07548,563620,74.37435,757815
139,brucez-anyscale,571,0.07535,564191,74.44970,757815
140,dmatrix,542,0.07152,564733,74.52122,757815
141,Catch-Bull,533,0.07033,565266,74.59156,757815
142,mfitton,532,0.07020,565798,74.66176,757815
143,daiping8,513,0.06769,566311,74.72945,757815
144,Bye-legumes,510,0.06730,566821,74.79675,757815
145,chaowanggg,490,0.06466,567311,74.86141,757815
146,OneSizeFitsQuorum,481,0.06347,567792,74.92488,757815
147,rkenmi,477,0.06294,568269,74.98783,757815
148,meAmitPatil,474,0.06255,568743,75.05038,757815
149,soffer-anyscale,474,0.06255,569217,75.11292,757815
150,karticam,471,0.06215,569688,75.17508,757815
151,abhishekverma-ray,454,0.05991,570142,75.23498,757815
152,qicosmos,454,0.05991,570596,75.29489,757815
153,Chong-Li,446,0.05885,571042,75.35375,757815
154,awille-ai,423,0.05582,571465,75.40957,757815
155,NKcqx,422,0.05569,571887,75.46525,757815
156,JoshKarpel,420,0.05542,572307,75.52067,757815
157,gvspraveen,417,0.05503,572724,75.57570,757815
158,wingkitlee0,415,0.05476,573139,75.63046,757815
159,,412,0.05437,573551,75.68483,757815
160,myandpr,412,0.05437,573963,75.73920,757815
161,jackhumphries,411,0.05423,574374,75.79343,757815
162,dengwxn,407,0.05371,574781,75.84714,757815
163,jeffreyjeffreywang,405,0.05344,575186,75.90058,757815
164,mcember,403,0.05318,575589,75.95376,757815
165,richabanker,397,0.05239,575986,76.00615,757815
166,jhasm,395,0.05212,576381,76.05827,757815
167,Aydin-ab,393,0.05186,576774,76.11013,757815
168,sumanthratna,393,0.05186,577167,76.16199,757815
169,concretevitamin,388,0.05120,577555,76.21319,757815
170,GokuMohandas,380,0.05014,577935,76.26334,757815
171,AndySung320,379,0.05001,578314,76.31335,757815
172,nikitavemuri,377,0.04975,578691,76.36310,757815
173,lk-chen,366,0.04830,579057,76.41139,757815
174,micafan,364,0.04803,579421,76.45943,757815
175,nadongjun,356,0.04698,579777,76.50640,757815
176,vaishdho1,346,0.04566,580123,76.55206,757815
177,Zandew,341,0.04500,580464,76.59706,757815
178,hongpeng-guo,337,0.04447,580801,76.64153,757815
179,elibol,328,0.04328,581129,76.68481,757815
180,anshumankomawar,320,0.04223,581449,76.72704,757815
181,jlee4113,319,0.04209,581768,76.76913,757815
182,istoica,317,0.04183,582085,76.81096,757815
183,Rohan138,317,0.04183,582402,76.85279,757815
184,ujvl,315,0.04157,582717,76.89436,757815
185,yankevn,304,0.04012,583021,76.93448,757815
186,chipspeak,302,0.03985,583323,76.97433,757815
187,ronny-anyscale,297,0.03919,583620,77.01352,757815
188,ok-scale,294,0.03880,583914,77.05231,757815
189,pschafhalter,286,0.03774,584200,77.09005,757815
190,smorad,280,0.03695,584480,77.12700,757815
191,comaniac,278,0.03668,584758,77.16369,757815
192,emmyscode,276,0.03642,585034,77.20011,757815
193,AndyUB,275,0.03629,585309,77.23640,757815
194,ollie-iterators,265,0.03497,585574,77.27137,757815
195,liuxsh9,260,0.03431,585834,77.30567,757815
196,slfan1989,260,0.03431,586094,77.33998,757815
197,dancingactor,259,0.03418,586353,77.37416,757815
198,yuhuan130,255,0.03365,586608,77.40781,757815
199,Qiaolin-Yu,254,0.03352,586862,77.44133,757815
200,zhouaihui,251,0.03312,587113,77.47445,757815
201,ConeyLiu,249,0.03286,587362,77.50731,757815
202,inventormc,248,0.03273,587610,77.54003,757815
203,wxwmd,245,0.03233,587855,77.57236,757815
204,ShockYoungCHN,238,0.03141,588093,77.60377,757815
205,kira-lin,234,0.03088,588327,77.63465,757815
206,mvindiola1,231,0.03048,588558,77.66513,757815
207,jonathan-anyscale,226,0.02982,588784,77.69495,757815
208,scarlet25151,226,0.02982,589010,77.72477,757815
209,Hyunoh-Yeo,225,0.02969,589235,77.75447,757815
210,peterghaddad,223,0.02943,589458,77.78389,757815
211,axreldable,220,0.02903,589678,77.81292,757815
212,eugenevinitsky,220,0.02903,589898,77.84195,757815
213,gramhagen,212,0.02798,590110,77.86993,757815
214,acxz,211,0.02784,590321,77.89777,757815
215,saihaj,210,0.02771,590531,77.92548,757815
216,sasha-s,209,0.02758,590740,77.95306,757815
217,roireshef,208,0.02745,590948,77.98051,757815
218,joneswong,207,0.02732,591155,78.00783,757815
219,franklsf95,205,0.02705,591360,78.03488,757815
220,kenchung285,205,0.02705,591565,78.06193,757815
221,MatthewCWeston,201,0.02652,591766,78.08845,757815
222,hipudding,200,0.02639,591966,78.11484,757815
223,pabloem,199,0.02626,592165,78.14110,757815
224,martinlhw,197,0.02600,592362,78.16710,757815
225,hora-anyscale,190,0.02507,592552,78.19217,757815
226,kunalgosar,190,0.02507,592742,78.21724,757815
227,worldveil,189,0.02494,592931,78.24218,757815
228,allenwang28,187,0.02468,593118,78.26686,757815
229,y1k333,187,0.02468,593305,78.29154,757815
230,tianyi-ge,186,0.02454,593491,78.31608,757815
231,YQ-Wang,185,0.02441,593676,78.34049,757815
232,suppagoddo,183,0.02415,593859,78.36464,757815
233,harupy,182,0.02402,594041,78.38866,757815
234,zhisbug,181,0.02388,594222,78.41254,757815
235,liuyang-my,179,0.02362,594401,78.43616,757815
236,mehrdad2000,179,0.02362,594580,78.45978,757815
237,preneond,179,0.02362,594759,78.48340,757815
238,Daraan,178,0.02349,594937,78.50689,757815
239,Basasuya,177,0.02336,595114,78.53025,757815
240,ilee300a,176,0.02322,595290,78.55347,757815
241,anabranch,174,0.02296,595464,78.57643,757815
242,galenhwang,172,0.02270,595636,78.59913,757815
243,tohtana,172,0.02270,595808,78.62183,757815
244,Jay-ju,167,0.02204,595975,78.64386,757815
245,kunling-anyscale,166,0.02191,596141,78.66577,757815
246,nirnejak,165,0.02177,596306,78.68754,757815
247,AarryaSaraf,162,0.02138,596468,78.70892,757815
248,waleedkadous,162,0.02138,596630,78.73030,757815
249,drozzy,160,0.02111,596790,78.75141,757815
250,xiurobert,159,0.02098,596949,78.77239,757815
251,dHannasch,157,0.02072,597106,78.79311,757815
252,zzchun,157,0.02072,597263,78.81383,757815
253,christy,155,0.02045,597418,78.83428,757815
254,gabrieleoliaro,154,0.02032,597572,78.85460,757815
255,martinbomio,151,0.01993,597723,78.87453,757815
256,aaronscalene,149,0.01966,597872,78.89419,757815
257,flliver,149,0.01966,598021,78.91385,757815
258,limarkdcunha,149,0.01966,598170,78.93351,757815
259,Ziy1-Tan,149,0.01966,598319,78.95317,757815
260,dragongu,148,0.01953,598467,78.97270,757815
261,mitchellstern,146,0.01927,598613,78.99197,757815
262,stefanbschneider,146,0.01927,598759,79.01124,757815
263,yuanchi2807,146,0.01927,598905,79.03050,757815
264,naijoaix,144,0.01900,599049,79.04950,757815
265,anthonyhsyu,143,0.01887,599192,79.06837,757815
266,ryankert01,141,0.01861,599333,79.08698,757815
267,jwyyy,139,0.01834,599472,79.10532,757815
268,quochoangnguyen,139,0.01834,599611,79.12366,757815
269,virtualluke,138,0.01821,599749,79.14187,757815
270,arcyleung,137,0.01808,599886,79.15995,757815
271,JingChen23,137,0.01808,600023,79.17803,757815
272,charlesjsun,132,0.01742,600155,79.19545,757815
273,juliusfrost,132,0.01742,600287,79.21287,757815
274,LeoLiao123,132,0.01742,600419,79.23029,757815
275,jiangxt2,131,0.01729,600550,79.24757,757815
276,sijieamoy,130,0.01715,600680,79.26473,757815
277,pang-wu,129,0.01702,600809,79.28175,757815
278,Kishanthan,127,0.01676,600936,79.29851,757815
279,llan-ml,127,0.01676,601063,79.31527,757815
280,qishengxhe,124,0.01636,601187,79.33163,757815
281,maximsmol,123,0.01623,601310,79.34786,757815
282,harborn,122,0.01610,601432,79.36396,757815
283,mohamedsobhi777,122,0.01610,601554,79.38006,757815
284,YashwanthRanjanSingaravel,121,0.01597,601675,79.39603,757815
285,jmakov,120,0.01583,601795,79.41186,757815
286,michaelhly,120,0.01583,601915,79.42770,757815
287,oliverhu,120,0.01583,602035,79.44353,757815
288,han-steve,119,0.01570,602154,79.45923,757815
289,janblumenkamp,119,0.01570,602273,79.47494,757815
290,XuehaiPan,119,0.01570,602392,79.49064,757815
291,alok,118,0.01557,602510,79.50621,757815
292,PidgeyBE,118,0.01557,602628,79.52178,757815
293,sriram-anyscale,118,0.01557,602746,79.53735,757815
294,viiccwen,118,0.01557,602864,79.55293,757815
295,carsonwang,115,0.01518,602979,79.56810,757815
296,simran-2797,115,0.01518,603094,79.58328,757815
297,waldroje,115,0.01518,603209,79.59845,757815
298,tupui,114,0.01504,603323,79.61349,757815
299,yangwwei,114,0.01504,603437,79.62854,757815
300,jcotant1,113,0.01491,603550,79.64345,757815
301,PhilippWillms,113,0.01491,603663,79.65836,757815
302,gangli113,112,0.01478,603775,79.67314,757815
303,deanwampler,111,0.01465,603886,79.68779,757815
304,eric-jj,111,0.01465,603997,79.70243,757815
305,ls-daniel,111,0.01465,604108,79.71708,757815
306,AdamGleave,110,0.01452,604218,79.73160,757815
307,duburcqa,110,0.01452,604328,79.74611,757815
308,KaisennHu,110,0.01452,604438,79.76063,757815
309,LuciferYang,110,0.01452,604548,79.77514,757815
310,yuduber,109,0.01438,604657,79.78953,757815
311,lchu-ibm,108,0.01425,604765,79.80378,757815
312,iasoon,107,0.01412,604872,79.81790,757815
313,jovan-wong,107,0.01412,604979,79.83202,757815
314,yiranwang52,106,0.01399,605085,79.84600,757815
315,chappidim,105,0.01386,605190,79.85986,757815
316,fengsp,104,0.01372,605294,79.87358,757815
317,jecsand838,104,0.01372,605398,79.88731,757815
318,coqian,103,0.01359,605501,79.90090,757815
319,matthew29tang,103,0.01359,605604,79.91449,757815
320,Superskyyy,103,0.01359,605707,79.92808,757815
321,landscapepainter,102,0.01346,605809,79.94154,757815
322,lonexreb,102,0.01346,605911,79.95500,757815
323,kryanbeane,101,0.01333,606012,79.96833,757815
324,rajeshg007,101,0.01333,606113,79.98166,757815
325,xieus,101,0.01333,606214,79.99499,757815
326,justinkterry,99,0.01306,606313,80.00805,757815
327,richo-anyscale,99,0.01306,606412,80.02111,757815
328,weimingdiit,98,0.01293,606510,80.03405,757815
329,MingshiPeng,97,0.01280,606607,80.04685,757815
330,adbreind,95,0.01254,606702,80.05938,757815
331,hhbyyh,95,0.01254,606797,80.07192,757815
332,brycehuang30,94,0.01240,606891,80.08432,757815
333,danielsuo,93,0.01227,606984,80.09659,757815
334,xingyu-long,93,0.01227,607077,80.10887,757815
335,Stack-Attack,91,0.01201,607168,80.12087,757815
336,Wapaul1,91,0.01201,607259,80.13288,757815
337,GoingMyWay,90,0.01188,607349,80.14476,757815
338,Moonquakes,90,0.01188,607439,80.15663,757815
339,xcharleslin,90,0.01188,607529,80.16851,757815
340,justinrmiller,89,0.01174,607618,80.18026,757815
341,kathryn-zhou,89,0.01174,607707,80.19200,757815
342,n30111,88,0.01161,607795,80.20361,757815
343,max0x7ba,86,0.01135,607881,80.21496,757815
344,pengzhenghao,86,0.01135,607967,80.22631,757815
345,petern48,85,0.01122,608052,80.23752,757815
346,DW-Han,84,0.01108,608136,80.24861,757815
347,kash2104,84,0.01108,608220,80.25969,757815
348,mszadkow,84,0.01108,608304,80.27078,757815
349,ProjectsByJackHe,84,0.01108,608388,80.28186,757815
350,yancanmao,84,0.01108,608472,80.29295,757815
351,cristianjd,83,0.01095,608555,80.30390,757815
352,jasoonn,83,0.01095,608638,80.31485,757815
353,AyushKashyapII,82,0.01082,608720,80.32567,757815
354,ChenYi015,82,0.01082,608802,80.33649,757815
355,akindu-amazon,80,0.01056,608882,80.34705,757815
356,BenWilson2,80,0.01056,608962,80.35761,757815
357,JingGe,80,0.01056,609042,80.36816,757815
358,alanamarzoev,79,0.01042,609121,80.37859,757815
359,Blaze-DSP,79,0.01042,609200,80.38901,757815
360,guyLee687,79,0.01042,609279,80.39944,757815
361,mlguruz,79,0.01042,609358,80.40986,757815
362,smit-kiri,79,0.01042,609437,80.42029,757815
363,alindkhare,78,0.01029,609515,80.43058,757815
364,danielgafni,78,0.01029,609593,80.44087,757815
365,RocketRider,78,0.01029,609671,80.45117,757815
366,sofianhnaide,78,0.01029,609749,80.46146,757815
367,williamma12,78,0.01029,609827,80.47175,757815
368,cem-anyscale,77,0.01016,609904,80.48191,757815
369,old-bear,77,0.01016,609981,80.49207,757815
370,yaroslavvb,77,0.01016,610058,80.50223,757815
371,antoine-galataud,76,0.01003,610134,80.51226,757815
372,hao-aaron,76,0.01003,610210,80.52229,757815
373,shaneknapp,75,0.00990,610285,80.53219,757815
374,ArthurBook,74,0.00976,610359,80.54195,757815
375,vickytsang,74,0.00976,610433,80.55172,757815
376,mgerstgrasser,73,0.00963,610506,80.56135,757815
377,chuang0221,72,0.00950,610578,80.57085,757815
378,chuxi,72,0.00950,610650,80.58035,757815
379,javi-redondo,72,0.00950,610722,80.58985,757815
380,jbedorf,72,0.00950,610794,80.59935,757815
381,nh-atuan,72,0.00950,610866,80.60886,757815
382,raoul-khour-ts,72,0.00950,610938,80.61836,757815
383,spolcyn,72,0.00950,611010,80.62786,757815
384,ahao-anyscale,70,0.00924,611080,80.63709,757815
385,jiangzihao2009,70,0.00924,611150,80.64633,757815
386,mattearllongshot,70,0.00924,611220,80.65557,757815
387,hainesmichaelc,69,0.00911,611289,80.66467,757815
388,kriyanshii,69,0.00911,611358,80.67378,757815
389,wanadzhar913,69,0.00911,611427,80.68288,757815
390,yuchen-ecnu,69,0.00911,611496,80.69199,757815
391,billowkiller,68,0.00897,611564,80.70096,757815
392,bjg2,68,0.00897,611632,80.70994,757815
393,chris-ray-zhang,68,0.00897,611700,80.71891,757815
394,heyitsmui,68,0.00897,611768,80.72788,757815
395,tobby168,68,0.00897,611836,80.73686,757815
396,Bam4d,67,0.00884,611903,80.74570,757815
397,tiangolo,67,0.00884,611970,80.75454,757815
398,datayjz,66,0.00871,612036,80.76325,757815
399,sunnylovestiramisu,66,0.00871,612102,80.77196,757815
400,zbarry,66,0.00871,612168,80.78067,757815
401,kingchin1218,65,0.00858,612233,80.78924,757815
402,kshanmol,65,0.00858,612298,80.79782,757815
403,leewyang,64,0.00845,612362,80.80627,757815
404,rohan-gt,64,0.00845,612426,80.81471,757815
405,xushiyan,64,0.00845,612490,80.82316,757815
406,avigyabb,63,0.00831,612553,80.83147,757815
407,yaxife,63,0.00831,612616,80.83978,757815
408,EagleLo,62,0.00818,612678,80.84796,757815
409,fishbone,62,0.00818,612740,80.85615,757815
410,jinbum-kim,62,0.00818,612802,80.86433,757815
411,rshin,62,0.00818,612864,80.87251,757815
412,shawnpanda,62,0.00818,612926,80.88069,757815
413,andrewztan,61,0.00805,612987,80.88874,757815
414,HassamSheikh,61,0.00805,613048,80.89679,757815
415,Joshuaalbert,61,0.00805,613109,80.90484,757815
416,jsuarez5341,61,0.00805,613170,80.91289,757815
417,nishi-t,61,0.00805,613231,80.92094,757815
418,RaphaelCS,61,0.00805,613292,80.92899,757815
419,kisuke95,60,0.00792,613352,80.93690,757815
420,mascharkh,60,0.00792,613412,80.94482,757815
421,mounchin,60,0.00792,613472,80.95274,757815
422,SheldonTsen,60,0.00792,613532,80.96066,757815
423,shomilj,60,0.00792,613592,80.96857,757815
424,xwu99,60,0.00792,613652,80.97649,757815
425,anmscale,59,0.00779,613711,80.98428,757815
426,carlogrisetti,59,0.00779,613770,80.99206,757815
427,evalaiyc98,59,0.00779,613829,80.99985,757815
428,hango880623,59,0.00779,613888,81.00763,757815
429,markwu7,59,0.00779,613947,81.01542,757815
430,raopku,59,0.00779,614006,81.02320,757815
431,simontindemans,59,0.00779,614065,81.03099,757815
432,yiwei00000,59,0.00779,614124,81.03878,757815
433,Artimislyy,58,0.00765,614182,81.04643,757815
434,joncarter1,58,0.00765,614240,81.05408,757815
435,serena-ruan,58,0.00765,614298,81.06174,757815
436,tchordia,58,0.00765,614356,81.06939,757815
437,ujjawal-khare-27,58,0.00765,614414,81.07704,757815
438,mimiliaogo,57,0.00752,614471,81.08457,757815
439,rusu24edward,57,0.00752,614528,81.09209,757815
440,samster25,57,0.00752,614585,81.09961,757815
441,anyadontfly,56,0.00739,614641,81.10700,757815
442,dushulin,56,0.00739,614697,81.11439,757815
443,hanming-lu,56,0.00739,614753,81.12178,757815
444,jleben,56,0.00739,614809,81.12917,757815
445,markgoodhead,56,0.00739,614865,81.13656,757815
446,wesm,56,0.00739,614921,81.14395,757815
447,iamhatesz,55,0.00726,614976,81.15120,757815
448,Jerry2003826,55,0.00726,615031,81.15846,757815
449,jujipotle,55,0.00726,615086,81.16572,757815
450,kyle-v6x,55,0.00726,615141,81.17298,757815
451,vineethsaivs,55,0.00726,615196,81.18024,757815
452,xutianming,55,0.00726,615251,81.18749,757815
453,ans9868,54,0.00713,615305,81.19462,757815
454,Ezra-H,54,0.00713,615359,81.20174,757815
455,lee1258561,54,0.00713,615413,81.20887,757815
456,zhongchun,54,0.00713,615467,81.21600,757815
457,adizim,53,0.00699,615520,81.22299,757815
458,allenyin55,53,0.00699,615573,81.22998,757815
459,csivanich,53,0.00699,615626,81.23698,757815
460,richardrl,53,0.00699,615679,81.24397,757815
461,weizhaowz,53,0.00699,615732,81.25096,757815
462,zxli,53,0.00699,615785,81.25796,757815
463,import-antigravity,52,0.00686,615837,81.26482,757815
464,jeicher,52,0.00686,615889,81.27168,757815
465,micahtyong,52,0.00686,615941,81.27854,757815
466,pmacalpine,52,0.00686,615993,81.28541,757815
467,Wendi-anyscale,52,0.00686,616045,81.29227,757815
468,yangysc,52,0.00686,616097,81.29913,757815
469,amholler,51,0.00673,616148,81.30586,757815
470,h-vetinari,51,0.00673,616199,81.31259,757815
471,Qstar,51,0.00673,616250,81.31932,757815
472,rushikeshadhav,51,0.00673,616301,81.32605,757815
473,sb-hakunamatata,51,0.00673,616352,81.33278,757815
474,Seraphli,51,0.00673,616403,81.33951,757815
475,tinaxfwu,51,0.00673,616454,81.34624,757815
476,Veryku,51,0.00673,616505,81.35297,757815
477,yx367563,51,0.00673,616556,81.35970,757815
478,1fanwang,50,0.00660,616606,81.36630,757815
479,elevate-foundry,50,0.00660,616656,81.37289,757815
480,elliottower,50,0.00660,616706,81.37949,757815
481,hkvision,50,0.00660,616756,81.38609,757815
482,rishic3,50,0.00660,616806,81.39269,757815
483,romilbhardwaj,50,0.00660,616856,81.39929,757815
484,jerome-habana,49,0.00647,616905,81.40575,757815
485,whikwon,49,0.00647,616954,81.41222,757815
486,AdibaAdi,48,0.00633,617002,81.41855,757815
487,cool-RR,48,0.00633,617050,81.42489,757815
488,dmadeka,48,0.00633,617098,81.43122,757815
489,dpj135,48,0.00633,617146,81.43755,757815
490,gangsf,48,0.00633,617194,81.44389,757815
491,heyucongtom,48,0.00633,617242,81.45022,757815
492,jcarlson212,48,0.00633,617290,81.45656,757815
493,jiangwu300,48,0.00633,617338,81.46289,757815
494,kenmcheng,48,0.00633,617386,81.46922,757815
495,nehiljain,48,0.00633,617434,81.47556,757815
496,raphaelavalos,48,0.00633,617482,81.48189,757815
497,RuofanKong,48,0.00633,617530,81.48823,757815
498,salah-man,48,0.00633,617578,81.49456,757815
499,ScraperNerd18,48,0.00633,617626,81.50089,757815
500,terraflops1048576,48,0.00633,617674,81.50723,757815
501,DenysAshikhin,47,0.00620,617721,81.51343,757815
502,frosk1,47,0.00620,617768,81.51963,757815
503,kiddyboots216,47,0.00620,617815,81.52583,757815
504,LianShuaiLong,47,0.00620,617862,81.53204,757815
505,nicofirst1,47,0.00620,617909,81.53824,757815
506,Phirefly9,47,0.00620,617956,81.54444,757815
507,viotemp1,47,0.00620,618003,81.55064,757815
508,Sanskarzz,46,0.00607,618049,81.55671,757815
509,graysonchao,45,0.00594,618094,81.56265,757815
510,joshua-cogliati-inl,45,0.00594,618139,81.56859,757815
511,josjo80,45,0.00594,618184,81.57453,757815
512,KepingYan,45,0.00594,618229,81.58046,757815
513,lorriexingfang,45,0.00594,618274,81.58640,757815
514,mkdev5,45,0.00594,618319,81.59234,757815
515,rapotdar,45,0.00594,618364,81.59828,757815
516,simotw,45,0.00594,618409,81.60422,757815
517,testinfected,45,0.00594,618454,81.61016,757815
518,vnlitvinov,45,0.00594,618499,81.61609,757815
519,wuallen57730,45,0.00594,618544,81.62203,757815
520,YarShev,45,0.00594,618589,81.62797,757815
521,982945902,44,0.00581,618633,81.63378,757815
522,guoxuxu,44,0.00581,618677,81.63958,757815
523,hckuo,44,0.00581,618721,81.64539,757815
524,jugalshah291,44,0.00581,618765,81.65119,757815
525,kanwang,44,0.00581,618809,81.65700,757815
526,LucaCappelletti94,44,0.00581,618853,81.66281,757815
527,praneethkaturi,44,0.00581,618897,81.66861,757815
528,grizzlybearg,43,0.00567,618940,81.67429,757815
529,minerharry,43,0.00567,618983,81.67996,757815
530,mjacar,43,0.00567,619026,81.68564,757815
531,peterxcli,43,0.00567,619069,81.69131,757815
532,thesalus,43,0.00567,619112,81.69698,757815
533,aviadshimoni,42,0.00554,619154,81.70253,757815
534,DonYum,42,0.00554,619196,81.70807,757815
535,fcardoso75,42,0.00554,619238,81.71361,757815
536,jaychia,42,0.00554,619280,81.71915,757815
537,MattiasDC,42,0.00554,619322,81.72470,757815
538,noemotiovon,42,0.00554,619364,81.73024,757815
539,odncode,42,0.00554,619406,81.73578,757815
540,surehb,42,0.00554,619448,81.74132,757815
541,vinay7373,42,0.00554,619490,81.74686,757815
542,volks73,42,0.00554,619532,81.75241,757815
543,Divyam19,41,0.00541,619573,81.75782,757815
544,Hankpipi,41,0.00541,619614,81.76323,757815
545,NeilGirdhar,41,0.00541,619655,81.76864,757815
546,NikEyX,41,0.00541,619696,81.77405,757815
547,Nithanaroy,41,0.00541,619737,81.77946,757815
548,SohamRajpure,41,0.00541,619778,81.78487,757815
549,spacegoing,41,0.00541,619819,81.79028,757815
550,sword865,41,0.00541,619860,81.79569,757815
551,zhaoch23,41,0.00541,619901,81.80110,757815
552,andrew-gropyus,40,0.00528,619941,81.80638,757815
553,KeeProMise,40,0.00528,619981,81.81166,757815
554,lanbochen-anyscale,40,0.00528,620021,81.81693,757815
555,laysfire,40,0.00528,620061,81.82221,757815
556,manishagarwal23,40,0.00528,620101,81.82749,757815
557,praveen-palanisamy,40,0.00528,620141,81.83277,757815
558,rnapark,40,0.00528,620181,81.83805,757815
559,tanmayrauth,40,0.00528,620221,81.84333,757815
560,v4if,40,0.00528,620261,81.84860,757815
561,vigneshka,40,0.00528,620301,81.85388,757815
562,wookayin,40,0.00528,620341,81.85916,757815
563,codingl2k1,39,0.00515,620380,81.86431,757815
564,eisber,39,0.00515,620419,81.86945,757815
565,HollowMan6,39,0.00515,620458,81.87460,757815
566,ikchifo,39,0.00515,620497,81.87975,757815
567,mirekphd,39,0.00515,620536,81.88489,757815
568,soundway,39,0.00515,620575,81.89004,757815
569,TanjaBayer,39,0.00515,620614,81.89519,757815
570,vic-comm,39,0.00515,620653,81.90033,757815
571,ankur-anyscale,38,0.00501,620691,81.90535,757815
572,as-jding,38,0.00501,620729,81.91036,757815
573,avivhaber,38,0.00501,620767,81.91538,757815
574,daturkel,38,0.00501,620805,81.92039,757815
575,ethanabrooks,38,0.00501,620843,81.92540,757815
576,imzhenyu,38,0.00501,620881,81.93042,757815
577,jparkerholder,38,0.00501,620919,81.93543,757815
578,Lewisracing,38,0.00501,620957,81.94045,757815
579,olipinski,38,0.00501,620995,81.94546,757815
580,rhamnett,38,0.00501,621033,81.95048,757815
581,truelegion47,38,0.00501,621071,81.95549,757815
582,wfangchi,38,0.00501,621109,81.96050,757815
583,wufeiye,38,0.00501,621147,81.96552,757815
584,YoussefEssDS,38,0.00501,621185,81.97053,757815
585,zplizzi,38,0.00501,621223,81.97555,757815
586,zszheng,38,0.00501,621261,81.98056,757815
587,aaronlinear,37,0.00488,621298,81.98544,757815
588,adoda,37,0.00488,621335,81.99033,757815
589,ahbone,37,0.00488,621372,81.99521,757815
590,cassidylaidlaw,37,0.00488,621409,82.00009,757815
591,dataminsu,37,0.00488,621446,82.00497,757815
592,joschu,37,0.00488,621483,82.00986,757815
593,kk-55,37,0.00488,621520,82.01474,757815
594,Lucas61000,37,0.00488,621557,82.01962,757815
595,luochao1024,37,0.00488,621594,82.02450,757815
596,mawright,37,0.00488,621631,82.02939,757815
597,MisterLin1995,37,0.00488,621668,82.03427,757815
598,orcahmlee,37,0.00488,621705,82.03915,757815
599,psaikaushik,37,0.00488,621742,82.04403,757815
600,thoglu,37,0.00488,621779,82.04892,757815
601,YeahNew,37,0.00488,621816,82.05380,757815
602,aGiant,36,0.00475,621852,82.05855,757815
603,dbczumar,36,0.00475,621888,82.06330,757815
604,fwitter,36,0.00475,621924,82.06805,757815
605,joyyoj,36,0.00475,621960,82.07280,757815
606,ktyxx,36,0.00475,621996,82.07755,757815
607,pandalee99,36,0.00475,622032,82.08230,757815
608,PengZhenghao,36,0.00475,622068,82.08705,757815
609,prince8273,36,0.00475,622104,82.09180,757815
610,Scitator,36,0.00475,622140,82.09655,757815
611,alex-treebeard,35,0.00462,622175,82.10117,757815
612,andrew-rosenfeld-ts,35,0.00462,622210,82.10579,757815
613,chunyang-wen,35,0.00462,622245,82.11041,757815
614,JiangpengLI86,35,0.00462,622280,82.11503,757815
615,kangwangamd,35,0.00462,622315,82.11965,757815
616,Myasuka,35,0.00462,622350,82.12427,757815
617,neuyilan,35,0.00462,622385,82.12888,757815
618,snmhaines,35,0.00462,622420,82.13350,757815
619,tterrysun,35,0.00462,622455,82.13812,757815
620,weiquanlee,35,0.00462,622490,82.14274,757815
621,yjaw,35,0.00462,622525,82.14736,757815
622,yutaizhou,35,0.00462,622560,82.15198,757815
623,11rohans,34,0.00449,622594,82.15646,757815
624,Alisahhh,34,0.00449,622628,82.16095,757815
625,alversafa,34,0.00449,622662,82.16544,757815
626,amitsadaphule,34,0.00449,622696,82.16992,757815
627,cchen777,34,0.00449,622730,82.17441,757815
628,FedericoFontana,34,0.00449,622764,82.17890,757815
629,internetcoffeephone,34,0.00449,622798,82.18338,757815
630,jaidisido,34,0.00449,622832,82.18787,757815
631,kingeasternsun,34,0.00449,622866,82.19236,757815
632,nataliekung,34,0.00449,622900,82.19684,757815
633,omkar619-dev,34,0.00449,622934,82.20133,757815
634,zzchuman,34,0.00449,622968,82.20582,757815
635,AlterHoodie,33,0.00435,623001,82.21017,757815
636,csko,33,0.00435,623034,82.21452,757815
637,dirkweissenborn,33,0.00435,623067,82.21888,757815
638,goanpeca,33,0.00435,623100,82.22323,757815
639,hauntsaninja,33,0.00435,623133,82.22759,757815
640,j4ckstraw,33,0.00435,623166,82.23194,757815
641,janimo,33,0.00435,623199,82.23630,757815
642,John-Almardeny,33,0.00435,623232,82.24065,757815
643,mimoralea,33,0.00435,623265,82.24501,757815
644,muyihao,33,0.00435,623298,82.24936,757815
645,ParagEkbote,33,0.00435,623331,82.25372,757815
646,sanskar-singh-2403,33,0.00435,623364,82.25807,757815
647,sercanCyberVision,33,0.00435,623397,82.26243,757815
648,Tomlord1122,33,0.00435,623430,82.26678,757815
649,acrewdson,32,0.00422,623462,82.27100,757815
650,arsedler9,32,0.00422,623494,82.27523,757815
651,claytonlin1110,32,0.00422,623526,82.27945,757815
652,Crystora,32,0.00422,623558,82.28367,757815
653,dulex123,32,0.00422,623590,82.28789,757815
654,dundysm,32,0.00422,623622,82.29212,757815
655,FredrikNoren,32,0.00422,623654,82.29634,757815
656,gowthamnatarajan,32,0.00422,623686,82.30056,757815
657,marianogabitto,32,0.00422,623718,82.30478,757815
658,mjd3,32,0.00422,623750,82.30901,757815
659,newmanwang,32,0.00422,623782,82.31323,757815
660,nyxynyx,32,0.00422,623814,82.31745,757815
661,oksanabaza,32,0.00422,623846,82.32167,757815
662,SumanthRH,32,0.00422,623878,82.32590,757815
663,thatcort,32,0.00422,623910,82.33012,757815
664,tianlinzx,32,0.00422,623942,82.33434,757815
665,wxie2013,32,0.00422,623974,82.33857,757815
666,zhuangzhewei09,32,0.00422,624006,82.34279,757815
667,ankushbbbr,31,0.00409,624037,82.34688,757815
668,btakita,31,0.00409,624068,82.35097,757815
669,bvolpato,31,0.00409,624099,82.35506,757815
670,dev-goyal,31,0.00409,624130,82.35915,757815
671,HrushiYadav,31,0.00409,624161,82.36324,757815
672,jssmith,31,0.00409,624192,82.36733,757815
673,lennardsnoeks,31,0.00409,624223,82.37142,757815
674,LionHeartWang,31,0.00409,624254,82.37551,757815
675,Mark2000,31,0.00409,624285,82.37960,757815
676,RedGrey1993,31,0.00409,624316,82.38370,757815
677,tlaurie99,31,0.00409,624347,82.38779,757815
678,triciasfu,31,0.00409,624378,82.39188,757815
679,veryhannibal,31,0.00409,624409,82.39597,757815
680,yurekami,31,0.00409,624440,82.40006,757815
681,zhaokang1228,31,0.00409,624471,82.40415,757815
682,ArjunPakhan,30,0.00396,624501,82.40811,757815
683,ecm200,30,0.00396,624531,82.41207,757815
684,gresavage,30,0.00396,624561,82.41603,757815
685,HJasperson,30,0.00396,624591,82.41998,757815
686,JalinWang,30,0.00396,624621,82.42394,757815
687,jinfagang,30,0.00396,624651,82.42790,757815
688,jkterry1,30,0.00396,624681,82.43186,757815
689,jrosti,30,0.00396,624711,82.43582,757815
690,KamenShah,30,0.00396,624741,82.43978,757815
691,kukushking,30,0.00396,624771,82.44374,757815
692,mgchoi239,30,0.00396,624801,82.44770,757815
693,paul-twelvelabs,30,0.00396,624831,82.45165,757815
694,pawelpaszki,30,0.00396,624861,82.45561,757815
695,praateekmahajan,30,0.00396,624891,82.45957,757815
696,pushpavanthar,30,0.00396,624921,82.46353,757815
697,rclough,30,0.00396,624951,82.46749,757815
698,Servon-Lee,30,0.00396,624981,82.47145,757815
699,simjay,30,0.00396,625011,82.47541,757815
700,tojocky,30,0.00396,625041,82.47937,757815
701,wjaskowski,30,0.00396,625071,82.48332,757815
702,51616,29,0.00383,625100,82.48715,757815
703,auderson,29,0.00383,625129,82.49098,757815
704,birgerbr,29,0.00383,625158,82.49480,757815
705,brent-anyscale,29,0.00383,625187,82.49863,757815
706,chongxiaoc,29,0.00383,625216,82.50246,757815
707,Deegue,29,0.00383,625245,82.50628,757815
708,elimelt,29,0.00383,625274,82.51011,757815
709,fengding2,29,0.00383,625303,82.51394,757815
710,hebiao064,29,0.00383,625332,82.51776,757815
711,HiromuHota,29,0.00383,625361,82.52159,757815
712,jcrist,29,0.00383,625390,82.52542,757815
713,jhasm-ck,29,0.00383,625419,82.52925,757815
714,kylehh,29,0.00383,625448,82.53307,757815
715,Liquidmasl,29,0.00383,625477,82.53690,757815
716,mauvilsa,29,0.00383,625506,82.54073,757815
717,rfali,29,0.00383,625535,82.54455,757815
718,RocMarshal,29,0.00383,625564,82.54838,757815
719,skpark-rh,29,0.00383,625593,82.55221,757815
720,yucai,29,0.00383,625622,82.55603,757815
721,ankur6ue,28,0.00369,625650,82.55973,757815
722,bhmiller,28,0.00369,625678,82.56342,757815
723,DeborahOlaboye,28,0.00369,625706,82.56712,757815
724,fahadh4ilyas,28,0.00369,625734,82.57081,757815
725,FarzanT,28,0.00369,625762,82.57451,757815
726,jhpenger,28,0.00369,625790,82.57820,757815
727,justinwyang,28,0.00369,625818,82.58190,757815
728,manhld0206,28,0.00369,625846,82.58559,757815
729,mehes-kth,28,0.00369,625874,82.58929,757815
730,morotti,28,0.00369,625902,82.59298,757815
731,mtian29,28,0.00369,625930,82.59668,757815
732,PovelikinRostislav,28,0.00369,625958,82.60037,757815
733,tfsingh,28,0.00369,625986,82.60407,757815
734,ttumiel,28,0.00369,626014,82.60776,757815
735,Yevet,28,0.00369,626042,82.61146,757815
736,adgirish,27,0.00356,626069,82.61502,757815
737,Alok,27,0.00356,626096,82.61858,757815
738,alvkao58,27,0.00356,626123,82.62214,757815
739,ClarkZinzow,27,0.00356,626150,82.62571,757815
740,Cursx,27,0.00356,626177,82.62927,757815
741,danwallach,27,0.00356,626204,82.63283,757815
742,fangyinc,27,0.00356,626231,82.63640,757815
743,Glaucus-2G,27,0.00356,626258,82.63996,757815
744,GuillaumeDesforges,27,0.00356,626285,82.64352,757815
745,jiaxiang-yu,27,0.00356,626312,82.64708,757815
746,ju2ez,27,0.00356,626339,82.65065,757815
747,klwuibm,27,0.00356,626366,82.65421,757815
748,Krout0n,27,0.00356,626393,82.65777,757815
749,MahdiNazemi,27,0.00356,626420,82.66134,757815
750,metasyn,27,0.00356,626447,82.66490,757815
751,moomindani,27,0.00356,626474,82.66846,757815
752,pratkpranav,27,0.00356,626501,82.67202,757815
753,shubhscoder,27,0.00356,626528,82.67559,757815
754,simeetnayan81,27,0.00356,626555,82.67915,757815
755,srinarayan-srikanthan,27,0.00356,626582,82.68271,757815
756,themavik,27,0.00356,626609,82.68628,757815
757,timonbimon,27,0.00356,626636,82.68984,757815
758,turmeric-blend,27,0.00356,626663,82.69340,757815
759,annaluo676,26,0.00343,626689,82.69683,757815
760,aschuh-hf,26,0.00343,626715,82.70026,757815
761,CesarRodrigu,26,0.00343,626741,82.70369,757815
762,chenyuan99,26,0.00343,626767,82.70713,757815
763,davzaman,26,0.00343,626793,82.71056,757815
764,Deepak3994,26,0.00343,626819,82.71399,757815
765,imhy,26,0.00343,626845,82.71742,757815
766,ingambe,26,0.00343,626871,82.72085,757815
767,JasonChen86899,26,0.00343,626897,82.72428,757815
768,JiayuanSternLi,26,0.00343,626923,82.72771,757815
769,Krishnachaitanyakc,26,0.00343,626949,82.73114,757815
770,LydiaXwQ,26,0.00343,626975,82.73457,757815
771,lyzyn,26,0.00343,627001,82.73800,757815
772,mbartholet,26,0.00343,627027,82.74143,757815
773,mxz96102,26,0.00343,627053,82.74487,757815
774,Patol75,26,0.00343,627079,82.74830,757815
775,Seventeen17,26,0.00343,627105,82.75173,757815
776,shivamsingh-007,26,0.00343,627131,82.75516,757815
777,stefanpantic,26,0.00343,627157,82.75859,757815
778,tbukic,26,0.00343,627183,82.76202,757815
779,thavlik,26,0.00343,627209,82.76545,757815
780,walterddr,26,0.00343,627235,82.76888,757815
781,yinweisu,26,0.00343,627261,82.77231,757815
782,a-pichard,25,0.00330,627286,82.77561,757815
783,arunavo4,25,0.00330,627311,82.77891,757815
784,bbalaji-ucsd,25,0.00330,627336,82.78221,757815
785,bdewilde,25,0.00330,627361,82.78551,757815
786,Bhav00,25,0.00330,627386,82.78881,757815
787,CaiZhanqi,25,0.00330,627411,82.79211,757815
788,dangalea,25,0.00330,627436,82.79541,757815
789,DanielAtKrypton,25,0.00330,627461,82.79870,757815
790,daviddwlee84,25,0.00330,627486,82.80200,757815
791,DavidMChan,25,0.00330,627511,82.80530,757815
792,dizhouwu,25,0.00330,627536,82.80860,757815
793,esquires,25,0.00330,627561,82.81190,757815
794,gdtm86,25,0.00330,627586,82.81520,757815
795,haoxins,25,0.00330,627611,82.81850,757815
796,Hff4gd2,25,0.00330,627636,82.82180,757815
797,Leemoonsoo,25,0.00330,627661,82.82510,757815
798,MarkusSpanring,25,0.00330,627686,82.82839,757815
799,nirvana-msu,25,0.00330,627711,82.83169,757815
800,ns-sundar,25,0.00330,627736,82.83499,757815
801,ofey404,25,0.00330,627761,82.83829,757815
802,opherlieber,25,0.00330,627786,82.84159,757815
803,oroojlooy,25,0.00330,627811,82.84489,757815
804,popojk,25,0.00330,627836,82.84819,757815
805,ps2181,25,0.00330,627861,82.85149,757815
806,qxcv,25,0.00330,627886,82.85479,757815
807,rexminnis,25,0.00330,627911,82.85809,757815
808,RNarayan73,25,0.00330,627936,82.86138,757815
809,rnunziata,25,0.00330,627961,82.86468,757815
810,smortime,25,0.00330,627986,82.86798,757815
811,sytelus,25,0.00330,628011,82.87128,757815
812,tmbdev,25,0.00330,628036,82.87458,757815
813,westonpace,25,0.00330,628061,82.87788,757815
814,xiezhipeng-git,25,0.00330,628086,82.88118,757815
815,XLC127,25,0.00330,628111,82.88448,757815
816,zhuohan123,25,0.00330,628136,82.88778,757815
817,aannadi,24,0.00317,628160,82.89094,757815
818,codechrl,24,0.00317,628184,82.89411,757815
819,dengkliu92,24,0.00317,628208,82.89728,757815
820,enori,24,0.00317,628232,82.90044,757815
821,Fabien-Couthouis,24,0.00317,628256,82.90361,757815
822,felipeeeantunes,24,0.00317,628280,82.90678,757815
823,g199209,24,0.00317,628304,82.90995,757815
824,gaborgsomogyi,24,0.00317,628328,82.91311,757815
825,hokiegeek2,24,0.00317,628352,82.91628,757815
826,HsiaoHungKai,24,0.00317,628376,82.91945,757815
827,HuangLED,24,0.00317,628400,82.92261,757815
828,igorgad,24,0.00317,628424,82.92578,757815
829,jangkj09,24,0.00317,628448,82.92895,757815
830,jimmyxie-figma,24,0.00317,628472,82.93211,757815
831,jugalps,24,0.00317,628496,82.93528,757815
832,landcold7,24,0.00317,628520,82.93845,757815
833,Matrix-World,24,0.00317,628544,82.94162,757815
834,mynkpl1998,24,0.00317,628568,82.94478,757815
835,niole,24,0.00317,628592,82.94795,757815
836,rightx2,24,0.00317,628616,82.95112,757815
837,robinsonmhj,24,0.00317,628640,82.95428,757815
838,ryan-minato,24,0.00317,628664,82.95745,757815
839,shaun0927,24,0.00317,628688,82.96062,757815
840,surenyufuz,24,0.00317,628712,82.96378,757815
841,VassilisVassiliadis,24,0.00317,628736,82.96695,757815
842,vecorro,24,0.00317,628760,82.97012,757815
843,ZaberKo,24,0.00317,628784,82.97329,757815
844,ZhijieWang,24,0.00317,628808,82.97645,757815
845,akshaygh0sh,23,0.00304,628831,82.97949,757815
846,alegithub111,23,0.00304,628854,82.98252,757815
847,Anando304,23,0.00304,628877,82.98556,757815
848,anshulomar,23,0.00304,628900,82.98859,757815
849,apaszke,23,0.00304,628923,82.99163,757815
850,bentzinir,23,0.00304,628946,82.99466,757815
851,evo11x,23,0.00304,628969,82.99770,757815
852,hcc429,23,0.00304,628992,83.00073,757815
853,icaropires,23,0.00304,629015,83.00377,757815
854,Jade07-1,23,0.00304,629038,83.00680,757815
855,jliagouris,23,0.00304,629061,83.00984,757815
856,karstenddwx,23,0.00304,629084,83.01287,757815
857,lpydhbt,23,0.00304,629107,83.01591,757815
858,melonipoika,23,0.00304,629130,83.01894,757815
859,mvashishtha,23,0.00304,629153,83.02198,757815
860,neychev,23,0.00304,629176,83.02501,757815
861,Partth101,23,0.00304,629199,83.02805,757815
862,peterhaddad3121,23,0.00304,629222,83.03108,757815
863,saswatac,23,0.00304,629245,83.03412,757815
864,shreyagu,23,0.00304,629268,83.03715,757815
865,SolitaryThinker,23,0.00304,629291,83.04019,757815
866,Stefan-1313,23,0.00304,629314,83.04322,757815
867,vincent-626,23,0.00304,629337,83.04626,757815
868,walli55,23,0.00304,629360,83.04929,757815
869,XiaodongLv,23,0.00304,629383,83.05233,757815
870,xingyousong,23,0.00304,629406,83.05536,757815
871,z4y1b2,23,0.00304,629429,83.05840,757815
872,zzcNEU,23,0.00304,629452,83.06143,757815
873,20zinnm,22,0.00290,629474,83.06434,757815
874,947132885,22,0.00290,629496,83.06724,757815
875,aced125,22,0.00290,629518,83.07014,757815
876,alex-petrenko,22,0.00290,629540,83.07305,757815
877,anindya-saha,22,0.00290,629562,83.07595,757815
878,Catypad,22,0.00290,629584,83.07885,757815
879,Celina Yang,22,0.00290,629606,83.08175,757815
880,dxu23nc,22,0.00290,629628,83.08466,757815
881,heng2j,22,0.00290,629650,83.08756,757815
882,hershg,22,0.00290,629672,83.09046,757815
883,Irvingwangjr,22,0.00290,629694,83.09337,757815
884,ivanthewebber,22,0.00290,629716,83.09627,757815
885,javadan,22,0.00290,629738,83.09917,757815
886,jyakaranda,22,0.00290,629760,83.10208,757815
887,MaxVanDijck,22,0.00290,629782,83.10498,757815
888,merhovon,22,0.00290,629804,83.10788,757815
889,morgangiraud,22,0.00290,629826,83.11079,757815
890,npyoung,22,0.00290,629848,83.11369,757815
891,pimdh,22,0.00290,629870,83.11659,757815
892,pratapyash,22,0.00290,629892,83.11949,757815
893,sip-aravind-g,22,0.00290,629914,83.12240,757815
894,stellaxu,22,0.00290,629936,83.12530,757815
895,tom-doerr,22,0.00290,629958,83.12820,757815
896,visatish,22,0.00290,629980,83.13111,757815
897,vladfi1,22,0.00290,630002,83.13401,757815
898,wsjeon,22,0.00290,630024,83.13691,757815
899,yzs981130,22,0.00290,630046,83.13982,757815
900,zhan0903,22,0.00290,630068,83.14272,757815
901,025rhu,21,0.00277,630089,83.14549,757815
902,Alxe1,21,0.00277,630110,83.14826,757815
903,chandramoulirajagopalan,21,0.00277,630131,83.15103,757815
904,danking,21,0.00277,630152,83.15380,757815
905,dcarrion87,21,0.00277,630173,83.15658,757815
906,devanderhoff,21,0.00277,630194,83.15935,757815
907,elpollouk,21,0.00277,630215,83.16212,757815
908,erictang000,21,0.00277,630236,83.16489,757815
909,frazierprime,21,0.00277,630257,83.16766,757815
910,gmatev,21,0.00277,630278,83.17043,757815
911,ishaan-mehta,21,0.00277,630299,83.17320,757815
912,jincongho,21,0.00277,630320,83.17597,757815
913,jpatra72,21,0.00277,630341,83.17874,757815
914,LauraGPT,21,0.00277,630362,83.18152,757815
915,lindicaphxag-tech,21,0.00277,630383,83.18429,757815
916,luxunxiansheng,21,0.00277,630404,83.18706,757815
917,mbehrendt,21,0.00277,630425,83.18983,757815
918,mickelliu,21,0.00277,630446,83.19260,757815
919,mylinyuzhi,21,0.00277,630467,83.19537,757815
920,netw0rkf10w,21,0.00277,630488,83.19814,757815
921,nflu,21,0.00277,630509,83.20091,757815
922,Nintorac,21,0.00277,630530,83.20368,757815
923,psydok,21,0.00277,630551,83.20646,757815
924,royf,21,0.00277,630572,83.20923,757815
925,ruoliu2,21,0.00277,630593,83.21200,757815
926,slxswaa1993,21,0.00277,630614,83.21477,757815
927,Smallfu666,21,0.00277,630635,83.21754,757815
928,XuQianJin-Stars,21,0.00277,630656,83.22031,757815
929,zhangsikai123,21,0.00277,630677,83.22308,757815
930,09wakharet,20,0.00264,630697,83.22572,757815
931,akelloway,20,0.00264,630717,83.22836,757815
932,Anarion-zuo,20,0.00264,630737,83.23100,757815
933,AndreKuu,20,0.00264,630757,83.23364,757815
934,bwohlberg,20,0.00264,630777,83.23628,757815
935,crystalzyan,20,0.00264,630797,83.23892,757815
936,cyhapun,20,0.00264,630817,83.24156,757815
937,demoncoder-crypto,20,0.00264,630837,83.24420,757815
938,dsctt,20,0.00264,630857,83.24683,757815
939,fschlimb,20,0.00264,630877,83.24947,757815
940,geetanjali-anyscale,20,0.00264,630897,83.25211,757815
941,jonasdedden,20,0.00264,630917,83.25475,757815
942,kennethlien,20,0.00264,630937,83.25739,757815
943,mjconnor,20,0.00264,630957,83.26003,757815
944,PaulFenton,20,0.00264,630977,83.26267,757815
945,peterjc123,20,0.00264,630997,83.26531,757815
946,PRESIDENT810,20,0.00264,631017,83.26795,757815
947,RNC-SB-SF,20,0.00264,631037,83.27059,757815
948,SaladRaider,20,0.00264,631057,83.27323,757815
949,SowmyaaDixit,20,0.00264,631077,83.27587,757815
950,sufeidechabei,20,0.00264,631097,83.27850,757815
951,truongminhdien,20,0.00264,631117,83.28114,757815
952,vipulharsh,20,0.00264,631137,83.28378,757815
953,xhochy,20,0.00264,631157,83.28642,757815
954,Xiao75896453,20,0.00264,631177,83.28906,757815
955,xubo245,20,0.00264,631197,83.29170,757815
956,yarik1988,20,0.00264,631217,83.29434,757815
957,alexvaca0,19,0.00251,631236,83.29685,757815
958,arturez,19,0.00251,631255,83.29935,757815
959,ashutosh1807,19,0.00251,631274,83.30186,757815
960,AvisP,19,0.00251,631293,83.30437,757815
961,bhks,19,0.00251,631312,83.30688,757815
962,carlbalmer,19,0.00251,631331,83.30938,757815
963,ChampionZP,19,0.00251,631350,83.31189,757815
964,CurtainRight,19,0.00251,631369,83.31440,757815
965,davidberenstein1957,19,0.00251,631388,83.31690,757815
966,denadai2,19,0.00251,631407,83.31941,757815
967,ejunprung,19,0.00251,631426,83.32192,757815
968,forhonourlx,19,0.00251,631445,83.32443,757815
969,fzyzcjy,19,0.00251,631464,83.32693,757815
970,george-skal,19,0.00251,631483,83.32944,757815
971,glennmoy,19,0.00251,631502,83.33195,757815
972,gycn,19,0.00251,631521,83.33445,757815
973,haochunchang,19,0.00251,631540,83.33696,757815
974,hefeiyun,19,0.00251,631559,83.33947,757815
975,hellofinch,19,0.00251,631578,83.34198,757815
976,hngenc,19,0.00251,631597,83.34448,757815
977,huchen2021,19,0.00251,631616,83.34699,757815
978,HungHiHung10,19,0.00251,631635,83.34950,757815
979,infzo,19,0.00251,631654,83.35201,757815
980,jaganmolleti7,19,0.00251,631673,83.35451,757815
981,jCrompton,19,0.00251,631692,83.35702,757815
982,jheffez,19,0.00251,631711,83.35953,757815
983,jpgard,19,0.00251,631730,83.36203,757815
984,kaotun,19,0.00251,631749,83.36454,757815
985,kombuchafox,19,0.00251,631768,83.36705,757815
986,llsj14,19,0.00251,631787,83.36956,757815
987,MMorente,19,0.00251,631806,83.37206,757815
988,msumitjain,19,0.00251,631825,83.37457,757815
989,neilisaur,19,0.00251,631844,83.37708,757815
990,noprohuangqi,19,0.00251,631863,83.37958,757815
991,onlinerj,19,0.00251,631882,83.38209,757815
992,RodgerLuo,19,0.00251,631901,83.38460,757815
993,roshankathawate,19,0.00251,631920,83.38711,757815
994,shayanhoshyari,19,0.00251,631939,83.38961,757815
995,sjp611,19,0.00251,631958,83.39212,757815
996,ssiegel95,19,0.00251,631977,83.39463,757815
997,ThomasLecat,19,0.00251,631996,83.39714,757815
998,zhuangzhuang131419,19,0.00251,632015,83.39964,757815
999,zzyunzhi,19,0.00251,632034,83.40215,757815
1000,aefn,18,0.00238,632052,83.40452,757815
1001,afogarty85,18,0.00238,632070,83.40690,757815
1002,andreapiso,18,0.00238,632088,83.40928,757815
1003,AprilXiaoyanLiu,18,0.00238,632106,83.41165,757815
1004,brendanxwhitaker,18,0.00238,632124,83.41403,757815
1005,celinaky,18,0.00238,632142,83.41640,757815
1006,chenshi5012,18,0.00238,632160,83.41878,757815
1007,chjq201410695,18,0.00238,632178,83.42115,757815
1008,chunweiyuan,18,0.00238,632196,83.42353,757815
1009,chunyenlin,18,0.00238,632214,83.42590,757815
1010,curiosity-hyf,18,0.00238,632232,83.42828,757815
1011,dhakshin32,18,0.00238,632250,83.43065,757815
1012,dossett,18,0.00238,632268,83.43303,757815
1013,eddyxu,18,0.00238,632286,83.43540,757815
1014,efang96,18,0.00238,632304,83.43778,757815
1015,ekaschaw,18,0.00238,632322,83.44015,757815
1016,gbloodcaitl,18,0.00238,632340,83.44253,757815
1017,gilvikra,18,0.00238,632358,83.44490,757815
1018,git-jxj,18,0.00238,632376,83.44728,757815
1019,giucesar,18,0.00238,632394,83.44965,757815
1020,HirokiNariyoshi,18,0.00238,632412,83.45203,757815
1021,Hxinyue,18,0.00238,632430,83.45441,757815
1022,iamyangchen,18,0.00238,632448,83.45678,757815
1023,imperio-wxm,18,0.00238,632466,83.45916,757815
1024,IvanPartsunev,18,0.00238,632484,83.46153,757815
1025,jectpro7,18,0.00238,632502,83.46391,757815
1026,JGSweets,18,0.00238,632520,83.46628,757815
1027,jichan3751,18,0.00238,632538,83.46866,757815
1028,JosefNagelschmidt,18,0.00238,632556,83.47103,757815
1029,khoover,18,0.00238,632574,83.47341,757815
1030,lianzhao-ylq,18,0.00238,632592,83.47578,757815
1031,liugs0213,18,0.00238,632610,83.47816,757815
1032,mcariatm,18,0.00238,632628,83.48053,757815
1033,mihajenko,18,0.00238,632646,83.48291,757815
1034,mohitjain2504,18,0.00238,632664,83.48528,757815
1035,phantom5125,18,0.00238,632682,83.48766,757815
1036,qts0312,18,0.00238,632700,83.49003,757815
1037,Samreay,18,0.00238,632718,83.49241,757815
1038,Sathyanarayanaa-T,18,0.00238,632736,83.49478,757815
1039,songqing,18,0.00238,632754,83.49716,757815
1040,tbabej,18,0.00238,632772,83.49953,757815
1041,tgowda1996,18,0.00238,632790,83.50191,757815
1042,toanngosy,18,0.00238,632808,83.50429,757815
1043,Tonyhao96,18,0.00238,632826,83.50666,757815
1044,tppalani,18,0.00238,632844,83.50904,757815
1045,vicyap,18,0.00238,632862,83.51141,757815
1046,votrou,18,0.00238,632880,83.51379,757815
1047,Waynegates,18,0.00238,632898,83.51616,757815
1048,WinkerDu,18,0.00238,632916,83.51854,757815
1049,wnark,18,0.00238,632934,83.52091,757815
1050,xlnwel,18,0.00238,632952,83.52329,757815
1051,YuangGao,18,0.00238,632970,83.52566,757815
1052,ajaichemmanam,17,0.00224,632987,83.52791,757815
1053,AlessandroZavoli,17,0.00224,633004,83.53015,757815
1054,alexbao,17,0.00224,633021,83.53239,757815
1055,alokgogate,17,0.00224,633038,83.53464,757815
1056,ANarayan,17,0.00224,633055,83.53688,757815
1057,anovv,17,0.00224,633072,83.53912,757815
1058,bewestphal,17,0.00224,633089,83.54137,757815
1059,BhautikDonga,17,0.00224,633106,83.54361,757815
1060,bittoby,17,0.00224,633123,83.54585,757815
1061,chrisyeh96,17,0.00224,633140,83.54810,757815
1062,ChuaCheowHuan,17,0.00224,633157,83.55034,757815
1063,darthhexx,17,0.00224,633174,83.55258,757815
1064,davidhozic,17,0.00224,633191,83.55483,757815
1065,dev-miro26,17,0.00224,633208,83.55707,757815
1066,EricCousineau-TRI,17,0.00224,633225,83.55931,757815
1067,giulio-leone,17,0.00224,633242,83.56156,757815
1068,gshimansky,17,0.00224,633259,83.56380,757815
1069,hahahannes,17,0.00224,633276,83.56604,757815
1070,haoyangz,17,0.00224,633293,83.56829,757815
1071,harshit2000,17,0.00224,633310,83.57053,757815
1072,iaalm,17,0.00224,633327,83.57277,757815
1073,Jet132,17,0.00224,633344,83.57502,757815
1074,Jimpachnet,17,0.00224,633361,83.57726,757815
1075,jjshoots,17,0.00224,633378,83.57950,757815
1076,jonded94,17,0.00224,633395,83.58174,757815
1077,junliangyu96,17,0.00224,633412,83.58399,757815
1078,klieret,17,0.00224,633429,83.58623,757815
1079,krishnakalyan3,17,0.00224,633446,83.58847,757815
1080,KristianHolsheimer,17,0.00224,633463,83.59072,757815
1081,lidad,17,0.00224,633480,83.59296,757815
1082,loicsacre,17,0.00224,633497,83.59520,757815
1083,lowang-bh,17,0.00224,633514,83.59745,757815
1084,m-abrarali,17,0.00224,633531,83.59969,757815
1085,Maltimore,17,0.00224,633548,83.60193,757815
1086,mickvangelderen,17,0.00224,633565,83.60418,757815
1087,mjlbach,17,0.00224,633582,83.60642,757815
1088,mkoh-asapp,17,0.00224,633599,83.60866,757815
1089,osalpekar,17,0.00224,633616,83.61091,757815
1090,Phucvt123,17,0.00224,633633,83.61315,757815
1091,Sertingolix,17,0.00224,633650,83.61539,757815
1092,shahsmit1,17,0.00224,633667,83.61764,757815
1093,shaikhismail,17,0.00224,633684,83.61988,757815
1094,shaowei-su,17,0.00224,633701,83.62212,757815
1095,siddgoel,17,0.00224,633718,83.62437,757815
1096,sjoshi6,17,0.00224,633735,83.62661,757815
1097,smiraldr,17,0.00224,633752,83.62885,757815
1098,Tehada,17,0.00224,633769,83.63110,757815
1099,timediv,17,0.00224,633786,83.63334,757815
1100,trivialfis,17,0.00224,633803,83.63558,757815
1101,Truc54,17,0.00224,633820,83.63783,757815
1102,wuxibin89,17,0.00224,633837,83.64007,757815
1103,xuwenyihust,17,0.00224,633854,83.64231,757815
1104,Zakelly,17,0.00224,633871,83.64456,757815
1105,zhenxuanpan,17,0.00224,633888,83.64680,757815
1106,1seck,16,0.00211,633904,83.64891,757815
1107,am-kinetica,16,0.00211,633920,83.65102,757815
1108,AYou0207,16,0.00211,633936,83.65313,757815
1109,bakhovaddinov,16,0.00211,633952,83.65525,757815
1110,bionicles,16,0.00211,633968,83.65736,757815
1111,CowKeyMan,16,0.00211,633984,83.65947,757815
1112,dennymarcels,16,0.00211,634000,83.66158,757815
1113,dhroth,16,0.00211,634016,83.66369,757815
1114,dlwh,16,0.00211,634032,83.66580,757815
1115,DMTSource,16,0.00211,634048,83.66791,757815
1116,dongreenberg,16,0.00211,634064,83.67003,757815
1117,Drice1999,16,0.00211,634080,83.67214,757815
1118,dss010101,16,0.00211,634096,83.67425,757815
1119,eric-higgins-ai,16,0.00211,634112,83.67636,757815
1120,Evelynn-V,16,0.00211,634128,83.67847,757815
1121,farridav,16,0.00211,634144,83.68058,757815
1122,gexiaoxiao7,16,0.00211,634160,83.68269,757815
1123,ggdupont,16,0.00211,634176,83.68480,757815
1124,herin049,16,0.00211,634192,83.68692,757815
1125,JackDKobe,16,0.00211,634208,83.68903,757815
1126,jackye1995,16,0.00211,634224,83.69114,757815
1127,Julianbaozi,16,0.00211,634240,83.69325,757815
1128,KuongB,16,0.00211,634256,83.69536,757815
1129,leixm,16,0.00211,634272,83.69747,757815
1130,lostintangent,16,0.00211,634288,83.69958,757815
1131,manickavela29,16,0.00211,634304,83.70170,757815
1132,monkeyjack123,16,0.00211,634320,83.70381,757815
1133,n3sfan,16,0.00211,634336,83.70592,757815
1134,NellyWhads,16,0.00211,634352,83.70803,757815
1135,nikola-j,16,0.00211,634368,83.71014,757815
1136,photoszzt,16,0.00211,634384,83.71225,757815
1137,pjdurden,16,0.00211,634400,83.71436,757815
1138,qadeptrai123,16,0.00211,634416,83.71647,757815
1139,raceychan,16,0.00211,634432,83.71859,757815
1140,rmhowe425,16,0.00211,634448,83.72070,757815
1141,SebastianBo1995,16,0.00211,634464,83.72281,757815
1142,songpengwei,16,0.00211,634480,83.72492,757815
1143,sotte,16,0.00211,634496,83.72703,757815
1144,Spandan-Madan,16,0.00211,634512,83.72914,757815
1145,sreddy-es,16,0.00211,634528,83.73125,757815
1146,stephano41,16,0.00211,634544,83.73337,757815
1147,StrikerEureka34,16,0.00211,634560,83.73548,757815
1148,vadimkantorov,16,0.00211,634576,83.73759,757815
1149,Warhorze,16,0.00211,634592,83.73970,757815
1150,yannbouteiller,16,0.00211,634608,83.74181,757815
1151,yywangvr,16,0.00211,634624,83.74392,757815
1152,a416297338,15,0.00198,634639,83.74590,757815
1153,alexander-ossur,15,0.00198,634654,83.74788,757815
1154,apullo777,15,0.00198,634669,83.74986,757815
1155,arcelien,15,0.00198,634684,83.75184,757815
1156,athenawisdoms,15,0.00198,634699,83.75382,757815
1157,bfortuner,15,0.00198,634714,83.75580,757815
1158,bibabolynn,15,0.00198,634729,83.75778,757815
1159,brieyla1,15,0.00198,634744,83.75976,757815
1160,bullgom,15,0.00198,634759,83.76174,757815
1161,cgy-dayup,15,0.00198,634774,83.76372,757815
1162,chaomengyuan,15,0.00198,634789,83.76569,757815
1163,chillCode404,15,0.00198,634804,83.76767,757815
1164,DanielWicz,15,0.00198,634819,83.76965,757815
1165,Dylan-Kerler,15,0.00198,634834,83.77163,757815
1166,ezorita,15,0.00198,634849,83.77361,757815
1167,floringogianu,15,0.00198,634864,83.77559,757815
1168,flying-mojo,15,0.00198,634879,83.77757,757815
1169,fz-phia,15,0.00198,634894,83.77955,757815
1170,gliese581gg,15,0.00198,634909,83.78153,757815
1171,grechaw,15,0.00198,634924,83.78351,757815
1172,HenryL27,15,0.00198,634939,83.78549,757815
1173,htvien,15,0.00198,634954,83.78747,757815
1174,iceman126,15,0.00198,634969,83.78945,757815
1175,isaac-vidas,15,0.00198,634984,83.79143,757815
1176,jamescasbon,15,0.00198,634999,83.79341,757815
1177,japneet-anyscale,15,0.00198,635014,83.79539,757815
1178,jayanthnair,15,0.00198,635029,83.79736,757815
1179,jeffery4011,15,0.00198,635044,83.79934,757815
1180,Kismuz,15,0.00198,635059,83.80132,757815
1181,kodwanis,15,0.00198,635074,83.80330,757815
1182,michaelschaarschmidt,15,0.00198,635089,83.80528,757815
1183,Michaelvll,15,0.00198,635104,83.80726,757815
1184,mslapek,15,0.00198,635119,83.80924,757815
1185,nscotto,15,0.00198,635134,83.81122,757815
1186,Ox0400,15,0.00198,635149,83.81320,757815
1187,RaymondKoopmanschap,15,0.00198,635164,83.81518,757815
1188,rbavery,15,0.00198,635179,83.81716,757815
1189,Riatre,15,0.00198,635194,83.81914,757815
1190,RishabhMalviya,15,0.00198,635209,83.82112,757815
1191,rodorio,15,0.00198,635224,83.82310,757815
1192,Rowena2001,15,0.00198,635239,83.82508,757815
1193,SanaIRnI,15,0.00198,635254,83.82706,757815
1194,sfriedowitz,15,0.00198,635269,83.82903,757815
1195,sofglide,15,0.00198,635284,83.83101,757815
1196,sungreong,15,0.00198,635299,83.83299,757815
1197,thetwotravelers,15,0.00198,635314,83.83497,757815
1198,tomsunelite,15,0.00198,635329,83.83695,757815
1199,venkatkalluru,15,0.00198,635344,83.83893,757815
1200,vuoristo,15,0.00198,635359,83.84091,757815
1201,willzma,15,0.00198,635374,83.84289,757815
1202,Yatagarasu50469,15,0.00198,635389,83.84487,757815
1203,yuyiming,15,0.00198,635404,83.84685,757815
1204,abhilash1910,14,0.00185,635418,83.84870,757815
1205,abligail,14,0.00185,635432,83.85054,757815
1206,AksodFlare,14,0.00185,635446,83.85239,757815
1207,amohar2,14,0.00185,635460,83.85424,757815
1208,anmyachev,14,0.00185,635474,83.85609,757815
1209,cananoo,14,0.00185,635488,83.85793,757815
1210,cathywu,14,0.00185,635502,83.85978,757815
1211,cchung100m,14,0.00185,635516,83.86163,757815
1212,co63oc,14,0.00185,635530,83.86348,757815
1213,daiyaanarfeen,14,0.00185,635544,83.86532,757815
1214,DavidAdaRH,14,0.00185,635558,83.86717,757815
1215,desktable,14,0.00185,635572,83.86902,757815
1216,Dhny-anesh,14,0.00185,635586,83.87087,757815
1217,dirtyValera,14,0.00185,635600,83.87271,757815
1218,djakubiec,14,0.00185,635614,83.87456,757815
1219,dkupsh,14,0.00185,635628,83.87641,757815
1220,eax-anyscale,14,0.00185,635642,83.87826,757815
1221,Eleven1Liu,14,0.00185,635656,83.88010,757815
1222,elpis-furiosa,14,0.00185,635670,83.88195,757815
1223,EmaFerrao,14,0.00185,635684,83.88380,757815
1224,FabianSchuetze,14,0.00185,635698,83.88564,757815
1225,fulacse,14,0.00185,635712,83.88749,757815
1226,ggservice007,14,0.00185,635726,83.88934,757815
1227,gorloffslava,14,0.00185,635740,83.89119,757815
1228,gumupaier,14,0.00185,635754,83.89303,757815
1229,himat,14,0.00185,635768,83.89488,757815
1230,houcharlie,14,0.00185,635782,83.89673,757815
1231,hungle123-dev,14,0.00185,635796,83.89858,757815
1232,ivallesp,14,0.00185,635810,83.90042,757815
1233,JasonWayne,14,0.00185,635824,83.90227,757815
1234,Jenson97,14,0.00185,635838,83.90412,757815
1235,JF-D,14,0.00185,635852,83.90597,757815
1236,jgonza-2002,14,0.00185,635866,83.90781,757815
1237,johntomcat7408-cmyk,14,0.00185,635880,83.90966,757815
1238,joshkodi,14,0.00185,635894,83.91151,757815
1239,juzerpatanwala,14,0.00185,635908,83.91336,757815
1240,kaori-seasons,14,0.00185,635922,83.91520,757815
1241,Kuurusch,14,0.00185,635936,83.91705,757815
1242,lejara,14,0.00185,635950,83.91890,757815
1243,liangyi123,14,0.00185,635964,83.92075,757815
1244,lucaschadwicklam97,14,0.00185,635978,83.92259,757815
1245,lxmanutd,14,0.00185,635992,83.92444,757815
1246,Manuscrit,14,0.00185,636006,83.92629,757815
1247,marton-bod,14,0.00185,636020,83.92814,757815
1248,masoudcharkhabi,14,0.00185,636034,83.92998,757815
1249,MattEWeber,14,0.00185,636048,83.93183,757815
1250,mike576,14,0.00185,636062,83.93368,757815
1251,nilsjohanbjorck,14,0.00185,636076,83.93553,757815
1252,olly-writes-code,14,0.00185,636090,83.93737,757815
1253,pchalasani,14,0.00185,636104,83.93922,757815
1254,pengyuan-zhou,14,0.00185,636118,83.94107,757815
1255,pethor,14,0.00185,636132,83.94291,757815
1256,prasad-anyscale,14,0.00185,636146,83.94476,757815
1257,rchowell,14,0.00185,636160,83.94661,757815
1258,repairman29,14,0.00185,636174,83.94846,757815
1259,Rruop,14,0.00185,636188,83.95030,757815
1260,samhallam-reverb,14,0.00185,636202,83.95215,757815
1261,shamanez,14,0.00185,636216,83.95400,757815
1262,sherylwang,14,0.00185,636230,83.95585,757815
1263,shinysingh,14,0.00185,636244,83.95769,757815
1264,simonfall,14,0.00185,636258,83.95954,757815
1265,SlowShip,14,0.00185,636272,83.96139,757815
1266,tianyime,14,0.00185,636286,83.96324,757815
1267,TingkaiLiu,14,0.00185,636300,83.96508,757815
1268,verma-divyanshu-git,14,0.00185,636314,83.96693,757815
1269,vishal00100,14,0.00185,636328,83.96878,757815
1270,yifanmai,14,0.00185,636342,83.97063,757815
1271,Zerui18,14,0.00185,636356,83.97247,757815
1272,zjf2012,14,0.00185,636370,83.97432,757815
1273,ababbar-stripe,13,0.00172,636383,83.97604,757815
1274,aeroaks,13,0.00172,636396,83.97775,757815
1275,alyssa1303,13,0.00172,636409,83.97947,757815
1276,andrewtabbert,13,0.00172,636422,83.98118,757815
1277,anicolson,13,0.00172,636435,83.98290,757815
1278,Anya28,13,0.00172,636448,83.98461,757815
1279,astanley-work,13,0.00172,636461,83.98633,757815
1280,astronauti,13,0.00172,636474,83.98804,757815
1281,atharv0o,13,0.00172,636487,83.98976,757815
1282,bask0,13,0.00172,636500,83.99148,757815
1283,bigdata2,13,0.00172,636513,83.99319,757815
1284,bt2513,13,0.00172,636526,83.99491,757815
1285,caican00,13,0.00172,636539,83.99662,757815
1286,chris-aeviator,13,0.00172,636552,83.99834,757815
1287,chuckhope,13,0.00172,636565,84.00005,757815
1288,Coac,13,0.00172,636578,84.00177,757815
1289,Deathn0t,13,0.00172,636591,84.00348,757815
1290,d-miketa,13,0.00172,636604,84.00520,757815
1291,Ersa-tech,13,0.00172,636617,84.00691,757815
1292,f2010126,13,0.00172,636630,84.00863,757815
1293,felixs8696,13,0.00172,636643,84.01035,757815
1294,felker,13,0.00172,636656,84.01206,757815
1295,fridary,13,0.00172,636669,84.01378,757815
1296,fury0928,13,0.00172,636682,84.01549,757815
1297,fweilun,13,0.00172,636695,84.01721,757815
1298,garymm,13,0.00172,636708,84.01892,757815
1299,genesis-jamin,13,0.00172,636721,84.02064,757815
1300,ghost,13,0.00172,636734,84.02235,757815
1301,HCharlie,13,0.00172,636747,84.02407,757815
1302,hoamgh,13,0.00172,636760,84.02578,757815
1303,holli,13,0.00172,636773,84.02750,757815
1304,jaanphare,13,0.00172,636786,84.02922,757815
1305,jackylee-ch,13,0.00172,636799,84.03093,757815
1306,jacooba,13,0.00172,636812,84.03265,757815
1307,jennicetao,13,0.00172,636825,84.03436,757815
1308,joeybai,13,0.00172,636838,84.03608,757815
1309,kunalrdeshmukh,13,0.00172,636851,84.03779,757815
1310,lmsh7,13,0.00172,636864,84.03951,757815
1311,maithilijoshi20,13,0.00172,636877,84.04122,757815
1312,marcmk6,13,0.00172,636890,84.04294,757815
1313,MariusDanner,13,0.00172,636903,84.04465,757815
1314,meechos,13,0.00172,636916,84.04637,757815
1315,mi-lad,13,0.00172,636929,84.04809,757815
1316,MkDev11,13,0.00172,636942,84.04980,757815
1317,m-lyon,13,0.00172,636955,84.05152,757815
1318,Morphlng,13,0.00172,636968,84.05323,757815
1319,mozjay0619,13,0.00172,636981,84.05495,757815
1320,MrRace,13,0.00172,636994,84.05666,757815
1321,nathan-az,13,0.00172,637007,84.05838,757815
1322,NripeshN,13,0.00172,637020,84.06009,757815
1323,orm011,13,0.00172,637033,84.06181,757815
1324,pedropla,13,0.00172,637046,84.06352,757815
1325,rajfly,13,0.00172,637059,84.06524,757815
1326,ravishtiwari,13,0.00172,637072,84.06696,757815
1327,rueberger,13,0.00172,637085,84.06867,757815
1328,Sahar-E,13,0.00172,637098,84.07039,757815
1329,Saurav-Gupta-9741,13,0.00172,637111,84.07210,757815
1330,sebastiangonsal,13,0.00172,637124,84.07382,757815
1331,SebastianMorawiec,13,0.00172,637137,84.07553,757815
1332,shawwn,13,0.00172,637150,84.07725,757815
1333,stevenlin1111,13,0.00172,637163,84.07896,757815
1334,sunsetxh,13,0.00172,637176,84.08068,757815
1335,tatianafrank,13,0.00172,637189,84.08239,757815
1336,tengteng,13,0.00172,637202,84.08411,757815
1337,tespent,13,0.00172,637215,84.08583,757815
1338,valiantljk-tt,13,0.00172,637228,84.08754,757815
1339,Vigilans,13,0.00172,637241,84.08926,757815
1340,vsriram23,13,0.00172,637254,84.09097,757815
1341,Vysybyl,13,0.00172,637267,84.09269,757815
1342,Wodswos,13,0.00172,637280,84.09440,757815
1343,wp19991,13,0.00172,637293,84.09612,757815
1344,YoelShoshan,13,0.00172,637306,84.09783,757815
1345,yukoba,13,0.00172,637319,84.09955,757815
1346,zseymour,13,0.00172,637332,84.10126,757815
1347,1beb,12,0.00158,637344,84.10285,757815
1348,ahah-figure,12,0.00158,637356,84.10443,757815
1349,amoGLingle,12,0.00158,637368,84.10602,757815
1350,anqixu,12,0.00158,637380,84.10760,757815
1351,anson627,12,0.00158,637392,84.10918,757815
1352,aregm,12,0.00158,637404,84.11077,757815
1353,Aricept094,12,0.00158,637416,84.11235,757815
1354,arisliang,12,0.00158,637428,84.11393,757815
1355,austinnichols101,12,0.00158,637440,84.11552,757815
1356,BitPhinix,12,0.00158,637452,84.11710,757815
1357,bje-,12,0.00158,637464,84.11868,757815
1358,bluecoconut,12,0.00158,637476,84.12027,757815
1359,ByronHsu,12,0.00158,637488,84.12185,757815
1360,cgraywang,12,0.00158,637500,84.12343,757815
1361,Chang-Tong,12,0.00158,637512,84.12502,757815
1362,deetungsten,12,0.00158,637524,84.12660,757815
1363,divyamraj18,12,0.00158,637536,84.12818,757815
1364,DN6,12,0.00158,637548,84.12977,757815
1365,ducviet00,12,0.00158,637560,84.13135,757815
1366,ecederstrand,12,0.00158,637572,84.13293,757815
1367,ehsanmok,12,0.00158,637584,84.13452,757815
1368,ellimac54,12,0.00158,637596,84.13610,757815
1369,ema-pe,12,0.00158,637608,84.13769,757815
1370,fabricebaranski,12,0.00158,637620,84.13927,757815
1371,fede-kamel,12,0.00158,637632,84.14085,757815
1372,franktsai127,12,0.00158,637644,84.14244,757815
1373,frthjf,12,0.00158,637656,84.14402,757815
1374,FruechteBini,12,0.00158,637668,84.14560,757815
1375,GabeChurch,12,0.00158,637680,84.14719,757815
1376,gaurav0107,12,0.00158,637692,84.14877,757815
1377,GiliR4t1qbit,12,0.00158,637704,84.15035,757815
1378,GiovanniGatti,12,0.00158,637716,84.15194,757815
1379,goransh-walia,12,0.00158,637728,84.15352,757815
1380,guodashun,12,0.00158,637740,84.15510,757815
1381,henktillman,12,0.00158,637752,84.15669,757815
1382,JDarDagran,12,0.00158,637764,84.15827,757815
1383,jjgriffin2,12,0.00158,637776,84.15985,757815
1384,jjyyxx,12,0.00158,637788,84.16144,757815
1385,JonasJ-ap,12,0.00158,637800,84.16302,757815
1386,leminina,12,0.00158,637812,84.16460,757815
1387,Leonolovich,12,0.00158,637824,84.16619,757815
1388,Levi080513,12,0.00158,637836,84.16777,757815
1389,ljstrnadiii,12,0.00158,637848,84.16936,757815
1390,loleek,12,0.00158,637860,84.17094,757815
1391,lowdy1,12,0.00158,637872,84.17252,757815
1392,magnusja,12,0.00158,637884,84.17411,757815
1393,matthew-z,12,0.00158,637896,84.17569,757815
1394,max333,12,0.00158,637908,84.17727,757815
1395,mdagost,12,0.00158,637920,84.17886,757815
1396,Mei-pris,12,0.00158,637932,84.18044,757815
1397,MingYueQ,12,0.00158,637944,84.18202,757815
1398,mmourafiq,12,0.00158,637956,84.18361,757815
1399,MohammedAljahdali,12,0.00158,637968,84.18519,757815
1400,morhidi,12,0.00158,637980,84.18677,757815
1401,MrKWatkins,12,0.00158,637992,84.18836,757815
1402,norikazu99,12,0.00158,638004,84.18994,757815
1403,oginskis,12,0.00158,638016,84.19152,757815
1404,olivierlabreche,12,0.00158,638028,84.19311,757815
1405,pedrojeronim0,12,0.00158,638040,84.19469,757815
1406,prd-tuong-nguyen,12,0.00158,638052,84.19627,757815
1407,ptyshevs,12,0.00158,638064,84.19786,757815
1408,qinyiyan,12,0.00158,638076,84.19944,757815
1409,rainmaple,12,0.00158,638088,84.20103,757815
1410,ramondalmau,12,0.00158,638100,84.20261,757815
1411,ran1995data,12,0.00158,638112,84.20419,757815
1412,Rizhiy,12,0.00158,638124,84.20578,757815
1413,rsepassi,12,0.00158,638136,84.20736,757815
1414,sfrolich,12,0.00158,638148,84.20894,757815
1415,shayansadeghieh,12,0.00158,638160,84.21053,757815
1416,shorbaji,12,0.00158,638172,84.21211,757815
1417,ShuChenLin,12,0.00158,638184,84.21369,757815
1418,stantheman0128,12,0.00158,638196,84.21528,757815
1419,sunran1203,12,0.00158,638208,84.21686,757815
1420,swap-10,12,0.00158,638220,84.21844,757815
1421,tanmaychimurkar,12,0.00158,638232,84.22003,757815
1422,thjung123,12,0.00158,638244,84.22161,757815
1423,vivecalindahlericsson,12,0.00158,638256,84.22319,757815
1424,vladjohnson,12,0.00158,638268,84.22478,757815
1425,weepingwillowben,12,0.00158,638280,84.22636,757815
1426,wumpus,12,0.00158,638292,84.22794,757815
1427,Yapcheekian,12,0.00158,638304,84.22953,757815
1428,yc2984,12,0.00158,638316,84.23111,757815
1429,yunqu,12,0.00158,638328,84.23270,757815
1430,ZekiDorukErden,12,0.00158,638340,84.23428,757815
1431,ag-tcm,11,0.00145,638351,84.23573,757815
1432,ajgokhale,11,0.00145,638362,84.23718,757815
1433,akdienes,11,0.00145,638373,84.23863,757815
1434,AlanFokCo,11,0.00145,638384,84.24008,757815
1435,aldanor,11,0.00145,638395,84.24154,757815
1436,amadou1998,11,0.00145,638406,84.24299,757815
1437,amavilla,11,0.00145,638417,84.24444,757815
1438,Amels404,11,0.00145,638428,84.24589,757815
1439,ankeshanand,11,0.00145,638439,84.24734,757815
1440,arunppsg,11,0.00145,638450,84.24879,757815
1441,avaziri,11,0.00145,638461,84.25025,757815
1442,brucebismarck,11,0.00145,638472,84.25170,757815
1443,cbravo93,11,0.00145,638483,84.25315,757815
1444,cedros23,11,0.00145,638494,84.25460,757815
1445,celestinoxp,11,0.00145,638505,84.25605,757815
1446,chainlink,11,0.00145,638516,84.25750,757815
1447,ChristosPeridis,11,0.00145,638527,84.25896,757815
1448,ciroaceto,11,0.00145,638538,84.26041,757815
1449,consultant-xyz,11,0.00145,638549,84.26186,757815
1450,CrossManger,11,0.00145,638560,84.26331,757815
1451,damianj,11,0.00145,638571,84.26476,757815
1452,danyangz,11,0.00145,638582,84.26621,757815
1453,davidegraff,11,0.00145,638593,84.26766,757815
1454,dejangrubisic,11,0.00145,638604,84.26912,757815
1455,devinbarry,11,0.00145,638615,84.27057,757815
1456,dhaval0108,11,0.00145,638626,84.27202,757815
1457,dshepelev15,11,0.00145,638637,84.27347,757815
1458,echzhai,11,0.00145,638648,84.27492,757815
1459,Faaany,11,0.00145,638659,84.27637,757815
1460,Famok,11,0.00145,638670,84.27783,757815
1461,fantow,11,0.00145,638681,84.27928,757815
1462,FlyClover,11,0.00145,638692,84.28073,757815
1463,froody,11,0.00145,638703,84.28218,757815
1464,fuxi611,11,0.00145,638714,84.28363,757815
1465,gambletan,11,0.00145,638725,84.28508,757815
1466,gameofdimension,11,0.00145,638736,84.28653,757815
1467,gaowayne,11,0.00145,638747,84.28799,757815
1468,github,11,0.00145,638758,84.28944,757815
1469,GOnion,11,0.00145,638769,84.29089,757815
1470,gramster,11,0.00145,638780,84.29234,757815
1471,guidj,11,0.00145,638791,84.29379,757815
1472,guxiaobo,11,0.00145,638802,84.29524,757815
1473,HYLcool,11,0.00145,638813,84.29670,757815
1474,hysuuuu,11,0.00145,638824,84.29815,757815
1475,ICESDHR,11,0.00145,638835,84.29960,757815
1476,imtherealnaska,11,0.00145,638846,84.30105,757815
1477,jacksonjacobs1,11,0.00145,638857,84.30250,757815
1478,jennakwon06,11,0.00145,638868,84.30395,757815
1479,jeremyasapp,11,0.00145,638879,84.30540,757815
1480,jnpm,11,0.00145,638890,84.30686,757815
1481,jonathan-conder-sm,11,0.00145,638901,84.30831,757815
1482,joseph-long,11,0.00145,638912,84.30976,757815
1483,JosephTLucas,11,0.00145,638923,84.31121,757815
1484,jzf2101,11,0.00145,638934,84.31266,757815
1485,Kaahan,11,0.00145,638945,84.31411,757815
1486,KantiCodes,11,0.00145,638956,84.31557,757815
1487,kapsl,11,0.00145,638967,84.31702,757815
1488,ksettaluri6,11,0.00145,638978,84.31847,757815
1489,kuyoonjo,11,0.00145,638989,84.31992,757815
1490,li357,11,0.00145,639000,84.32137,757815
1491,llidev,11,0.00145,639011,84.32282,757815
1492,madiyar-wayve,11,0.00145,639022,84.32427,757815
1493,mageru,11,0.00145,639033,84.32573,757815
1494,MaisMuhtaseb,11,0.00145,639044,84.32718,757815
1495,man2machine,11,0.00145,639055,84.32863,757815
1496,milesvant,11,0.00145,639066,84.33008,757815
1497,MKLepium,11,0.00145,639077,84.33153,757815
1498,mnjdhl,11,0.00145,639088,84.33298,757815
1499,movy,11,0.00145,639099,84.33444,757815
1500,mpashkovskii,11,0.00145,639110,84.33589,757815
1501,Narwhal-fish,11,0.00145,639121,84.33734,757815
1502,nightcityblade,11,0.00145,639132,84.33879,757815
1503,nmatthews-asapp,11,0.00145,639143,84.34024,757815
1504,nostalgicimp,11,0.00145,639154,84.34169,757815
1505,nvbkdw,11,0.00145,639165,84.34314,757815
1506,PeterPirog,11,0.00145,639176,84.34460,757815
1507,prrao87,11,0.00145,639187,84.34605,757815
1508,Purvak-L,11,0.00145,639198,84.34750,757815
1509,qo4on,11,0.00145,639209,84.34895,757815
1510,RahilOp,11,0.00145,639220,84.35040,757815
1511,RehanSD,11,0.00145,639231,84.35185,757815
1512,RitwijParmar,11,0.00145,639242,84.35331,757815
1513,rkube,11,0.00145,639253,84.35476,757815
1514,shreyass-ranganatha,11,0.00145,639264,84.35621,757815
1515,smanolloff,11,0.00145,639275,84.35766,757815
1516,thoth291,11,0.00145,639286,84.35911,757815
1517,vtomenko,11,0.00145,639297,84.36056,757815
1518,wingding12,11,0.00145,639308,84.36201,757815
1519,wpm,11,0.00145,639319,84.36347,757815
1520,wyj15,11,0.00145,639330,84.36492,757815
1521,yangs16,11,0.00145,639341,84.36637,757815
1522,yogeveran,11,0.00145,639352,84.36782,757815
1523,yonil7,11,0.00145,639363,84.36927,757815
1524,yuanjiewei,11,0.00145,639374,84.37072,757815
1525,YuhangSong,11,0.00145,639385,84.37218,757815
1526,zhiruiluo,11,0.00145,639396,84.37363,757815
1527,ziyadedher,11,0.00145,639407,84.37508,757815
1528,ZKBig,11,0.00145,639418,84.37653,757815
1529,abrahamrhoffman,10,0.00132,639428,84.37785,757815
1530,andrewredd,10,0.00132,639438,84.37917,757815
1531,anon-7730365d542d05bef4d6f98a052b6ce72f317135,10,0.00132,639448,84.38049,757815
1532,arki05,10,0.00132,639458,84.38181,757815
1533,arueth,10,0.00132,639468,84.38313,757815
1534,atomic,10,0.00132,639478,84.38445,757815
1535,austinmw,10,0.00132,639488,84.38577,757815
1536,BBDrive,10,0.00132,639498,84.38709,757815
1537,bmazoure,10,0.00132,639508,84.38841,757815
1538,captain-pool,10,0.00132,639518,84.38973,757815
1539,CarolatDeepLife,10,0.00132,639528,84.39105,757815
1540,chrisxstyles,10,0.00132,639538,84.39236,757815
1541,cklsoft,10,0.00132,639548,84.39368,757815
1542,csaimd,10,0.00132,639558,84.39500,757815
1543,DanielChern,10,0.00132,639568,84.39632,757815
1544,Degiorgio,10,0.00132,639578,84.39764,757815
1545,DejusDevspace,10,0.00132,639588,84.39896,757815
1546,DenBuzz,10,0.00132,639598,84.40028,757815
1547,doanxem99,10,0.00132,639608,84.40160,757815
1548,DonPalius,10,0.00132,639618,84.40292,757815
1549,dyami0123,10,0.00132,639628,84.40424,757815
1550,enginarslan1,10,0.00132,639638,84.40556,757815
1551,ericbhanson,10,0.00132,639648,84.40688,757815
1552,fardinabbasi,10,0.00132,639658,84.40820,757815
1553,feefs,10,0.00132,639668,84.40952,757815
1554,Finebouche,10,0.00132,639678,84.41084,757815
1555,fkaleo,10,0.00132,639688,84.41216,757815
1556,Fokko,10,0.00132,639698,84.41348,757815
1557,fostiropoulos,10,0.00132,639708,84.41480,757815
1558,fywu85,10,0.00132,639718,84.41612,757815
1559,GNITOAHC,10,0.00132,639728,84.41744,757815
1560,griff4692,10,0.00132,639738,84.41876,757815
1561,guyue5,10,0.00132,639748,84.42008,757815
1562,hangg112233,10,0.00132,639758,84.42140,757815
1563,HarryCaveMan,10,0.00132,639768,84.42272,757815
1564,Haustle-v,10,0.00132,639778,84.42403,757815
1565,HongW2019,10,0.00132,639788,84.42535,757815
1566,idantene,10,0.00132,639798,84.42667,757815
1567,iuming,10,0.00132,639808,84.42799,757815
1568,J1810Z,10,0.00132,639818,84.42931,757815
1569,jaeminkim1324,10,0.00132,639828,84.43063,757815
1570,jaredvann,10,0.00132,639838,84.43195,757815
1571,jdonzallaz,10,0.00132,639848,84.43327,757815
1572,JerryLeeCS,10,0.00132,639858,84.43459,757815
1573,jharaldson,10,0.00132,639868,84.43591,757815
1574,JingDang99,10,0.00132,639878,84.43723,757815
1575,J-Meyers,10,0.00132,639888,84.43855,757815
1576,jmugan,10,0.00132,639898,84.43987,757815
1577,joaquinhuigomez,10,0.00132,639908,84.44119,757815
1578,johann-petrak,10,0.00132,639918,84.44251,757815
1579,Joseph-Sarsfield,10,0.00132,639928,84.44383,757815
1580,JP-sDEV,10,0.00132,639938,84.44515,757815
1581,KaleabTessera,10,0.00132,639948,84.44647,757815
1582,kamal-rahimi,10,0.00132,639958,84.44779,757815
1583,karim174,10,0.00132,639968,84.44911,757815
1584,kiralaz,10,0.00132,639978,84.45043,757815
1585,kotoroshinoto,10,0.00132,639988,84.45175,757815
1586,ksanjeevan,10,0.00132,639998,84.45307,757815
1587,LebronAl,10,0.00132,640008,84.45439,757815
1588,LecJackS,10,0.00132,640018,84.45570,757815
1589,lena-kashtelyan,10,0.00132,640028,84.45702,757815
1590,ljjsalt,10,0.00132,640038,84.45834,757815
1591,lucaguarro,10,0.00132,640048,84.45966,757815
1592,ludwigschmidt,10,0.00132,640058,84.46098,757815
1593,lynkz-matt-psaltis,10,0.00132,640068,84.46230,757815
1594,mahaddad,10,0.00132,640078,84.46362,757815
1595,marlonjan,10,0.00132,640088,84.46494,757815
1596,Martin4R,10,0.00132,640098,84.46626,757815
1597,mGalarnyk,10,0.00132,640108,84.46758,757815
1598,Michiel29,10,0.00132,640118,84.46890,757815
1599,MiXaiLL76,10,0.00132,640128,84.47022,757815
1600,MoggeM,10,0.00132,640138,84.47154,757815
1601,muazhari,10,0.00132,640148,84.47286,757815
1602,muhammadsyahyas,10,0.00132,640158,84.47418,757815
1603,nikhilkhanna,10,0.00132,640168,84.47550,757815
1604,omnific9,10,0.00132,640178,84.47682,757815
1605,OnTheRicky,10,0.00132,640188,84.47814,757815
1606,Paolo-Fermin,10,0.00132,640198,84.47946,757815
1607,pikaxinge,10,0.00132,640208,84.48078,757815
1608,pxp531,10,0.00132,640218,84.48210,757815
1609,RaedShabbir,10,0.00132,640228,84.48342,757815
1610,rifkybujana,10,0.00132,640238,84.48474,757815
1611,RinZ27,10,0.00132,640248,84.48606,757815
1612,Rob12312368,10,0.00132,640258,84.48737,757815
1613,roelschr,10,0.00132,640268,84.48869,757815
1614,rohitrawat,10,0.00132,640278,84.49001,757815
1615,rohitsudhakar1,10,0.00132,640288,84.49133,757815
1616,ruojol,10,0.00132,640298,84.49265,757815
1617,saltypeanuts,10,0.00132,640308,84.49397,757815
1618,segf4ult,10,0.00132,640318,84.49529,757815
1619,Shao-kun-Zhang,10,0.00132,640328,84.49661,757815
1620,siavash119,10,0.00132,640338,84.49793,757815
1621,SoundsSerious,10,0.00132,640348,84.49925,757815
1622,souravraha,10,0.00132,640358,84.50057,757815
1623,sxjscience,10,0.00132,640368,84.50189,757815
1624,theshy456,10,0.00132,640378,84.50321,757815
1625,ThibzR,10,0.00132,640388,84.50453,757815
1626,ThomasCassimon,10,0.00132,640398,84.50585,757815
1627,TinkeringCode,10,0.00132,640408,84.50717,757815
1628,tmrtmrtmrtmr,10,0.00132,640418,84.50849,757815
1629,TommasoBendinelli,10,0.00132,640428,84.50981,757815
1630,tylerkohn,10,0.00132,640438,84.51113,757815
1631,upadhyay74aman,10,0.00132,640448,84.51245,757815
1632,uronce-cc,10,0.00132,640458,84.51377,757815
1633,VamshikShetty,10,0.00132,640468,84.51509,757815
1634,VarunBhandary,10,0.00132,640478,84.51641,757815
1635,vedantroy,10,0.00132,640488,84.51773,757815
1636,Vito-Yang,10,0.00132,640498,84.51904,757815
1637,vymao,10,0.00132,640508,84.52036,757815
1638,wjzhou-ep,10,0.00132,640518,84.52168,757815
1639,wmayner,10,0.00132,640528,84.52300,757815
1640,xdever,10,0.00132,640538,84.52432,757815
1641,XiaoHongbo-Hope,10,0.00132,640548,84.52564,757815
1642,xing-anyscale,10,0.00132,640558,84.52696,757815
1643,YiranJing,10,0.00132,640568,84.52828,757815
1644,yuchao-wang,10,0.00132,640578,84.52960,757815
1645,yunsangju,10,0.00132,640588,84.53092,757815
1646,yutsai84,10,0.00132,640598,84.53224,757815
1647,zcarrico-fn,10,0.00132,640608,84.53356,757815
1648,zhiqiwangebay,10,0.00132,640618,84.53488,757815
1649,zhuyanhuazhuyanhua,10,0.00132,640628,84.53620,757815
1650,zjregee,10,0.00132,640638,84.53752,757815
1651,zma2,10,0.00132,640648,84.53884,757815
1652,zpymyyn,10,0.00132,640658,84.54016,757815
1653,89JBWebb,9,0.00119,640667,84.54135,757815
1654,abhijeetsaha17,9,0.00119,640676,84.54253,757815
1655,ahmed-mahran,9,0.00119,640685,84.54372,757815
1656,akern40,9,0.00119,640694,84.54491,757815
1657,akhtarCareem,9,0.00119,640703,84.54610,757815
1658,alexmascension,9,0.00119,640712,84.54728,757815
1659,alexwang177,9,0.00119,640721,84.54847,757815
1660,aljeshishe,9,0.00119,640730,84.54966,757815
1661,al-rigazzi,9,0.00119,640739,84.55085,757815
1662,anydayeol,9,0.00119,640748,84.55203,757815
1663,arpitjain099,9,0.00119,640757,84.55322,757815
1664,arvindc95,9,0.00119,640766,84.55441,757815
1665,aRyBernAlTEglOTRO,9,0.00119,640775,84.55560,757815
1666,atypic,9,0.00119,640784,84.55678,757815
1667,austin-aryn-ai,9,0.00119,640793,84.55797,757815
1668,bavaria95,9,0.00119,640802,84.55916,757815
1669,Bhavya6187,9,0.00119,640811,84.56035,757815
1670,Capiru,9,0.00119,640820,84.56154,757815
1671,Carterbouley,9,0.00119,640829,84.56272,757815
1672,ccoulombe,9,0.00119,640838,84.56391,757815
1673,choosehappy,9,0.00119,640847,84.56510,757815
1674,coldsheephot,9,0.00119,640856,84.56629,757815
1675,coreylowman,9,0.00119,640865,84.56747,757815
1676,danielezhu,9,0.00119,640874,84.56866,757815
1677,dataCenter430,9,0.00119,640883,84.56985,757815
1678,dcela,9,0.00119,640892,84.57104,757815
1679,Dekermanjian,9,0.00119,640901,84.57222,757815
1680,dlee992,9,0.00119,640910,84.57341,757815
1681,dmvevents,9,0.00119,640919,84.57460,757815
1682,drukoz,9,0.00119,640928,84.57579,757815
1683,Duy-Tuyen,9,0.00119,640937,84.57697,757815
1684,efokschaner,9,0.00119,640946,84.57816,757815
1685,ElektroChan89,9,0.00119,640955,84.57935,757815
1686,EnjianGong,9,0.00119,640964,84.58054,757815
1687,eyadgaran,9,0.00119,640973,84.58173,757815
1688,Filco306,9,0.00119,640982,84.58291,757815
1689,Focus5679,9,0.00119,640991,84.58410,757815
1690,frenkowski,9,0.00119,641000,84.58529,757815
1691,Fritskee,9,0.00119,641009,84.58648,757815
1692,fshriver,9,0.00119,641018,84.58766,757815
1693,gauravg11,9,0.00119,641027,84.58885,757815
1694,glindstr,9,0.00119,641036,84.59004,757815
1695,guykhazma,9,0.00119,641045,84.59123,757815
1696,hanli-0612,9,0.00119,641054,84.59241,757815
1697,HanwGeek,9,0.00119,641063,84.59360,757815
1698,HarvinderBhullar,9,0.00119,641072,84.59479,757815
1699,hegdeashwin,9,0.00119,641081,84.59598,757815
1700,heinerb,9,0.00119,641090,84.59716,757815
1701,herunyu,9,0.00119,641099,84.59835,757815
1702,hybug,9,0.00119,641108,84.59954,757815
1703,ian-huu,9,0.00119,641117,84.60073,757815
1704,idthanm,9,0.00119,641126,84.60191,757815
1705,imxuemei,9,0.00119,641135,84.60310,757815
1706,inf000,9,0.00119,641144,84.60429,757815
1707,InTheta,9,0.00119,641153,84.60548,757815
1708,Ivorforce,9,0.00119,641162,84.60667,757815
1709,jakubzimny,9,0.00119,641171,84.60785,757815
1710,james-tn,9,0.00119,641180,84.60904,757815
1711,jbusche,9,0.00119,641189,84.61023,757815
1712,JessicaSchrouff,9,0.00119,641198,84.61142,757815
1713,Jhonathan-Pedroso,9,0.00119,641207,84.61260,757815
1714,jiangtianli91,9,0.00119,641216,84.61379,757815
1715,jieru-hu,9,0.00119,641225,84.61498,757815
1716,jiripetrlik,9,0.00119,641234,84.61617,757815
1717,JohnRothan,9,0.00119,641243,84.61735,757815
1718,jorisvandenbossche,9,0.00119,641252,84.61854,757815
1719,KastanDay,9,0.00119,641261,84.61973,757815
1720,keerthanvasist,9,0.00119,641270,84.62092,757815
1721,kevin1zc,9,0.00119,641279,84.62210,757815
1722,kimikuri,9,0.00119,641288,84.62329,757815
1723,kinalmehta,9,0.00119,641297,84.62448,757815
1724,KKtiandao,9,0.00119,641306,84.62567,757815
1725,krisselberg,9,0.00119,641315,84.62685,757815
1726,Laksh1997,9,0.00119,641324,84.62804,757815
1727,lasagnaphil,9,0.00119,641333,84.62923,757815
1728,LinxiFan,9,0.00119,641342,84.63042,757815
1729,lisawhite137,9,0.00119,641351,84.63161,757815
1730,Lorien2027,9,0.00119,641360,84.63279,757815
1731,lovettchris,9,0.00119,641369,84.63398,757815
1732,luicarus,9,0.00119,641378,84.63517,757815
1733,Luis-Victor,9,0.00119,641387,84.63636,757815
1734,LukasNothhelfer,9,0.00119,641396,84.63754,757815
1735,mancfactor,9,0.00119,641405,84.63873,757815
1736,MarcoGorelli,9,0.00119,641414,84.63992,757815
1737,marcostephan,9,0.00119,641423,84.64111,757815
1738,martynas-subonis,9,0.00119,641432,84.64229,757815
1739,MarvinSt,9,0.00119,641441,84.64348,757815
1740,Mathieu-Prouveur,9,0.00119,641450,84.64467,757815
1741,mathpluscode,9,0.00119,641459,84.64586,757815
1742,matthewearl,9,0.00119,641468,84.64704,757815
1743,mboisson,9,0.00119,641477,84.64823,757815
1744,mcrowson,9,0.00119,641486,84.64942,757815
1745,mgierada,9,0.00119,641495,84.65061,757815
1746,mkotsalainen,9,0.00119,641504,84.65179,757815
1747,mnicstruwig,9,0.00119,641513,84.65298,757815
1748,msaroufim,9,0.00119,641522,84.65417,757815
1749,mtralka,9,0.00119,641531,84.65536,757815
1750,nanxintin,9,0.00119,641540,84.65655,757815
1751,NavinKumarMNK,9,0.00119,641549,84.65773,757815
1752,n-gao,9,0.00119,641558,84.65892,757815
1753,nhquana2,9,0.00119,641567,84.66011,757815
1754,Nicholaz99,9,0.00119,641576,84.66130,757815
1755,nidabdella,9,0.00119,641585,84.66248,757815
1756,NightWing1998,9,0.00119,641594,84.66367,757815
1757,NumberChiffre,9,0.00119,641603,84.66486,757815
1758,nush-1qb,9,0.00119,641612,84.66605,757815
1759,omus,9,0.00119,641621,84.66723,757815
1760,OrenLeung,9,0.00119,641630,84.66842,757815
1761,pepi99,9,0.00119,641639,84.66961,757815
1762,perara,9,0.00119,641648,84.67080,757815
1763,pinakigupta,9,0.00119,641657,84.67198,757815
1764,pinduzera,9,0.00119,641666,84.67317,757815
1765,piojanu,9,0.00119,641675,84.67436,757815
1766,pranasblk,9,0.00119,641684,84.67555,757815
1767,Purpleslz,9,0.00119,641693,84.67674,757815
1768,raghu1121,9,0.00119,641702,84.67792,757815
1769,rdyro,9,0.00119,641711,84.67911,757815
1770,RedTachyon,9,0.00119,641720,84.68030,757815
1771,risjai,9,0.00119,641729,84.68149,757815
1772,robcaulk,9,0.00119,641738,84.68267,757815
1773,rohit-annigeri,9,0.00119,641747,84.68386,757815
1774,Rubertos,9,0.00119,641756,84.68505,757815
1775,sanjeevanahilan,9,0.00119,641765,84.68624,757815
1776,SanjiAp,9,0.00119,641774,84.68742,757815
1777,sathyanarays,9,0.00119,641783,84.68861,757815
1778,scrivy,9,0.00119,641792,84.68980,757815
1779,SeanQuant,9,0.00119,641801,84.69099,757815
1780,semin-park,9,0.00119,641810,84.69217,757815
1781,srikanthgadadasu,9,0.00119,641819,84.69336,757815
1782,svidskiy,9,0.00119,641828,84.69455,757815
1783,sxyd,9,0.00119,641837,84.69574,757815
1784,szymonWojdat,9,0.00119,641846,84.69692,757815
1785,tawe141,9,0.00119,641855,84.69811,757815
1786,thebeancounter,9,0.00119,641864,84.69930,757815
1787,thegyro,9,0.00119,641873,84.70049,757815
1788,thien-nguyenthanh,9,0.00119,641882,84.70168,757815
1789,tinymindxxx,9,0.00119,641891,84.70286,757815
1790,Tixxx,9,0.00119,641900,84.70405,757815
1791,tkram01,9,0.00119,641909,84.70524,757815
1792,ujjawal-khare,9,0.00119,641918,84.70643,757815
1793,vasuag09,9,0.00119,641927,84.70761,757815
1794,VeronikaPolakova,9,0.00119,641936,84.70880,757815
1795,vipese-idoven,9,0.00119,641945,84.70999,757815
1796,walkoss,9,0.00119,641954,84.71118,757815
1797,wjones127,9,0.00119,641963,84.71236,757815
1798,wjrforcyber,9,0.00119,641972,84.71355,757815
1799,w-tz,9,0.00119,641981,84.71474,757815
1800,wybryan,9,0.00119,641990,84.71593,757815
1801,x01-emre,9,0.00119,641999,84.71711,757815
1802,xinchen384,9,0.00119,642008,84.71830,757815
1803,ykdojo,9,0.00119,642017,84.71949,757815
1804,yue-anyscale,9,0.00119,642026,84.72068,757815
1805,yunaremaia,9,0.00119,642035,84.72186,757815
1806,zmonoid,9,0.00119,642044,84.72305,757815
1807,zoetsekas,9,0.00119,642053,84.72424,757815
1808,zupengwang,9,0.00119,642062,84.72543,757815
1809,0luhancheng0,8,0.00106,642070,84.72648,757815
1810,77loopin,8,0.00106,642078,84.72754,757815
1811,aadharna,8,0.00106,642086,84.72859,757815
1812,aaliyan1230,8,0.00106,642094,84.72965,757815
1813,abhalawat,8,0.00106,642102,84.73071,757815
1814,AchimGaedkeLynker,8,0.00106,642110,84.73176,757815
1815,achordia20,8,0.00106,642118,84.73282,757815
1816,acmore,8,0.00106,642126,84.73387,757815
1817,adam360x,8,0.00106,642134,84.73493,757815
1818,aditanase,8,0.00106,642142,84.73598,757815
1819,adriendoerig,8,0.00106,642150,84.73704,757815
1820,akhiarov,8,0.00106,642158,84.73810,757815
1821,Akkarine,8,0.00106,642166,84.73915,757815
1822,alexandrplashchinsky,8,0.00106,642174,84.74021,757815
1823,alihadian,8,0.00106,642182,84.74126,757815
1824,alphaDev23,8,0.00106,642190,84.74232,757815
1825,alvinttang,8,0.00106,642198,84.74337,757815
1826,AndreCNF,8,0.00106,642206,84.74443,757815
1827,Andrej4156,8,0.00106,642214,84.74549,757815
1828,anhnami,8,0.00106,642222,84.74654,757815
1829,anrooo,8,0.00106,642230,84.74760,757815
1830,antoniomdk,8,0.00106,642238,84.74865,757815
1831,antonwnk,8,0.00106,642246,84.74971,757815
1832,Art0white,8,0.00106,642254,84.75076,757815
1833,asdspal,8,0.00106,642262,84.75182,757815
1834,aspexdaniel,8,0.00106,642270,84.75288,757815
1835,astron8t-voyagerx,8,0.00106,642278,84.75393,757815
1836,aybidi,8,0.00106,642286,84.75499,757815
1837,barbara-su,8,0.00106,642294,84.75604,757815
1838,batuhanfaik,8,0.00106,642302,84.75710,757815
1839,benblack769,8,0.00106,642310,84.75815,757815
1840,bklaubos,8,0.00106,642318,84.75921,757815
1841,bluesheeptoken,8,0.00106,642326,84.76026,757815
1842,bthananjeyan,8,0.00106,642334,84.76132,757815
1843,butchcom,8,0.00106,642342,84.76238,757815
1844,c8ef,8,0.00106,642350,84.76343,757815
1845,caozy623,8,0.00106,642358,84.76449,757815
1846,ccckblaze,8,0.00106,642366,84.76554,757815
1847,cfusting,8,0.00106,642374,84.76660,757815
1848,charleslai2000,8,0.00106,642382,84.76765,757815
1849,cin-duke,8,0.00106,642390,84.76871,757815
1850,ckarying,8,0.00106,642398,84.76977,757815
1851,crclark,8,0.00106,642406,84.77082,757815
1852,cwfparsonson,8,0.00106,642414,84.77188,757815
1853,daveboat,8,0.00106,642422,84.77293,757815
1854,davidwagnerkc,8,0.00106,642430,84.77399,757815
1855,dekromp,8,0.00106,642438,84.77504,757815
1856,dHonerkamp,8,0.00106,642446,84.77610,757815
1857,Dhul-Husni,8,0.00106,642454,84.77716,757815
1858,dkunz49,8,0.00106,642462,84.77821,757815
1859,dmtrs,8,0.00106,642470,84.77927,757815
1860,DriverSong,8,0.00106,642478,84.78032,757815
1861,DuaneNielsen,8,0.00106,642486,84.78138,757815
1862,dubin555,8,0.00106,642494,84.78243,757815
1863,dumpmemory,8,0.00106,642502,84.78349,757815
1864,Emily0219,8,0.00106,642510,84.78455,757815
1865,Emiyalzn,8,0.00106,642518,84.78560,757815
1866,EricWiener,8,0.00106,642526,84.78666,757815
1867,erilju719,8,0.00106,642534,84.78771,757815
1868,FelixOpolka,8,0.00106,642542,84.78877,757815
1869,flokde,8,0.00106,642550,84.78982,757815
1870,flyinskybtx,8,0.00106,642558,84.79088,757815
1871,francoisserra,8,0.00106,642566,84.79193,757815
1872,garrettwrong,8,0.00106,642574,84.79299,757815
1873,gero90,8,0.00106,642582,84.79405,757815
1874,gitlijian,8,0.00106,642590,84.79510,757815
1875,gli-marc-hurabielle,8,0.00106,642598,84.79616,757815
1876,gray-m,8,0.00106,642606,84.79721,757815
1877,GTimothee,8,0.00106,642614,84.79827,757815
1878,GuyStone,8,0.00106,642622,84.79932,757815
1879,guzmo,8,0.00106,642630,84.80038,757815
1880,gwisaacs2,8,0.00106,642638,84.80144,757815
1881,hahamark1,8,0.00106,642646,84.80249,757815
1882,homriidan,8,0.00106,642654,84.80355,757815
1883,Hsgngr,8,0.00106,642662,84.80460,757815
1884,ilonadem,8,0.00106,642670,84.80566,757815
1885,INF800,8,0.00106,642678,84.80671,757815
1886,inpefess,8,0.00106,642686,84.80777,757815
1887,JacksonCakes,8,0.00106,642694,84.80883,757815
1888,jakub-valenta,8,0.00106,642702,84.80988,757815
1889,JanJF,8,0.00106,642710,84.81094,757815
1890,jbpdl22,8,0.00106,642718,84.81199,757815
1891,jie8357IOII,8,0.00106,642726,84.81305,757815
1892,jmajety-dev,8,0.00106,642734,84.81410,757815
1893,jradikk,8,0.00106,642742,84.81516,757815
1894,juyunsang,8,0.00106,642750,84.81622,757815
1895,Kakadus,8,0.00106,642758,84.81727,757815
1896,keep9oing,8,0.00106,642766,84.81833,757815
1897,KiborgBBK,8,0.00106,642774,84.81938,757815
1898,kirarpit,8,0.00106,642782,84.82044,757815
1899,kolcker,8,0.00106,642790,84.82149,757815
1900,kShines,8,0.00106,642798,84.82255,757815
1901,kylegilde,8,0.00106,642806,84.82360,757815
1902,LawrenceL05,8,0.00106,642814,84.82466,757815
1903,LeMinhNhat2901,8,0.00106,642822,84.82572,757815
1904,Linniem,8,0.00106,642830,84.82677,757815
1905,linshiyx,8,0.00106,642838,84.82783,757815
1906,linyiyue,8,0.00106,642846,84.82888,757815
1907,liujp,8,0.00106,642854,84.82994,757815
1908,liuyongvs,8,0.00106,642862,84.83099,757815
1909,lizelive,8,0.00106,642870,84.83205,757815
1910,lly-zero-one,8,0.00106,642878,84.83311,757815
1911,lonsdale8734,8,0.00106,642886,84.83416,757815
1912,loveJasmine,8,0.00106,642894,84.83522,757815
1913,luzgui,8,0.00106,642902,84.83627,757815
1914,machero,8,0.00106,642910,84.83733,757815
1915,makop-atos,8,0.00106,642918,84.83838,757815
1916,matej-macak,8,0.00106,642926,84.83944,757815
1917,mathetes87,8,0.00106,642934,84.84050,757815
1918,matteobettini,8,0.00106,642942,84.84155,757815
1919,max-509,8,0.00106,642950,84.84261,757815
1920,MD-Mushfiqur123,8,0.00106,642958,84.84366,757815
1921,mineshkumar,8,0.00106,642966,84.84472,757815
1922,ming-shy,8,0.00106,642974,84.84577,757815
1923,mjlorenzo305,8,0.00106,642982,84.84683,757815
1924,monaxu1,8,0.00106,642990,84.84789,757815
1925,nasrin136,8,0.00106,642998,84.84894,757815
1926,nathon-lee,8,0.00106,643006,84.85000,757815
1927,nautilus22,8,0.00106,643014,84.85105,757815
1928,navneet066,8,0.00106,643022,84.85211,757815
1929,Neelansh-Khare,8,0.00106,643030,84.85316,757815
1930,nikunjm10,8,0.00106,643038,84.85422,757815
1931,nitadlewis,8,0.00106,643046,84.85527,757815
1932,nollied,8,0.00106,643054,84.85633,757815
1933,opadron,8,0.00106,643062,84.85739,757815
1934,oscarknagg,8,0.00106,643070,84.85844,757815
1935,oxiez,8,0.00106,643078,84.85950,757815
1936,pawelbeza,8,0.00106,643086,84.86055,757815
1937,pitoupitou,8,0.00106,643094,84.86161,757815
1938,ponner-github,8,0.00106,643102,84.86266,757815
1939,pravingadakh,8,0.00106,643110,84.86372,757815
1940,preeth1,8,0.00106,643118,84.86478,757815
1941,Quoding,8,0.00106,643126,84.86583,757815
1942,rahulpalamuttam,8,0.00106,643134,84.86689,757815
1943,ramannanda9,8,0.00106,643142,84.86794,757815
1944,Ranoobaba,8,0.00106,643150,84.86900,757815
1945,regproj,8,0.00106,643158,84.87005,757815
1946,rghelichi,8,0.00106,643166,84.87111,757815
1947,ritchie46,8,0.00106,643174,84.87217,757815
1948,robin-anyscale,8,0.00106,643182,84.87322,757815
1949,robullelk,8,0.00106,643190,84.87428,757815
1950,RoiGM,8,0.00106,643198,84.87533,757815
1951,ronaldo-valente-sgpiu,8,0.00106,643206,84.87639,757815
1952,rtatton,8,0.00106,643214,84.87744,757815
1953,rugggg,8,0.00106,643222,84.87850,757815
1954,saschwartz,8,0.00106,643230,84.87956,757815
1955,sergeivolodin,8,0.00106,643238,84.88061,757815
1956,sheganinans,8,0.00106,643246,84.88167,757815
1957,SIDDARTHAREDDY8,8,0.00106,643254,84.88272,757815
1958,signalprime,8,0.00106,643262,84.88378,757815
1959,skyler0712,8,0.00106,643270,84.88483,757815
1960,slimshreydy,8,0.00106,643278,84.88589,757815
1961,snownus,8,0.00106,643286,84.88694,757815
1962,SsnL,8,0.00106,643294,84.88800,757815
1963,stanislav-chekmenev,8,0.00106,643302,84.88906,757815
1964,talsuk5,8,0.00106,643310,84.89011,757815
1965,tdat1465,8,0.00106,643318,84.89117,757815
1966,the-sea,8,0.00106,643326,84.89222,757815
1967,thomaschn,8,0.00106,643334,84.89328,757815
1968,thomashlvt,8,0.00106,643342,84.89433,757815
1969,tianyapiaozi,8,0.00106,643350,84.89539,757815
1970,timoffex,8,0.00106,643358,84.89645,757815
1971,trilamsr,8,0.00106,643366,84.89750,757815
1972,TriNguyen1208,8,0.00106,643374,84.89856,757815
1973,trunghlt,8,0.00106,643382,84.89961,757815
1974,Uijeong97,8,0.00106,643390,84.90067,757815
1975,UTUnex,8,0.00106,643398,84.90172,757815
1976,uxth,8,0.00106,643406,84.90278,757815
1977,vectosaurus,8,0.00106,643414,84.90384,757815
1978,vinhdiesal,8,0.00106,643422,84.90489,757815
1979,vlad-333,8,0.00106,643430,84.90595,757815
1980,WaterKnight1998,8,0.00106,643438,84.90700,757815
1981,weidler,8,0.00106,643446,84.90806,757815
1982,whatbeg,8,0.00106,643454,84.90911,757815
1983,wsluma,8,0.00106,643462,84.91017,757815
1984,xyg-coder,8,0.00106,643470,84.91123,757815
1985,yanxiaod123,8,0.00106,643478,84.91228,757815
1986,yhna940,8,0.00106,643486,84.91334,757815
1987,yifeif,8,0.00106,643494,84.91439,757815
1988,Yonghui-Lee,8,0.00106,643502,84.91545,757815
1989,zonghuaxiansheng,8,0.00106,643510,84.91650,757815
1990,zrajabi,8,0.00106,643518,84.91756,757815
1991,zshuying-field-ai,8,0.00106,643526,84.91861,757815
1992,0315jaewon,7,0.00092,643533,84.91954,757815
1993,0freeday,7,0.00092,643540,84.92046,757815
1994,1Reinier,7,0.00092,643547,84.92139,757815
1995,2-5,7,0.00092,643554,84.92231,757815
1996,2ToTheNthPower,7,0.00092,643561,84.92323,757815
1997,502122559,7,0.00092,643568,84.92416,757815
1998,aavbsouza,7,0.00092,643575,84.92508,757815
1999,afzalmushtaque,7,0.00092,643582,84.92600,757815
2000,agniszczotka,7,0.00092,643589,84.92693,757815
2001,alecbrick,7,0.00092,643596,84.92785,757815
2002,alejandroarmas,7,0.00092,643603,84.92878,757815
2003,Alex-Golod,7,0.00092,643610,84.92970,757815
2004,allseeworld,7,0.00092,643617,84.93062,757815
2005,amazlz,7,0.00092,643624,84.93155,757815
2006,amirebrahimi,7,0.00092,643631,84.93247,757815
2007,ammarar,7,0.00092,643638,84.93339,757815
2008,andraxin,7,0.00092,643645,84.93432,757815
2009,andreichalapco,7,0.00092,643652,84.93524,757815
2010,andrewv99,7,0.00092,643659,84.93617,757815
2011,andrijazz,7,0.00092,643666,84.93709,757815
2012,andyolivers,7,0.00092,643673,84.93801,757815
2013,anhpham1509,7,0.00092,643680,84.93894,757815
2014,Anner-deJong,7,0.00092,643687,84.93986,757815
2015,Annmool,7,0.00092,643694,84.94078,757815
2016,arindamchoudhury,7,0.00092,643701,84.94171,757815
2017,art-dsit,7,0.00092,643708,84.94263,757815
2018,asifmustafa87,7,0.00092,643715,84.94355,757815
2019,AvihaiSam,7,0.00092,643722,84.94448,757815
2020,BabyChouSr,7,0.00092,643729,84.94540,757815
2021,BatshevaBlack,7,0.00092,643736,84.94633,757815
2022,berryjk,7,0.00092,643743,84.94725,757815
2023,billyzs,7,0.00092,643750,84.94817,757815
2024,bing1zhi2,7,0.00092,643757,84.94910,757815
2025,BrentSouza,7,0.00092,643764,84.95002,757815
2026,brorro,7,0.00092,643771,84.95094,757815
2027,brosand,7,0.00092,643778,84.95187,757815
2028,btseytlin,7,0.00092,643785,84.95279,757815
2029,cberri,7,0.00092,643792,84.95372,757815
2030,ceteri,7,0.00092,643799,84.95464,757815
2031,CharlesFarhat,7,0.00092,643806,84.95556,757815
2032,chengscott,7,0.00092,643813,84.95649,757815
2033,chhabrakadabra,7,0.00092,643820,84.95741,757815
2034,chichic21039,7,0.00092,643827,84.95833,757815
2035,chrislevn,7,0.00092,643834,84.95926,757815
2036,christian-pinto,7,0.00092,643841,84.96018,757815
2037,Chronostasys,7,0.00092,643848,84.96111,757815
2038,compressed,7,0.00092,643855,84.96203,757815
2039,ctombumila37,7,0.00092,643862,84.96295,757815
2040,CyanoKobalamyne,7,0.00092,643869,84.96388,757815
2041,Czxck001,7,0.00092,643876,84.96480,757815
2042,Darren221,7,0.00092,643883,84.96572,757815
2043,davebiagioni,7,0.00092,643890,84.96665,757815
2044,David-Wu1119,7,0.00092,643897,84.96757,757815
2045,dominikgrygiel,7,0.00092,643904,84.96849,757815
2046,dorcus01,7,0.00092,643911,84.96942,757815
2047,DrTodd13,7,0.00092,643918,84.97034,757815
2048,emjames,7,0.00092,643925,84.97127,757815
2049,erezinman,7,0.00092,643932,84.97219,757815
2050,f0rest9999,7,0.00092,643939,84.97311,757815
2051,Farquhar13,7,0.00092,643946,84.97404,757815
2052,fehrin1,7,0.00092,643953,84.97496,757815
2053,fehtemam,7,0.00092,643960,84.97588,757815
2054,fersarr,7,0.00092,643967,84.97681,757815
2055,fy222fy,7,0.00092,643974,84.97773,757815
2056,Garamda,7,0.00092,643981,84.97866,757815
2057,gdic,7,0.00092,643988,84.97958,757815
2058,Guilherme-B,7,0.00092,643995,84.98050,757815
2059,guseggert,7,0.00092,644002,84.98143,757815
2060,H4ck2,7,0.00092,644009,84.98235,757815
2061,Ha5hBr0wn,7,0.00092,644016,84.98327,757815
2062,haarisr,7,0.00092,644023,84.98420,757815
2063,haje01,7,0.00092,644030,84.98512,757815
2064,HanbumKo,7,0.00092,644037,84.98605,757815
2065,Harsh-Maheshwari,7,0.00092,644044,84.98697,757815
2066,hcch0912,7,0.00092,644051,84.98789,757815
2067,hekaisheng,7,0.00092,644058,84.98882,757815
2068,H-Park,7,0.00092,644065,84.98974,757815
2069,hsubbaraj,7,0.00092,644072,84.99066,757815
2070,hubcity,7,0.00092,644079,84.99159,757815
2071,huiyeruzhou,7,0.00092,644086,84.99251,757815
2072,iconix,7,0.00092,644093,84.99344,757815
2073,Incarnation-p-lee,7,0.00092,644100,84.99436,757815
2074,ismaillatona,7,0.00092,644107,84.99528,757815
2075,jacekplocharczyk,7,0.00092,644114,84.99621,757815
2076,jaewan,7,0.00092,644121,84.99713,757815
2077,jdavid04,7,0.00092,644128,84.99805,757815
2078,jesuspc,7,0.00092,644135,84.99898,757815
2079,jjacobj84,7,0.00092,644142,84.99990,757815
2080,joaoareis,7,0.00092,644149,85.00082,757815
2081,Jogima-cyber,7,0.00092,644156,85.00175,757815
2082,jonsjlee,7,0.00092,644163,85.00267,757815
2083,JoshBroomberg,7,0.00092,644170,85.00360,757815
2084,JourneyGo,7,0.00092,644177,85.00452,757815
2085,jpiabrantes,7,0.00092,644184,85.00544,757815
2086,kaare-mikkelsen,7,0.00092,644191,85.00637,757815
2087,karrdy89,7,0.00092,644198,85.00729,757815
2088,karriganastA,7,0.00092,644205,85.00821,757815
2089,karta1502545,7,0.00092,644212,85.00914,757815
2090,kcpevey,7,0.00092,644219,85.01006,757815
2091,Kh4L,7,0.00092,644226,85.01099,757815
2092,kimminw00,7,0.00092,644233,85.01191,757815
2093,kishansagathiya,7,0.00092,644240,85.01283,757815
2094,kocic11,7,0.00092,644247,85.01376,757815
2095,kwohlfahrt,7,0.00092,644254,85.01468,757815
2096,KyunghyunLee,7,0.00092,644261,85.01560,757815
2097,lairning,7,0.00092,644268,85.01653,757815
2098,LarsDu,7,0.00092,644275,85.01745,757815
2099,lcaquot94,7,0.00092,644282,85.01838,757815
2100,LeonLuttenberger,7,0.00092,644289,85.01930,757815
2101,lhmha,7,0.00092,644296,85.02022,757815
2102,linjohn,7,0.00092,644303,85.02115,757815
2103,linpan,7,0.00092,644310,85.02207,757815
2104,linshuxi,7,0.00092,644317,85.02299,757815
2105,Litchilitchy,7,0.00092,644324,85.02392,757815
2106,logannas,7,0.00092,644331,85.02484,757815
2107,louis-huang,7,0.00092,644338,85.02576,757815
2108,ltbringer,7,0.00092,644345,85.02669,757815
2109,LunarEngineer,7,0.00092,644352,85.02761,757815
2110,lw309637554,7,0.00092,644359,85.02854,757815
2111,malsbat,7,0.00092,644366,85.02946,757815
2112,ManuelZierl,7,0.00092,644373,85.03038,757815
2113,mariaboerner1987,7,0.00092,644380,85.03131,757815
2114,martinrebane,7,0.00092,644387,85.03223,757815
2115,martinstuder,7,0.00092,644394,85.03315,757815
2116,martisak,7,0.00092,644401,85.03408,757815
2117,matdoering,7,0.00092,644408,85.03500,757815
2118,matthewhall210,7,0.00092,644415,85.03593,757815
2119,mavroudisv,7,0.00092,644422,85.03685,757815
2120,maziarg,7,0.00092,644429,85.03777,757815
2121,mbrunecky,7,0.00092,644436,85.03870,757815
2122,mct2611,7,0.00092,644443,85.03962,757815
2123,melvinev,7,0.00092,644450,85.04054,757815
2124,merrysailor,7,0.00092,644457,85.04147,757815
2125,millerh1,7,0.00092,644464,85.04239,757815
2126,mkretsch327,7,0.00092,644471,85.04332,757815
2127,MoFHeka,7,0.00092,644478,85.04424,757815
2128,MrSVF,7,0.00092,644485,85.04516,757815
2129,mvanness354,7,0.00092,644492,85.04609,757815
2130,mvcb,7,0.00092,644499,85.04701,757815
2131,NathanTP,7,0.00092,644506,85.04793,757815
2132,NesrineGharbi77,7,0.00092,644513,85.04886,757815
2133,ninafiona,7,0.00092,644520,85.04978,757815
2134,nitingoyal0996,7,0.00092,644527,85.05070,757815
2135,npilon,7,0.00092,644534,85.05163,757815
2136,offthewall123,7,0.00092,644541,85.05255,757815
2137,omahs,7,0.00092,644548,85.05348,757815
2138,onegoldfish,7,0.00092,644555,85.05440,757815
2139,OpenCoderX,7,0.00092,644562,85.05532,757815
2140,pablete,7,0.00092,644569,85.05625,757815
2141,paramjeet2021,7,0.00092,644576,85.05717,757815
2142,parthjaggi,7,0.00092,644583,85.05809,757815
2143,PavelCz,7,0.00092,644590,85.05902,757815
2144,PawaritL,7,0.00092,644597,85.05994,757815
2145,pbillaut,7,0.00092,644604,85.06087,757815
2146,p-christ,7,0.00092,644611,85.06179,757815
2147,picnixz,7,0.00092,644618,85.06271,757815
2148,pitrou,7,0.00092,644625,85.06364,757815
2149,pqkzzz,7,0.00092,644632,85.06456,757815
2150,Prajwal2246,7,0.00092,644639,85.06548,757815
2151,PranitKatwe,7,0.00092,644646,85.06641,757815
2152,prithvi081099,7,0.00092,644653,85.06733,757815
2153,puneetsharma21,7,0.00092,644660,85.06826,757815
2154,PurpleSand123,7,0.00092,644667,85.06918,757815
2155,qmpzzpmq,7,0.00092,644674,85.07010,757815
2156,rallen10,7,0.00092,644681,85.07103,757815
2157,ramab1988,7,0.00092,644688,85.07195,757815
2158,renatobellotti,7,0.00092,644695,85.07287,757815
2159,retrry,7,0.00092,644702,85.07380,757815
2160,rmkohlman,7,0.00092,644709,85.07472,757815
2161,rskew,7,0.00092,644716,85.07565,757815
2162,rubenjacob,7,0.00092,644723,85.07657,757815
2163,Rus-P,7,0.00092,644730,85.07749,757815
2164,saffronh,7,0.00092,644737,85.07842,757815
2165,salotz,7,0.00092,644744,85.07934,757815
2166,sanjaysrikakulam,7,0.00092,644751,85.08026,757815
2167,sharkdtu,7,0.00092,644758,85.08119,757815
2168,sharpenteeth,7,0.00092,644765,85.08211,757815
2169,sheperdh,7,0.00092,644772,85.08303,757815
2170,shiranbi,7,0.00092,644779,85.08396,757815
2171,showkeyjar,7,0.00092,644786,85.08488,757815
2172,sietseromijn,7,0.00092,644793,85.08581,757815
2173,simofoti,7,0.00092,644800,85.08673,757815
2174,sindhupalakodety,7,0.00092,644807,85.08765,757815
2175,sisilmehta733,7,0.00092,644814,85.08858,757815
2176,sreereju,7,0.00092,644821,85.08950,757815
2177,ssam18,7,0.00092,644828,85.09042,757815
2178,sudhirn-anyscale,7,0.00092,644835,85.09135,757815
2179,superhaiou,7,0.00092,644842,85.09227,757815
2180,surajp92,7,0.00092,644849,85.09320,757815
2181,surfingkaka,7,0.00092,644856,85.09412,757815
2182,SyedBilalMehdi,7,0.00092,644863,85.09504,757815
2183,Tabbi7,7,0.00092,644870,85.09597,757815
2184,Takadimi,7,0.00092,644877,85.09689,757815
2185,Tarpstone,7,0.00092,644884,85.09781,757815
2186,TeoZosa,7,0.00092,644891,85.09874,757815
2187,The-obsrvr,7,0.00092,644898,85.09966,757815
2188,thj08,7,0.00092,644905,85.10059,757815
2189,timgates42,7,0.00092,644912,85.10151,757815
2190,timkpaine,7,0.00092,644919,85.10243,757815
2191,timurlenk07,7,0.00092,644926,85.10336,757815
2192,tinawu0603,7,0.00092,644933,85.10428,757815
2193,tmynn,7,0.00092,644940,85.10520,757815
2194,translearn,7,0.00092,644947,85.10613,757815
2195,tsaoyu,7,0.00092,644954,85.10705,757815
2196,tttboy123,7,0.00092,644961,85.10797,757815
2197,tvaucher,7,0.00092,644968,85.10890,757815
2198,ugurkanates,7,0.00092,644975,85.10982,757815
2199,USER-HFC,7,0.00092,644982,85.11075,757815
2200,utkarshp,7,0.00092,644989,85.11167,757815
2201,utke1,7,0.00092,644996,85.11259,757815
2202,valentasgruzauskas,7,0.00092,645003,85.11352,757815
2203,vivekmahajan,7,0.00092,645010,85.11444,757815
2204,vonHartz,7,0.00092,645017,85.11536,757815
2205,vrangaswamy,7,0.00092,645024,85.11629,757815
2206,wanc97,7,0.00092,645031,85.11721,757815
2207,will-hang,7,0.00092,645038,85.11814,757815
2208,wolfsniper2388,7,0.00092,645045,85.11906,757815
2209,wpwpxpxp,7,0.00092,645052,85.11998,757815
2210,WtyFile,7,0.00092,645059,85.12091,757815
2211,yangpeiren,7,0.00092,645066,85.12183,757815
2212,YanLQQQ,7,0.00092,645073,85.12275,757815
2213,YannByron,7,0.00092,645080,85.12368,757815
2214,yiwangdr,7,0.00092,645087,85.12460,757815
2215,young-chao,7,0.00092,645094,85.12553,757815
2216,Yuanzhuo-Liu,7,0.00092,645101,85.12645,757815
2217,yuanzhuoyang1-bit,7,0.00092,645108,85.12737,757815
2218,yushan111,7,0.00092,645115,85.12830,757815
2219,zhanluxianshen,7,0.00092,645122,85.12922,757815
2220,aaarne,6,0.00079,645128,85.13001,757815
2221,aaron-nguyen,6,0.00079,645134,85.13080,757815
2222,abhishekchopde,6,0.00079,645140,85.13160,757815
2223,aclyde11,6,0.00079,645146,85.13239,757815
2224,adadelta,6,0.00079,645152,85.13318,757815
2225,adiospeds,6,0.00079,645158,85.13397,757815
2226,afennelly-mitre,6,0.00079,645164,85.13476,757815
2227,ahallermed,6,0.00079,645170,85.13555,757815
2228,AlexanderLavelle,6,0.00079,645176,85.13635,757815
2229,alexcoca,6,0.00079,645182,85.13714,757815
2230,AlexPoone,6,0.00079,645188,85.13793,757815
2231,alexzhou907,6,0.00079,645194,85.13872,757815
2232,AliceHZhu,6,0.00079,645200,85.13951,757815
2233,alvitawa,6,0.00079,645206,85.14030,757815
2234,americanthinker,6,0.00079,645212,85.14110,757815
2235,amorinConnor,6,0.00079,645218,85.14189,757815
2236,AmrMKayid,6,0.00079,645224,85.14268,757815
2237,angryturtlebro,6,0.00079,645230,85.14347,757815
2238,Antymon,6,0.00079,645236,85.14426,757815
2239,apmorton,6,0.00079,645242,85.14506,757815
2240,araffin,6,0.00079,645248,85.14585,757815
2241,aretor,6,0.00079,645254,85.14664,757815
2242,Arthur-Null,6,0.00079,645260,85.14743,757815
2243,Athe-kunal,6,0.00079,645266,85.14822,757815
2244,atskajita,6,0.00079,645272,85.14901,757815
2245,augray,6,0.00079,645278,85.14981,757815
2246,autolisis,6,0.00079,645284,85.15060,757815
2247,a-zhenya,6,0.00079,645290,85.15139,757815
2248,azzeddineCH,6,0.00079,645296,85.15218,757815
2249,bderose,6,0.00079,645302,85.15297,757815
2250,bdod6,6,0.00079,645308,85.15376,757815
2251,beasteers,6,0.00079,645314,85.15456,757815
2252,bhairavmehta95,6,0.00079,645320,85.15535,757815
2253,biello,6,0.00079,645326,85.15614,757815
2254,bkpcoding,6,0.00079,645332,85.15693,757815
2255,blueplastic,6,0.00079,645338,85.15772,757815
2256,bnorick,6,0.00079,645344,85.15851,757815
2257,calvinwy,6,0.00079,645350,85.15931,757815
2258,caosfourn,6,0.00079,645356,85.16010,757815
2259,CarlyWhiteman6,6,0.00079,645362,85.16089,757815
2260,ChangyuWang,6,0.00079,645368,85.16168,757815
2261,chanshing,6,0.00079,645374,85.16247,757815
2262,charlesreid1,6,0.00079,645380,85.16327,757815
2263,chenkovsky,6,0.00079,645386,85.16406,757815
2264,chungen04,6,0.00079,645392,85.16485,757815
2265,cloudhan,6,0.00079,645398,85.16564,757815
2266,cola-nicolas,6,0.00079,645404,85.16643,757815
2267,ColdFrenzy,6,0.00079,645410,85.16722,757815
2268,coltwood93,6,0.00079,645416,85.16802,757815
2269,cpn,6,0.00079,645422,85.16881,757815
2270,CraigMeng,6,0.00079,645428,85.16960,757815
2271,crbellis,6,0.00079,645434,85.17039,757815
2272,cread,6,0.00079,645440,85.17118,757815
2273,csy1204,6,0.00079,645446,85.17197,757815
2274,cyk1337,6,0.00079,645452,85.17277,757815
2275,dalaoqi,6,0.00079,645458,85.17356,757815
2276,danc,6,0.00079,645464,85.17435,757815
2277,danuo,6,0.00079,645470,85.17514,757815
2278,darshil929,6,0.00079,645476,85.17593,757815
2279,darwinharianto,6,0.00079,645482,85.17673,757815
2280,daviddavo,6,0.00079,645488,85.17752,757815
2281,dcfidalgo,6,0.00079,645494,85.17831,757815
2282,ddworak94,6,0.00079,645500,85.17910,757815
2283,deanzxl,6,0.00079,645506,85.17989,757815
2284,deepaksharma36,6,0.00079,645512,85.18068,757815
2285,DeepakVellampalli,6,0.00079,645518,85.18148,757815
2286,demattia,6,0.00079,645524,85.18227,757815
2287,dennismalmgren,6,0.00079,645530,85.18306,757815
2288,DevJake,6,0.00079,645536,85.18385,757815
2289,drblallo,6,0.00079,645542,85.18464,757815
2290,dreamrace,6,0.00079,645548,85.18543,757815
2291,ebilgin,6,0.00079,645554,85.18623,757815
2292,EddieGao98,6,0.00079,645560,85.18702,757815
2293,ehknight,6,0.00079,645566,85.18781,757815
2294,endrebak,6,0.00079,645572,85.18860,757815
2295,EricSteinberger,6,0.00079,645578,85.18939,757815
2296,Ericxgao,6,0.00079,645584,85.19018,757815
2297,ernest2015,6,0.00079,645590,85.19098,757815
2298,EscapeReality846089495,6,0.00079,645596,85.19177,757815
2299,ethanvillalovoz,6,0.00079,645602,85.19256,757815
2300,Euraxluo,6,0.00079,645608,85.19335,757815
2301,eureka928,6,0.00079,645614,85.19414,757815
2302,evanrittenhouse,6,0.00079,645620,85.19494,757815
2303,eviltomato,6,0.00079,645626,85.19573,757815
2304,EyalSel,6,0.00079,645632,85.19652,757815
2305,facaiy,6,0.00079,645638,85.19731,757815
2306,falsemail,6,0.00079,645644,85.19810,757815
2307,febert,6,0.00079,645650,85.19889,757815
2308,firebolt55439,6,0.00079,645656,85.19969,757815
2309,flyingImer,6,0.00079,645662,85.20048,757815
2310,ForwardXu,6,0.00079,645668,85.20127,757815
2311,frascuchon,6,0.00079,645674,85.20206,757815
2312,free-soellingeraj,6,0.00079,645680,85.20285,757815
2313,fwensen,6,0.00079,645686,85.20364,757815
2314,gariepyalex,6,0.00079,645692,85.20444,757815
2315,gellanyhassan0,6,0.00079,645698,85.20523,757815
2316,geoffreylgv,6,0.00079,645704,85.20602,757815
2317,georgeholt1,6,0.00079,645710,85.20681,757815
2318,gravitywp,6,0.00079,645716,85.20760,757815
2319,Hailey-Liu,6,0.00079,645722,85.20840,757815
2320,Hamptonjc,6,0.00079,645728,85.20919,757815
2321,happyxhw,6,0.00079,645734,85.20998,757815
2322,HarshAgarwal11,6,0.00079,645740,85.21077,757815
2323,HCMUS-QTy,6,0.00079,645746,85.21156,757815
2324,hecong97,6,0.00079,645752,85.21235,757815
2325,heurainbow,6,0.00079,645758,85.21315,757815
2326,hezhaozhao-git,6,0.00079,645764,85.21394,757815
2327,hiddentn,6,0.00079,645770,85.21473,757815
2328,HuyTran28,6,0.00079,645776,85.21552,757815
2329,HyunohYeo,6,0.00079,645782,85.21631,757815
2330,IceKhan13,6,0.00079,645788,85.21710,757815
2331,ilyakochik,6,0.00079,645794,85.21790,757815
2332,iojw,6,0.00079,645800,85.21869,757815
2333,jack2nb,6,0.00079,645806,85.21948,757815
2334,JackGammack,6,0.00079,645812,85.22027,757815
2335,jacobdanovitch,6,0.00079,645818,85.22106,757815
2336,jac-z-uk,6,0.00079,645824,85.22185,757815
2337,jakac,6,0.00079,645830,85.22265,757815
2338,jakubMitura14,6,0.00079,645836,85.22344,757815
2339,jamesliu,6,0.00079,645842,85.22423,757815
2340,jamm1985,6,0.00079,645848,85.22502,757815
2341,JasonZhu1313,6,0.00079,645854,85.22581,757815
2342,jd-mkrn,6,0.00079,645860,85.22661,757815
2343,jfaust-fy,6,0.00079,645866,85.22740,757815
2344,Jimmy-0,6,0.00079,645872,85.22819,757815
2345,Johannes-Lange,6,0.00079,645878,85.22898,757815
2346,jonas27,6,0.00079,645884,85.22977,757815
2347,Jonathan-Livingston-Seagull,6,0.00079,645890,85.23056,757815
2348,jreiml,6,0.00079,645896,85.23136,757815
2349,JustasB,6,0.00079,645902,85.23215,757815
2350,juulie,6,0.00079,645908,85.23294,757815
2351,kahlun,6,0.00079,645914,85.23373,757815
2352,kakakflo22thy,6,0.00079,645920,85.23452,757815
2353,kalyanamdewri,6,0.00079,645926,85.23531,757815
2354,kangsan0420,6,0.00079,645932,85.23611,757815
2355,kepricon,6,0.00079,645938,85.23690,757815
2356,keyboardAnt,6,0.00079,645944,85.23769,757815
2357,khushali9,6,0.00079,645950,85.23848,757815
2358,kjoth,6,0.00079,645956,85.23927,757815
2359,knsong,6,0.00079,645962,85.24007,757815
2360,konstantinmiller,6,0.00079,645968,85.24086,757815
2361,kumar-pankaj0,6,0.00079,645974,85.24165,757815
2362,kwx4957,6,0.00079,645980,85.24244,757815
2363,kyle-chen-uber,6,0.00079,645986,85.24323,757815
2364,lazyaa,6,0.00079,645992,85.24402,757815
2365,leimao,6,0.00079,645998,85.24482,757815
2366,lenassero,6,0.00079,646004,85.24561,757815
2367,leomem,6,0.00079,646010,85.24640,757815
2368,leon-g-xu,6,0.00079,646016,85.24719,757815
2369,LeonxLJX,6,0.00079,646022,85.24798,757815
2370,leopardracer,6,0.00079,646028,85.24877,757815
2371,letaoj,6,0.00079,646034,85.24957,757815
2372,leviathan12345695,6,0.00079,646040,85.25036,757815
2373,lionsheep0724,6,0.00079,646046,85.25115,757815
2374,liqiangsz,6,0.00079,646052,85.25194,757815
2375,lixd,6,0.00079,646058,85.25273,757815
2376,ljendele,6,0.00079,646064,85.25352,757815
2377,logical-misha,6,0.00079,646070,85.25432,757815
2378,loicmagne,6,0.00079,646076,85.25511,757815
2379,lo-zed,6,0.00079,646082,85.25590,757815
2380,lunasdejavu,6,0.00079,646088,85.25669,757815
2381,luyuhengCN,6,0.00079,646094,85.25748,757815
2382,mahuangxu,6,0.00079,646100,85.25828,757815
2383,mariesosa,6,0.00079,646106,85.25907,757815
2384,marin-ma,6,0.00079,646112,85.25986,757815
2385,marsupialtail,6,0.00079,646118,85.26065,757815
2386,mataney,6,0.00079,646124,85.26144,757815
2387,maxliuofficial,6,0.00079,646130,85.26223,757815
2388,MengqingCao,6,0.00079,646136,85.26303,757815
2389,meprem,6,0.00079,646142,85.26382,757815
2390,michaelitvin,6,0.00079,646148,85.26461,757815
2391,michaeltu1,6,0.00079,646154,85.26540,757815
2392,MischaPanch,6,0.00079,646160,85.26619,757815
2393,MislavSag,6,0.00079,646166,85.26698,757815
2394,mjshare,6,0.00079,646172,85.26778,757815
2395,mohitranawat,6,0.00079,646178,85.26857,757815
2396,mpgussert,6,0.00079,646184,85.26936,757815
2397,MQQ,6,0.00079,646190,85.27015,757815
2398,mrksr,6,0.00079,646196,85.27094,757815
2399,mr-mcox,6,0.00079,646202,85.27174,757815
2400,mtcrawshaw,6,0.00079,646208,85.27253,757815
2401,mzjp2,6,0.00079,646214,85.27332,757815
2402,ncoish,6,0.00079,646220,85.27411,757815
2403,Nibbetts,6,0.00079,646226,85.27490,757815
2404,nickjm,6,0.00079,646232,85.27569,757815
2405,nikitagrover19,6,0.00079,646238,85.27649,757815
2406,noahgolmant,6,0.00079,646244,85.27728,757815
2407,nrudakov,6,0.00079,646250,85.27807,757815
2408,o0olele,6,0.00079,646256,85.27886,757815
2409,onlyone2019,6,0.00079,646262,85.27965,757815
2410,oscartackstrom,6,0.00079,646268,85.28044,757815
2411,pandemosth,6,0.00079,646274,85.28124,757815
2412,panye,6,0.00079,646280,85.28203,757815
2413,pedestrianlove,6,0.00079,646286,85.28282,757815
2414,phixxx5,6,0.00079,646292,85.28361,757815
2415,phosseini,6,0.00079,646298,85.28440,757815
2416,pradeep-anyscale,6,0.00079,646304,85.28519,757815
2417,ProjitB,6,0.00079,646310,85.28599,757815
2418,PurvangL,6,0.00079,646316,85.28678,757815
2419,qizzzh,6,0.00079,646322,85.28757,757815
2420,qyccc,6,0.00079,646328,85.28836,757815
2421,RaffaGonzo,6,0.00079,646334,85.28915,757815
2422,rehan243,6,0.00079,646340,85.28995,757815
2423,RitaKaniska,6,0.00079,646346,85.29074,757815
2424,robbertvc,6,0.00079,646352,85.29153,757815
2425,Roffmkkkd,6,0.00079,646358,85.29232,757815
2426,Rusteam,6,0.00079,646364,85.29311,757815
2427,RylanSchaeffer,6,0.00079,646370,85.29390,757815
2428,saeid93,6,0.00079,646376,85.29470,757815
2429,sahilgupta2105,6,0.00079,646382,85.29549,757815
2430,saivedant169,6,0.00079,646388,85.29628,757815
2431,Sakku4590,6,0.00079,646394,85.29707,757815
2432,samarth-b,6,0.00079,646400,85.29786,757815
2433,sandratatarevicova,6,0.00079,646406,85.29865,757815
2434,saurabh3949,6,0.00079,646412,85.29945,757815
2435,schukerzheng,6,0.00079,646418,85.30024,757815
2436,sh2022515,6,0.00079,646424,85.30103,757815
2437,sheecegardezi,6,0.00079,646430,85.30182,757815
2438,SheldonCurtiss,6,0.00079,646436,85.30261,757815
2439,shonaka,6,0.00079,646442,85.30341,757815
2440,shuiqingliu,6,0.00079,646448,85.30420,757815
2441,siekmanj,6,0.00079,646454,85.30499,757815
2442,SiRumCz,6,0.00079,646460,85.30578,757815
2443,sivarajendranaidu,6,0.00079,646466,85.30657,757815
2444,skabbit,6,0.00079,646472,85.30736,757815
2445,smellslikeml,6,0.00079,646478,85.30816,757815
2446,snailrowen1337,6,0.00079,646484,85.30895,757815
2447,sophie0730,6,0.00079,646490,85.30974,757815
2448,SpikingNeurons,6,0.00079,646496,85.31053,757815
2449,sridharbalachandriah,6,0.00079,646502,85.31132,757815
2450,srimantacse,6,0.00079,646508,85.31211,757815
2451,sronen1,6,0.00079,646514,85.31291,757815
2452,steveepreston,6,0.00079,646520,85.31370,757815
2453,stfp,6,0.00079,646526,85.31449,757815
2454,stwerner97,6,0.00079,646532,85.31528,757815
2455,SumNeuron,6,0.00079,646538,85.31607,757815
2456,suprmat95,6,0.00079,646544,85.31686,757815
2457,tarungog,6,0.00079,646550,85.31766,757815
2458,thakkarparth007,6,0.00079,646556,85.31845,757815
2459,TheDohn,6,0.00079,646562,85.31924,757815
2460,thomasjpfan,6,0.00079,646568,85.32003,757815
2461,thuijskens,6,0.00079,646574,85.32082,757815
2462,thusoy,6,0.00079,646580,85.32162,757815
2463,tianheyu927,6,0.00079,646586,85.32241,757815
2464,tianyicui-tsy,6,0.00079,646592,85.32320,757815
2465,tk42,6,0.00079,646598,85.32399,757815
2466,tnixon,6,0.00079,646604,85.32478,757815
2467,toby-coleman,6,0.00079,646610,85.32557,757815
2468,Toshaksha,6,0.00079,646616,85.32637,757815
2469,Totoketchup,6,0.00079,646622,85.32716,757815
2470,tqKhanh1712,6,0.00079,646628,85.32795,757815
2471,TracebaK,6,0.00079,646634,85.32874,757815
2472,tuxa,6,0.00079,646640,85.32953,757815
2473,tvildo,6,0.00079,646646,85.33032,757815
2474,unixpickle,6,0.00079,646652,85.33112,757815
2475,uvikas,6,0.00079,646658,85.33191,757815
2476,vaibhavsingh007,6,0.00079,646664,85.33270,757815
2477,vale981,6,0.00079,646670,85.33349,757815
2478,vaxenburg,6,0.00079,646676,85.33428,757815
2479,vish0910,6,0.00079,646682,85.33508,757815
2480,vivecalindahl,6,0.00079,646688,85.33587,757815
2481,vladosby,6,0.00079,646694,85.33666,757815
2482,wangshuo1994,6,0.00079,646700,85.33745,757815
2483,WinsonSou,6,0.00079,646706,85.33824,757815
2484,woosangbum,6,0.00079,646712,85.33903,757815
2485,wxy117,6,0.00079,646718,85.33983,757815
2486,wzWang1991,6,0.00079,646724,85.34062,757815
2487,xeniyandkn,6,0.00079,646730,85.34141,757815
2488,xeray,6,0.00079,646736,85.34220,757815
2489,xhy15025776151-ops,6,0.00079,646742,85.34299,757815
2490,yangw1234,6,0.00079,646748,85.34378,757815
2491,yskim5892,6,0.00079,646754,85.34458,757815
2492,yukiego,6,0.00079,646760,85.34537,757815
2493,Yunnglin,6,0.00079,646766,85.34616,757815
2494,yurirocha15,6,0.00079,646772,85.34695,757815
2495,yutao-li,6,0.00079,646778,85.34774,757815
2496,yyyuhan,6,0.00079,646784,85.34853,757815
2497,zacps,6,0.00079,646790,85.34933,757815
2498,zakajd,6,0.00079,646796,85.35012,757815
2499,ze897c,6,0.00079,646802,85.35091,757815
2500,zhangjian94cn,6,0.00079,646808,85.35170,757815
2501,zhangyang0418,6,0.00079,646814,85.35249,757815
2502,ZhangYuef,6,0.00079,646820,85.35329,757815
2503,ZhongxiaYan,6,0.00079,646826,85.35408,757815
2504,zygi,6,0.00079,646832,85.35487,757815
2505,1059692261,5,0.00066,646837,85.35553,757815
2506,2uchan,5,0.00066,646842,85.35619,757815
2507,513090336,5,0.00066,646847,85.35685,757815
2508,850552586,5,0.00066,646852,85.35751,757815
2509,9876543210-tc-0123456789,5,0.00066,646857,85.35817,757815
2510,aaronabebe,5,0.00066,646862,85.35883,757815
2511,aaronhmiller,5,0.00066,646867,85.35949,757815
2512,Aarya2004,5,0.00066,646872,85.36015,757815
2513,acowlikeobject,5,0.00066,646877,85.36081,757815
2514,AcWd,5,0.00066,646882,85.36147,757815
2515,aditya-786,5,0.00066,646887,85.36213,757815
2516,AdityaGudimella,5,0.00066,646892,85.36279,757815
2517,Adrelf,5,0.00066,646897,85.36345,757815
2518,aidendle94,5,0.00066,646902,85.36411,757815
2519,ai-mountain,5,0.00066,646907,85.36477,757815
2520,akavalar,5,0.00066,646912,85.36543,757815
2521,Akshajy6,5,0.00066,646917,85.36609,757815
2522,albertbou92,5,0.00066,646922,85.36675,757815
2523,albertcruzeyork,5,0.00066,646927,85.36740,757815
2524,alberttorosyan,5,0.00066,646932,85.36806,757815
2525,AlessandroPomponio,5,0.00066,646937,85.36872,757815
2526,alex870340047,5,0.00066,646942,85.36938,757815
2527,alexanderkell,5,0.00066,646947,85.37004,757815
2528,alexpalms,5,0.00066,646952,85.37070,757815
2529,ali3assi,5,0.00066,646957,85.37136,757815
2530,alirezanobakht13,5,0.00066,646962,85.37202,757815
2531,AlizargarDeu,5,0.00066,646967,85.37268,757815
2532,allendang001,5,0.00066,646972,85.37334,757815
2533,aloysius-lim,5,0.00066,646977,85.37400,757815
2534,AmirBFar,5,0.00066,646982,85.37466,757815
2535,amitmeel,5,0.00066,646987,85.37532,757815
2536,AmmarRashed,5,0.00066,646992,85.37598,757815
2537,andenrx,5,0.00066,646997,85.37664,757815
2538,anguyenbus,5,0.00066,647002,85.37730,757815
2539,anhnht3,5,0.00066,647007,85.37796,757815
2540,aravind-anantha,5,0.00066,647012,85.37862,757815
2541,arcsun,5,0.00066,647017,85.37928,757815
2542,aRI0U,5,0.00066,647022,85.37994,757815
2543,Ariyaman,5,0.00066,647027,85.38060,757815
2544,Arjunsankarlal,5,0.00066,647032,85.38126,757815
2545,arndt-k,5,0.00066,647037,85.38192,757815
2546,arpieb,5,0.00066,647042,85.38258,757815
2547,arshad171,5,0.00066,647047,85.38324,757815
2548,ashutosh18011-coder,5,0.00066,647052,85.38390,757815
2549,ashutosh1906,5,0.00066,647057,85.38456,757815
2550,ashutoshs25,5,0.00066,647062,85.38522,757815
2551,askainet,5,0.00066,647067,85.38588,757815
2552,asylin2018,5,0.00066,647072,85.38654,757815
2553,audreyccheng,5,0.00066,647077,85.38720,757815
2554,AugustoPeres,5,0.00066,647082,85.38786,757815
2555,AurelianTactics,5,0.00066,647087,85.38852,757815
2556,avibasnet31,5,0.00066,647092,85.38918,757815
2557,awaelchli,5,0.00066,647097,85.38984,757815
2558,awagmanno,5,0.00066,647102,85.39050,757815
2559,BilalKacel,5,0.00066,647107,85.39116,757815
2560,bitosky,5,0.00066,647112,85.39182,757815
2561,bj-son,5,0.00066,647117,85.39248,757815
2562,Bobbins228,5,0.00066,647122,85.39314,757815
2563,bobingm,5,0.00066,647127,85.39380,757815
2564,bohniti,5,0.00066,647132,85.39446,757815
2565,b-phi,5,0.00066,647137,85.39512,757815
2566,BrandonEscamilla,5,0.00066,647142,85.39578,757815
2567,btjanaka,5,0.00066,647147,85.39644,757815
2568,cadedillon,5,0.00066,647152,85.39710,757815
2569,caesar025,5,0.00066,647157,85.39776,757815
2570,CalOmnie,5,0.00066,647162,85.39842,757815
2571,Cathy0908,5,0.00066,647167,85.39907,757815
2572,cbalaf,5,0.00066,647172,85.39973,757815
2573,cbiehl,5,0.00066,647177,85.40039,757815
2574,CesMak,5,0.00066,647182,85.40105,757815
2575,cexen,5,0.00066,647187,85.40171,757815
2576,chen0427ok,5,0.00066,647192,85.40237,757815
2577,chmeyers,5,0.00066,647197,85.40303,757815
2578,chrisk314,5,0.00066,647202,85.40369,757815
2579,ChrisMcCarthyDev,5,0.00066,647207,85.40435,757815
2580,cjf1024,5,0.00066,647212,85.40501,757815
2581,cruyffturn,5,0.00066,647217,85.40567,757815
2582,Cryptiex,5,0.00066,647222,85.40633,757815
2583,crystalww,5,0.00066,647227,85.40699,757815
2584,cyber-pioneer,5,0.00066,647232,85.40765,757815
2585,cynddl,5,0.00066,647237,85.40831,757815
2586,cyoon1729,5,0.00066,647242,85.40897,757815
2587,DACUS1995,5,0.00066,647247,85.40963,757815
2588,danishshaikh556,5,0.00066,647252,85.41029,757815
2589,DarcyOly,5,0.00066,647257,85.41095,757815
2590,Darkdragon84,5,0.00066,647262,85.41161,757815
2591,DarrellDai,5,0.00066,647267,85.41227,757815
2592,davidADSP,5,0.00066,647272,85.41293,757815
2593,davidcotton,5,0.00066,647277,85.41359,757815
2594,davidxiaozhi,5,0.00066,647282,85.41425,757815
2595,dayeol,5,0.00066,647287,85.41491,757815
2596,dbieber,5,0.00066,647292,85.41557,757815
2597,defuyun,5,0.00066,647297,85.41623,757815
2598,dementrock,5,0.00066,647302,85.41689,757815
2599,Derposoft,5,0.00066,647307,85.41755,757815
2600,desmondcheongzx,5,0.00066,647312,85.41821,757815
2601,destin-v,5,0.00066,647317,85.41887,757815
2602,diman82,5,0.00066,647322,85.41953,757815
2603,divyankgarg,5,0.00066,647327,85.42019,757815
2604,dpad,5,0.00066,647332,85.42085,757815
2605,dragonhyq,5,0.00066,647337,85.42151,757815
2606,drivenow,5,0.00066,647342,85.42217,757815
2607,dsantiago,5,0.00066,647347,85.42283,757815
2608,dudeperf3ct,5,0.00066,647352,85.42349,757815
2609,dujl,5,0.00066,647357,85.42415,757815
2610,DuoblaK,5,0.00066,647362,85.42481,757815
2611,dvanbrug,5,0.00066,647367,85.42547,757815
2612,Echo0117,5,0.00066,647372,85.42613,757815
2613,eduardohenriquearnold,5,0.00066,647377,85.42679,757815
2614,emma034186-stack,5,0.00066,647382,85.42745,757815
2615,endremborza,5,0.00066,647387,85.42811,757815
2616,EnricoMi,5,0.00066,647392,85.42877,757815
2617,epall,5,0.00066,647397,85.42943,757815
2618,EricavanderSar,5,0.00066,647402,85.43009,757815
2619,EricLeFort,5,0.00066,647407,85.43074,757815
2620,EricSpeidel,5,0.00066,647412,85.43140,757815
2621,ericzhao28,5,0.00066,647417,85.43206,757815
2622,ermekaitygulov,5,0.00066,647422,85.43272,757815
2623,erowan,5,0.00066,647427,85.43338,757815
2624,fedassembly,5,0.00066,647432,85.43404,757815
2625,fiorenza2,5,0.00066,647437,85.43470,757815
2626,Flink-ddd,5,0.00066,647442,85.43536,757815
2627,flowersw,5,0.00066,647447,85.43602,757815
2628,fogerd,5,0.00066,647452,85.43668,757815
2629,frazz24,5,0.00066,647457,85.43734,757815
2630,fredrikbissmarckatfoise,5,0.00066,647462,85.43800,757815
2631,fuhuifang,5,0.00066,647467,85.43866,757815
2632,gabiguetta,5,0.00066,647472,85.43932,757815
2633,gabriel-andersson,5,0.00066,647477,85.43998,757815
2634,geoHeil,5,0.00066,647482,85.44064,757815
2635,getorca,5,0.00066,647487,85.44130,757815
2636,ghostFaceKillah,5,0.00066,647492,85.44196,757815
2637,gilv,5,0.00066,647497,85.44262,757815
2638,gimzmoe,5,0.00066,647502,85.44328,757815
2639,githuberj,5,0.00066,647507,85.44394,757815
2640,giulatona,5,0.00066,647512,85.44460,757815
2641,gndctrl2mjrtm,5,0.00066,647517,85.44526,757815
2642,GodlyDonuts,5,0.00066,647522,85.44592,757815
2643,gokhanceyhan,5,0.00066,647527,85.44658,757815
2644,Gongzq5,5,0.00066,647532,85.44724,757815
2645,goulou,5,0.00066,647537,85.44790,757815
2646,gregSchwartz18,5,0.00066,647542,85.44856,757815
2647,grypesc,5,0.00066,647547,85.44922,757815
2648,guizhiyi,5,0.00066,647552,85.44988,757815
2649,guoqiao,5,0.00066,647557,85.45054,757815
2650,HacksForHugs,5,0.00066,647562,85.45120,757815
2651,hamdi-jenzri,5,0.00066,647567,85.45186,757815
2652,hammad26,5,0.00066,647572,85.45252,757815
2653,hannahcoles,5,0.00066,647577,85.45318,757815
2654,harrisonfeng,5,0.00066,647582,85.45384,757815
2655,Hatuw,5,0.00066,647587,85.45450,757815
2656,heavyinfo,5,0.00066,647592,85.45516,757815
2657,hegraphhopper,5,0.00066,647597,85.45582,757815
2658,Helion-z,5,0.00066,647602,85.45648,757815
2659,himkt,5,0.00066,647607,85.45714,757815
2660,hobin2017,5,0.00066,647612,85.45780,757815
2661,hogeheer499-commits,5,0.00066,647617,85.45846,757815
2662,holinov,5,0.00066,647622,85.45912,757815
2663,hugwi,5,0.00066,647627,85.45978,757815
2664,huleilei,5,0.00066,647632,85.46044,757815
2665,I3lacx,5,0.00066,647637,85.46110,757815
2666,ilan-seebo,5,0.00066,647642,85.46176,757815
2667,IngmarVG-IB,5,0.00066,647647,85.46241,757815
2668,internet-dot,5,0.00066,647652,85.46307,757815
2669,ipsec,5,0.00066,647657,85.46373,757815
2670,jackbart94,5,0.00066,647662,85.46439,757815
2671,Jacobzhangjw,5,0.00066,647667,85.46505,757815
2672,JadenFiotto-Kaufman,5,0.00066,647672,85.46571,757815
2673,jagoosw,5,0.00066,647677,85.46637,757815
2674,jakemdaly,5,0.00066,647682,85.46703,757815
2675,jake-ogle,5,0.00066,647687,85.46769,757815
2676,JakeSummers,5,0.00066,647692,85.46835,757815
2677,JakkuSakura,5,0.00066,647697,85.46901,757815
2678,jamesmishra,5,0.00066,647702,85.46967,757815
2679,JarnoRFB,5,0.00066,647707,85.47033,757815
2680,jashwanth-reddy-g,5,0.00066,647712,85.47099,757815
2681,JasonZhao2,5,0.00066,647717,85.47165,757815
2682,jddqd,5,0.00066,647722,85.47231,757815
2683,jdwillard19,5,0.00066,647727,85.47297,757815
2684,jerry-pca,5,0.00066,647732,85.47363,757815
2685,jiahao-shen,5,0.00066,647737,85.47429,757815
2686,jirkafajfr,5,0.00066,647742,85.47495,757815
2687,jj22ee,5,0.00066,647747,85.47561,757815
2688,jkerfs,5,0.00066,647752,85.47627,757815
2689,JohnEmhoff,5,0.00066,647757,85.47693,757815
2690,Jokasa7,5,0.00066,647762,85.47759,757815
2691,jonalee99,5,0.00066,647767,85.47825,757815
2692,JoonHong-Kim,5,0.00066,647772,85.47891,757815
2693,jordiae,5,0.00066,647777,85.47957,757815
2694,JosephRRB,5,0.00066,647782,85.48023,757815
2695,josepNTU,5,0.00066,647787,85.48089,757815
2696,JoshTanke,5,0.00066,647792,85.48155,757815
2697,jredondopizarro,5,0.00066,647797,85.48221,757815
2698,jsanjay63,5,0.00066,647802,85.48287,757815
2699,J-S-Robinson,5,0.00066,647807,85.48353,757815
2700,j-tr,5,0.00066,647812,85.48419,757815
2701,juexingyezuile,5,0.00066,647817,85.48485,757815
2702,julianstastny,5,0.00066,647822,85.48551,757815
2703,KarlXing,5,0.00066,647827,85.48617,757815
2704,kaushik143,5,0.00066,647832,85.48683,757815
2705,kentropy,5,0.00066,647837,85.48749,757815
2706,Kepnu4,5,0.00066,647842,85.48815,757815
2707,kevinzakka,5,0.00066,647847,85.48881,757815
2708,kimngoc280105,5,0.00066,647852,85.48947,757815
2709,kishansairam9,5,0.00066,647857,85.49013,757815
2710,klausk55,5,0.00066,647862,85.49079,757815
2711,klekkala,5,0.00066,647867,85.49145,757815
2712,koenlek,5,0.00066,647872,85.49211,757815
2713,kostrykin,5,0.00066,647877,85.49277,757815
2714,kousun12,5,0.00066,647882,85.49343,757815
2715,kovalevvlad,5,0.00066,647887,85.49408,757815
2716,Kropiunig,5,0.00066,647892,85.49474,757815
2717,kshitizj03,5,0.00066,647897,85.49540,757815
2718,kshivvy,5,0.00066,647902,85.49606,757815
2719,kyang922,5,0.00066,647907,85.49672,757815
2720,kyoungseoun-chung,5,0.00066,647912,85.49738,757815
2721,larroy,5,0.00066,647917,85.49804,757815
2722,Legend94rz,5,0.00066,647922,85.49870,757815
2723,LeonardoRosati,5,0.00066,647927,85.49936,757815
2724,LeThienTrong,5,0.00066,647932,85.50002,757815
2725,leviska,5,0.00066,647937,85.50068,757815
2726,limarkdcunha-2,5,0.00066,647942,85.50134,757815
2727,LiRunGuo,5,0.00066,647947,85.50200,757815
2728,lisadunlap,5,0.00066,647952,85.50266,757815
2729,LiuGuH,5,0.00066,647957,85.50332,757815
2730,llooFlashooll,5,0.00066,647962,85.50398,757815
2731,longyuzhao,5,0.00066,647967,85.50464,757815
2732,lsc64,5,0.00066,647972,85.50530,757815
2733,lsylusiyao,5,0.00066,647977,85.50596,757815
2734,lukaskiss222,5,0.00066,647982,85.50662,757815
2735,lundybernard,5,0.00066,647987,85.50728,757815
2736,luweichao,5,0.00066,647992,85.50794,757815
2737,m3t4n01a,5,0.00066,647997,85.50860,757815
2738,MagMueller,5,0.00066,648002,85.50926,757815
2739,manner,5,0.00066,648007,85.50992,757815
2740,mantasu,5,0.00066,648012,85.51058,757815
2741,MaoZiming,5,0.00066,648017,85.51124,757815
2742,MarcoAlejandro,5,0.00066,648022,85.51190,757815
2743,marho13,5,0.00066,648027,85.51256,757815
2744,marijncv,5,0.00066,648032,85.51322,757815
2745,markqiu,5,0.00066,648037,85.51388,757815
2746,martalist,5,0.00066,648042,85.51454,757815
2747,martinezdavid12,5,0.00066,648047,85.51520,757815
2748,martsalz,5,0.00066,648052,85.51586,757815
2749,matthewfranglen,5,0.00066,648057,85.51652,757815
2750,maxCodeVector,5,0.00066,648062,85.51718,757815
2751,maxim28,5,0.00066,648067,85.51784,757815
2752,MaximeBouton,5,0.00066,648072,85.51850,757815
2753,Mazyod,5,0.00066,648077,85.51916,757815
2754,mc-allen,5,0.00066,648082,85.51982,757815
2755,mccarthyryanc,5,0.00066,648087,85.52048,757815
2756,mechanyx,5,0.00066,648092,85.52114,757815
2757,melin,5,0.00066,648097,85.52180,757815
2758,meltzerpete,5,0.00066,648102,85.52246,757815
2759,mg64ve,5,0.00066,648107,85.52312,757815
2760,mgelbart,5,0.00066,648112,85.52378,757815
2761,michaelfeil,5,0.00066,648117,85.52444,757815
2762,mickeyyliu,5,0.00066,648122,85.52510,757815
2763,Midnighter,5,0.00066,648127,85.52575,757815
2764,MikeTomlin19,5,0.00066,648132,85.52641,757815
2765,Milad137,5,0.00066,648137,85.52707,757815
2766,misterdev,5,0.00066,648142,85.52773,757815
2767,Mitan,5,0.00066,648147,85.52839,757815
2768,mizhazha,5,0.00066,648152,85.52905,757815
2769,mjovanovic9999,5,0.00066,648157,85.52971,757815
2770,mjrlee,5,0.00066,648162,85.53037,757815
2771,mkrech,5,0.00066,648167,85.53103,757815
2772,mmuru,5,0.00066,648172,85.53169,757815
2773,moktamd,5,0.00066,648177,85.53235,757815
2774,mritterfigma,5,0.00066,648182,85.53301,757815
2775,mrkulk,5,0.00066,648187,85.53367,757815
2776,msingh00,5,0.00066,648192,85.53433,757815
2777,muzam1l,5,0.00066,648197,85.53499,757815
2778,mvdoc,5,0.00066,648202,85.53565,757815
2779,mwbrulhardt,5,0.00066,648207,85.53631,757815
2780,mxlei01,5,0.00066,648212,85.53697,757815
2781,naifrec,5,0.00066,648217,85.53763,757815
2782,Nanda-Nandan,5,0.00066,648222,85.53829,757815
2783,natashamjaques,5,0.00066,648227,85.53895,757815
2784,ndrwnaguib,5,0.00066,648232,85.53961,757815
2785,nebulaV,5,0.00066,648237,85.54027,757815
2786,NeelamMandavia,5,0.00066,648242,85.54093,757815
2787,neel-at-ikigai,5,0.00066,648247,85.54159,757815
2788,neigh80,5,0.00066,648252,85.54225,757815
2789,Nesqulck,5,0.00066,648257,85.54291,757815
2790,ngupta23,5,0.00066,648262,85.54357,757815
2791,nicky-lenaers,5,0.00066,648267,85.54423,757815
2792,nickyongzhang,5,0.00066,648272,85.54489,757815
2793,nirandaperera,5,0.00066,648277,85.54555,757815
2794,nlnjnj,5,0.00066,648282,85.54621,757815
2795,noe-mis,5,0.00066,648287,85.54687,757815
2796,n-raghu,5,0.00066,648292,85.54753,757815
2797,Okamille,5,0.00066,648297,85.54819,757815
2798,OliverColeman,5,0.00066,648302,85.54885,757815
2799,omaracrystal,5,0.00066,648307,85.54951,757815
2800,omri-axon-vision,5,0.00066,648312,85.55017,757815
2801,ongkong,5,0.00066,648317,85.55083,757815
2802,oriolaranda,5,0.00066,648322,85.55149,757815
2803,OscarVanL,5,0.00066,648327,85.55215,757815
2804,P90-RushB,5,0.00066,648332,85.55281,757815
2805,Panhaolin2001,5,0.00066,648337,85.55347,757815
2806,paolovic,5,0.00066,648342,85.55413,757815
2807,pathway,5,0.00066,648347,85.55479,757815
2808,patrickiamy,5,0.00066,648352,85.55545,757815
2809,peabody124,5,0.00066,648357,85.55611,757815
2810,peldszus,5,0.00066,648362,85.55677,757815
2811,pengmun,5,0.00066,648367,85.55742,757815
2812,Peter-P779,5,0.00066,648372,85.55808,757815
2813,Petros626,5,0.00066,648377,85.55874,757815
2814,pfldy2850,5,0.00066,648382,85.55940,757815
2815,phmkhoi,5,0.00066,648387,85.56006,757815
2816,PhuongThao-2005,5,0.00066,648392,85.56072,757815
2817,PhysicsACE,5,0.00066,648397,85.56138,757815
2818,pimpke,5,0.00066,648402,85.56204,757815
2819,PookieBuns,5,0.00066,648407,85.56270,757815
2820,pratikchhapolika,5,0.00066,648412,85.56336,757815
2821,prd-tai-le,5,0.00066,648417,85.56402,757815
2822,psr-ai,5,0.00066,648422,85.56468,757815
2823,PSZehnder,5,0.00066,648427,85.56534,757815
2824,qbphilip,5,0.00066,648432,85.56600,757815
2825,ragavvenkatesan,5,0.00066,648437,85.56666,757815
2826,raghukoratagere,5,0.00066,648442,85.56732,757815
2827,rajagurunath,5,0.00066,648447,85.56798,757815
2828,Rashindrie,5,0.00066,648452,85.56864,757815
2829,Rashmikoparde,5,0.00066,648457,85.56930,757815
2830,rbrigden,5,0.00066,648462,85.56996,757815
2831,redzhepdx,5,0.00066,648467,85.57062,757815
2832,reesazghupo4,5,0.00066,648472,85.57128,757815
2833,renapark-duke,5,0.00066,648477,85.57194,757815
2834,reneleonhardt,5,0.00066,648482,85.57260,757815
2835,renos,5,0.00066,648487,85.57326,757815
2836,ResidentMario,5,0.00066,648492,85.57392,757815
2837,rgiacomin,5,0.00066,648497,85.57458,757815
2838,richard4912,5,0.00066,648502,85.57524,757815
2839,Rockyyost,5,0.00066,648507,85.57590,757815
2840,rodrigodelazcano,5,0.00066,648512,85.57656,757815
2841,rodrigodesalvobraz,5,0.00066,648517,85.57722,757815
2842,rogertrullo,5,0.00066,648522,85.57788,757815
2843,rogowski-piotr,5,0.00066,648527,85.57854,757815
2844,rossdanlm,5,0.00066,648532,85.57920,757815
2845,rsong0606,5,0.00066,648537,85.57986,757815
2846,rtolsma,5,0.00066,648542,85.58052,757815
2847,rudhrarai,5,0.00066,648547,85.58118,757815
2848,Sahand-Razzaghi,5,0.00066,648552,85.58184,757815
2849,saloni-garg,5,0.00066,648557,85.58250,757815
2850,SamareshSingh,5,0.00066,648562,85.58316,757815
2851,SamShowalter,5,0.00066,648567,85.58382,757815
2852,sandguardian,5,0.00066,648572,85.58448,757815
2853,SaraRezaei,5,0.00066,648577,85.58514,757815
2854,sca-anyscale,5,0.00066,648582,85.58580,757815
2855,scho97,5,0.00066,648587,85.58646,757815
2856,sean-metzger,5,0.00066,648592,85.58712,757815
2857,seekskyworld,5,0.00066,648597,85.58778,757815
2858,seven-mile,5,0.00066,648602,85.58844,757815
2859,SExpert12,5,0.00066,648607,85.58909,757815
2860,ShaochenYu-YW,5,0.00066,648612,85.58975,757815
2861,shashankvarma499,5,0.00066,648617,85.59041,757815
2862,shawn-rigdon,5,0.00066,648622,85.59107,757815
2863,sheltonsuen,5,0.00066,648627,85.59173,757815
2864,shiyuc6688,5,0.00066,648632,85.59239,757815
2865,shwang,5,0.00066,648637,85.59305,757815
2866,sidward14,5,0.00066,648642,85.59371,757815
2867,sjhermanek,5,0.00066,648647,85.59437,757815
2868,sjperkins,5,0.00066,648652,85.59503,757815
2869,slow-zhang,5,0.00066,648657,85.59569,757815
2870,smilesun,5,0.00066,648662,85.59635,757815
2871,spencer-barton-klaviyo,5,0.00066,648667,85.59701,757815
2872,spig95,5,0.00066,648672,85.59767,757815
2873,stevezjn,5,0.00066,648677,85.59833,757815
2874,strgrb,5,0.00066,648682,85.59899,757815
2875,subbareddydagumati,5,0.00066,648687,85.59965,757815
2876,Suke0811,5,0.00066,648692,85.60031,757815
2877,sungho-joo,5,0.00066,648697,85.60097,757815
2878,swicaksono,5,0.00066,648702,85.60163,757815
2879,SyaoranY,5,0.00066,648707,85.60229,757815
2880,sychen52,5,0.00066,648712,85.60295,757815
2881,TannedCung,5,0.00066,648717,85.60361,757815
2882,tanzeyy,5,0.00066,648722,85.60427,757815
2883,teddygood,5,0.00066,648727,85.60493,757815
2884,teen4ever,5,0.00066,648732,85.60559,757815
2885,TekpreXyz,5,0.00066,648737,85.60625,757815
2886,thantiklermcirony,5,0.00066,648742,85.60691,757815
2887,TheR1sing3un,5,0.00066,648747,85.60757,757815
2888,thincal,5,0.00066,648752,85.60823,757815
2889,thomasbbrunner,5,0.00066,648757,85.60889,757815
2890,ThyrixYang,5,0.00066,648762,85.60955,757815
2891,Timothy102,5,0.00066,648767,85.61021,757815
2892,timothynest,5,0.00066,648772,85.61087,757815
2893,timvink,5,0.00066,648777,85.61153,757815
2894,tkaymak,5,0.00066,648782,85.61219,757815
2895,tom634,5,0.00066,648787,85.61285,757815
2896,tongtz,5,0.00066,648792,85.61351,757815
2897,tpoisonooo,5,0.00066,648797,85.61417,757815
2898,TQC0103,5,0.00066,648802,85.61483,757815
2899,TUB-hasib,5,0.00066,648807,85.61549,757815
2900,tudorjnu,5,0.00066,648812,85.61615,757815
2901,ufmayer,5,0.00066,648817,85.61681,757815
2902,UgurKap,5,0.00066,648822,85.61747,757815
2903,UKeyboard,5,0.00066,648827,85.61813,757815
2904,ustcfriend,5,0.00066,648832,85.61879,757815
2905,utafrali,5,0.00066,648837,85.61945,757815
2906,VCBE123,5,0.00066,648842,85.62011,757815
2907,vedjaw,5,0.00066,648847,85.62076,757815
2908,veeceey,5,0.00066,648852,85.62142,757815
2909,venkatram-dev,5,0.00066,648857,85.62208,757815
2910,Vetti420,5,0.00066,648862,85.62274,757815
2911,vfdev-5,5,0.00066,648867,85.62340,757815
2912,ViggoC,5,0.00066,648872,85.62406,757815
2913,vilsonrodrigues,5,0.00066,648877,85.62472,757815
2914,vinhuytran0810-cell,5,0.00066,648882,85.62538,757815
2915,Vis-Viva,5,0.00066,648887,85.62604,757815
2916,vitrioil,5,0.00066,648892,85.62670,757815
2917,vlad-karp,5,0.00066,648897,85.62736,757815
2918,vovochka404,5,0.00066,648902,85.62802,757815
2919,wabala94,5,0.00066,648907,85.62868,757815
2920,Waki7,5,0.00066,648912,85.62934,757815
2921,wangzelong0663,5,0.00066,648917,85.63000,757815
2922,wengzhenjie,5,0.00066,648922,85.63066,757815
2923,wizardfishball,5,0.00066,648927,85.63132,757815
2924,wolfgangmeyerle,5,0.00066,648932,85.63198,757815
2925,wolvever,5,0.00066,648937,85.63264,757815
2926,Wormh0-le,5,0.00066,648942,85.63330,757815
2927,wubdub,5,0.00066,648947,85.63396,757815
2928,WudiJoey,5,0.00066,648952,85.63462,757815
2929,wullli,5,0.00066,648957,85.63528,757815
2930,xakaitetoia,5,0.00066,648962,85.63594,757815
2931,xiangdal,5,0.00066,648967,85.63660,757815
2932,xiefu5hh,5,0.00066,648972,85.63726,757815
2933,xingsuo-zbz,5,0.00066,648977,85.63792,757815
2934,xinzhuwang-wxz,5,0.00066,648982,85.63858,757815
2935,xunzhang,5,0.00066,648987,85.63924,757815
2936,Xuxue1,5,0.00066,648992,85.63990,757815
2937,y-abe,5,0.00066,648997,85.64056,757815
2938,YanivO1123,5,0.00066,649002,85.64122,757815
2939,yantzu,5,0.00066,649007,85.64188,757815
2940,yashwantbezawada,5,0.00066,649012,85.64254,757815
2941,Yeachan-Heo,5,0.00066,649017,85.64320,757815
2942,Yifan122,5,0.00066,649022,85.64386,757815
2943,YLJALDC,5,0.00066,649027,85.64452,757815
2944,yorickvanzweeden,5,0.00066,649032,85.64518,757815
2945,yuchengpersonal,5,0.00066,649037,85.64584,757815
2946,Yue-Li-atBain,5,0.00066,649042,85.64650,757815
2947,yupbank,5,0.00066,649047,85.64716,757815
2948,YuxiaoWang-520,5,0.00066,649052,85.64782,757815
2949,zachary62,5,0.00066,649057,85.64848,757815
2950,zacheryasc,5,0.00066,649062,85.64914,757815
2951,ZedRover,5,0.00066,649067,85.64980,757815
2952,zhoulii,5,0.00066,649072,85.65046,757815
2953,zxgm,5,0.00066,649077,85.65112,757815
2954,ZzXxL1994,5,0.00066,649082,85.65178,757815
2955,011235813,4,0.00053,649086,85.65230,757815
2956,0Pinky0,4,0.00053,649090,85.65283,757815
2957,1576012404,4,0.00053,649094,85.65336,757815
2958,1fornothin,4,0.00053,649098,85.65389,757815
2959,2niuhe,4,0.00053,649102,85.65441,757815
2960,5cp,4,0.00053,649106,85.65494,757815
2961,94929,4,0.00053,649110,85.65547,757815
2962,a2bhulla,4,0.00053,649114,85.65600,757815
2963,Aarav500,4,0.00053,649118,85.65653,757815
2964,Aayush-Goel-04,4,0.00053,649122,85.65705,757815
2965,abustamante-coveo,4,0.00053,649126,85.65758,757815
2966,acdifran,4,0.00053,649130,85.65811,757815
2967,achsvg,4,0.00053,649134,85.65864,757815
2968,adamgayoso,4,0.00053,649138,85.65916,757815
2969,addisonklinke,4,0.00053,649142,85.65969,757815
2970,adityamohan93,4,0.00053,649146,85.66022,757815
2971,adiyaDalat,4,0.00053,649150,85.66075,757815
2972,adriansblack,4,0.00053,649154,85.66128,757815
2973,AdrienVannson,4,0.00053,649158,85.66180,757815
2974,aga-relation,4,0.00053,649162,85.66233,757815
2975,agopinath1205,4,0.00053,649166,85.66286,757815
2976,Ai360n,4,0.00053,649170,85.66339,757815
2977,AIApprentice101,4,0.00053,649174,85.66392,757815
2978,AJamesPhillips,4,0.00053,649178,85.66444,757815
2979,ajitjohnson,4,0.00053,649182,85.66497,757815
2980,AJSVB,4,0.00053,649186,85.66550,757815
2981,akaniklaus,4,0.00053,649190,85.66603,757815
2982,akharitonov,4,0.00053,649194,85.66655,757815
2983,akotlar,4,0.00053,649198,85.66708,757815
2984,akzaidi,4,0.00053,649202,85.66761,757815
2985,alaameloh,4,0.00053,649206,85.66814,757815
2986,alexenos,4,0.00053,649210,85.66867,757815
2987,AlexGrinch,4,0.00053,649214,85.66919,757815
2988,alfoa,4,0.00053,649218,85.66972,757815
2989,alhparsa,4,0.00053,649222,85.67025,757815
2990,alkaid040492,4,0.00053,649226,85.67078,757815
2991,Allenyang2,4,0.00053,649230,85.67131,757815
2992,alsuhr-c,4,0.00053,649234,85.67183,757815
2993,amiasato,4,0.00053,649238,85.67236,757815
2994,amitschang,4,0.00053,649242,85.67289,757815
2995,andras-kth,4,0.00053,649246,85.67342,757815
2996,andrewkhardy,4,0.00053,649250,85.67394,757815
2997,angelolovatto,4,0.00053,649254,85.67447,757815
2998,ankdesh,4,0.00053,649258,85.67500,757815
2999,anonihunter,4,0.00053,649262,85.67553,757815
3000,anooprh,4,0.00053,649266,85.67606,757815
3001,ansarisam,4,0.00053,649270,85.67658,757815
3002,AnshManwani,4,0.00053,649274,85.67711,757815
3003,anupamme,4,0.00053,649278,85.67764,757815
3004,Anya-Gill,4,0.00053,649282,85.67817,757815
3005,apost71,4,0.00053,649286,85.67869,757815
3006,aralebox,4,0.00053,649290,85.67922,757815
3007,ARDivekar,4,0.00053,649294,85.67975,757815
3008,Arijit6258,4,0.00053,649298,85.68028,757815
3009,ArijitSinghEDA,4,0.00053,649302,85.68081,757815
3010,arunbv123,4,0.00053,649306,85.68133,757815
3011,arvind-chandra,4,0.00053,649310,85.68186,757815
3012,ArzelaAscoIi,4,0.00053,649314,85.68239,757815
3013,asugranyes,4,0.00053,649318,85.68292,757815
3014,athorat-maker,4,0.00053,649322,85.68345,757815
3015,atrejut,4,0.00053,649326,85.68397,757815
3016,aurbano,4,0.00053,649330,85.68450,757815
3017,avandekleut,4,0.00053,649334,85.68503,757815
3018,avriiil,4,0.00053,649338,85.68556,757815
3019,avsdfirst,4,0.00053,649342,85.68608,757815
3020,AwesomeLemon,4,0.00053,649346,85.68661,757815
3021,ax7e,4,0.00053,649350,85.68714,757815
3022,az2181036,4,0.00053,649354,85.68767,757815
3023,bananenpampe,4,0.00053,649358,85.68820,757815
3024,bartcheers,4,0.00053,649362,85.68872,757815
3025,batrlatom,4,0.00053,649366,85.68925,757815
3026,BayuSasongko,4,0.00053,649370,85.68978,757815
3027,BBLN,4,0.00053,649374,85.69031,757815
3028,BBrowns,4,0.00053,649378,85.69083,757815
3029,bbtfr,4,0.00053,649382,85.69136,757815
3030,bcahlit,4,0.00053,649386,85.69189,757815
3031,BeerTai,4,0.00053,649390,85.69242,757815
3032,benjamindkilleen,4,0.00053,649394,85.69295,757815
3033,benwilson512,4,0.00053,649398,85.69347,757815
3034,bhavika,4,0.00053,649402,85.69400,757815
3035,bmframos,4,0.00053,649406,85.69453,757815
3036,brechtmann,4,0.00053,649410,85.69506,757815
3037,brightpoker,4,0.00053,649414,85.69559,757815
3038,brollb,4,0.00053,649418,85.69611,757815
3039,brombaut,4,0.00053,649422,85.69664,757815
3040,BrunoBelucci,4,0.00053,649426,85.69717,757815
3041,bugorz,4,0.00053,649430,85.69770,757815
3042,BurakDmb,4,0.00053,649434,85.69822,757815
3043,bussrakrkmz,4,0.00053,649438,85.69875,757815
3044,caiogmello,4,0.00053,649442,85.69928,757815
3045,camcastera,4,0.00053,649446,85.69981,757815
3046,caopeng428,4,0.00053,649450,85.70034,757815
3047,cardchase,4,0.00053,649454,85.70086,757815
3048,CavalloneChen,4,0.00053,649458,85.70139,757815
3049,cboulay,4,0.00053,649462,85.70192,757815
3050,ccssmnn,4,0.00053,649466,85.70245,757815
3051,ch1ck,4,0.00053,649470,85.70298,757815
3052,ChaceAshcraft,4,0.00053,649474,85.70350,757815
3053,chaojun-zhang,4,0.00053,649478,85.70403,757815
3054,che85,4,0.00053,649482,85.70456,757815
3055,chebbyChefNEQ,4,0.00053,649486,85.70509,757815
3056,chenfei8888,4,0.00053,649490,85.70561,757815
3057,chenyuqi990215,4,0.00053,649494,85.70614,757815
3058,chenzhengfei,4,0.00053,649498,85.70667,757815
3059,cipollone,4,0.00053,649502,85.70720,757815
3060,clemenjuan,4,0.00053,649506,85.70773,757815
3061,cleversonahum,4,0.00053,649510,85.70825,757815
3062,cmeisinger,4,0.00053,649514,85.70878,757815
3063,CMXB,4,0.00053,649518,85.70931,757815
3064,Coastline-lhy,4,0.00053,649522,85.70984,757815
3065,CodeHoker,4,0.00053,649526,85.71036,757815
3066,code-review-doctor,4,0.00053,649530,85.71089,757815
3067,CodingWookie,4,0.00053,649534,85.71142,757815
3068,colin-ho,4,0.00053,649538,85.71195,757815
3069,colorzhang,4,0.00053,649542,85.71248,757815
3070,cometta,4,0.00053,649546,85.71300,757815
3071,commanderka,4,0.00053,649550,85.71353,757815
3072,corentinlger,4,0.00053,649554,85.71406,757815
3073,cosnicolaou,4,0.00053,649558,85.71459,757815
3074,crazyboycjr,4,0.00053,649562,85.71512,757815
3075,crunchybugs,4,0.00053,649566,85.71564,757815
3076,csandmann,4,0.00053,649570,85.71617,757815
3077,ctcjab,4,0.00053,649574,85.71670,757815
3078,cuiguangwu,4,0.00053,649578,85.71723,757815
3079,cumberb1tch,4,0.00053,649582,85.71775,757815
3080,cuongkk,4,0.00053,649586,85.71828,757815
3081,CyrilPeponnet,4,0.00053,649590,85.71881,757815
3082,d3c3mber,4,0.00053,649594,85.71934,757815
3083,dan-1d,4,0.00053,649598,85.71987,757815
3084,Dan-Yeh,4,0.00053,649602,85.72039,757815
3085,daquang,4,0.00053,649606,85.72092,757815
3086,davidia,4,0.00053,649610,85.72145,757815
3087,DavidYoonsik,4,0.00053,649614,85.72198,757815
3088,dbuades,4,0.00053,649618,85.72250,757815
3089,dclong,4,0.00053,649622,85.72303,757815
3090,deepio-oc,4,0.00053,649626,85.72356,757815
3091,defrag-bambino,4,0.00053,649630,85.72409,757815
3092,delcotec,4,0.00053,649634,85.72462,757815
3093,depenglee1707,4,0.00053,649638,85.72514,757815
3094,Dessix,4,0.00053,649642,85.72567,757815
3095,Devil-Z,4,0.00053,649646,85.72620,757815
3096,dfaligertwood,4,0.00053,649650,85.72673,757815
3097,dfgvaetyj3456356-hash,4,0.00053,649654,85.72726,757815
3098,dhananjaisharma10,4,0.00053,649658,85.72778,757815
3099,dhanwin247,4,0.00053,649662,85.72831,757815
3100,DhavalRepo18,4,0.00053,649666,85.72884,757815
3101,dihaitz04,4,0.00053,649670,85.72937,757815
3102,DingXiangYuanZhiXing,4,0.00053,649674,85.72989,757815
3103,discobot,4,0.00053,649678,85.73042,757815
3104,DLWCMD,4,0.00053,649682,85.73095,757815
3105,dongrixinyu,4,0.00053,649686,85.73148,757815
3106,DoubleHo05,4,0.00053,649690,85.73201,757815
3107,DoxakisCh,4,0.00053,649694,85.73253,757815
3108,dr3s,4,0.00053,649698,85.73306,757815
3109,drcege,4,0.00053,649702,85.73359,757815
3110,drZoid,4,0.00053,649706,85.73412,757815
3111,dsuess,4,0.00053,649710,85.73464,757815
3112,dszhengyu,4,0.00053,649714,85.73517,757815
3113,dugar-tarun,4,0.00053,649718,85.73570,757815
3114,dule1322,4,0.00053,649722,85.73623,757815
3115,dvillero,4,0.00053,649726,85.73676,757815
3116,DZ9,4,0.00053,649730,85.73728,757815
3117,e13000,4,0.00053,649734,85.73781,757815
3118,eaparnell,4,0.00053,649738,85.73834,757815
3119,ebrevdo,4,0.00053,649742,85.73887,757815
3120,EdwardCuiPeacock,4,0.00053,649746,85.73940,757815
3121,eedalong,4,0.00053,649750,85.73992,757815
3122,ehsandu15,4,0.00053,649754,85.74045,757815
3123,electronick1,4,0.00053,649758,85.74098,757815
3124,ElifCerenGok,4,0.00053,649762,85.74151,757815
3125,engrmg,4,0.00053,649766,85.74203,757815
3126,EnricoBeltramo,4,0.00053,649770,85.74256,757815
3127,Erichliu00,4,0.00053,649774,85.74309,757815
3128,ericsally,4,0.00053,649778,85.74362,757815
3129,Erin-Boehmer,4,0.00053,649782,85.74415,757815
3130,EthanAndersonUSA,4,0.00053,649786,85.74467,757815
3131,EthanGuoliang,4,0.00053,649790,85.74520,757815
3132,evanatyourservice,4,0.00053,649794,85.74573,757815
3133,EvgeniiTitov,4,0.00053,649798,85.74626,757815
3134,Fangyh09,4,0.00053,649802,85.74679,757815
3135,fehrin,4,0.00053,649806,85.74731,757815
3136,FengLi666,4,0.00053,649810,85.74784,757815
3137,fhabermacher,4,0.00053,649814,85.74837,757815
3138,fighterhit,4,0.00053,649818,85.74890,757815
3139,florianblume,4,0.00053,649822,85.74942,757815
3140,fpartika,4,0.00053,649826,85.74995,757815
3141,francesco086,4,0.00053,649830,85.75048,757815
3142,frmir,4,0.00053,649834,85.75101,757815
3143,frreiss,4,0.00053,649838,85.75154,757815
3144,Functionhx,4,0.00053,649842,85.75206,757815
3145,futurepaycc,4,0.00053,649846,85.75259,757815
3146,fzhujs,4,0.00053,649850,85.75312,757815
3147,Gabr1e1,4,0.00053,649854,85.75365,757815
3148,galyna-anyscale,4,0.00053,649858,85.75417,757815
3149,george-gca,4,0.00053,649862,85.75470,757815
3150,geraint0923,4,0.00053,649866,85.75523,757815
3151,geserdugarov,4,0.00053,649870,85.75576,757815
3152,Gitkingly,4,0.00053,649874,85.75629,757815
3153,GJBoth,4,0.00053,649878,85.75681,757815
3154,glenn-jocher,4,0.00053,649882,85.75734,757815
3155,glyfnet,4,0.00053,649886,85.75787,757815
3156,gohsyi,4,0.00053,649890,85.75840,757815
3157,Goicu,4,0.00053,649894,85.75893,757815
3158,GoodarzMehr,4,0.00053,649898,85.75945,757815
3159,goshaQ,4,0.00053,649902,85.75998,757815
3160,goutamvenkat,4,0.00053,649906,85.76051,757815
3161,gracehonv,4,0.00053,649910,85.76104,757815
3162,Graeme22,4,0.00053,649914,85.76156,757815
3163,greenfish8090,4,0.00053,649918,85.76209,757815
3164,Greenscreen23,4,0.00053,649922,85.76262,757815
3165,guangzlu,4,0.00053,649926,85.76315,757815
3166,guotong1988,4,0.00053,649930,85.76368,757815
3167,h8907283,4,0.00053,649934,85.76420,757815
3168,han14466,4,0.00053,649938,85.76473,757815
3169,hanyuyangddgh,4,0.00053,649942,85.76526,757815
3170,Harris-Xie,4,0.00053,649946,85.76579,757815
3171,harshhh817,4,0.00053,649950,85.76631,757815
3172,hermmanhender,4,0.00053,649954,85.76684,757815
3173,hero-tugang,4,0.00053,649958,85.76737,757815
3174,hfurkanbozkurt,4,0.00053,649962,85.76790,757815
3175,HieuMagic,4,0.00053,649966,85.76843,757815
3176,hikaru-212,4,0.00053,649970,85.76895,757815
3177,hlsfin,4,0.00053,649974,85.76948,757815
3178,HosseinRZ95,4,0.00053,649978,85.77001,757815
3179,hrishikeshvganu,4,0.00053,649982,85.77054,757815
3180,hsm207,4,0.00053,649986,85.77107,757815
3181,hu6360567,4,0.00053,649990,85.77159,757815
3182,HurleyWu,4,0.00053,649994,85.77212,757815
3183,HYB777,4,0.00053,649998,85.77265,757815
3184,hyoer0423,4,0.00053,650002,85.77318,757815
3185,ibarshai,4,0.00053,650006,85.77370,757815
3186,iiapache,4,0.00053,650010,85.77423,757815
3187,iirekm,4,0.00053,650014,85.77476,757815
3188,IMSUVEN,4,0.00053,650018,85.77529,757815
3189,incalia,4,0.00053,650022,85.77582,757815
3190,Innixma,4,0.00053,650026,85.77634,757815
3191,inwonakng,4,0.00053,650030,85.77687,757815
3192,irfanazam1,4,0.00053,650034,85.77740,757815
3193,ishaan-jaff,4,0.00053,650038,85.77793,757815
3194,ishanExtreme,4,0.00053,650042,85.77846,757815
3195,itmorn,4,0.00053,650046,85.77898,757815
3196,jakirkham,4,0.00053,650050,85.77951,757815
3197,jameslamb,4,0.00053,650054,85.78004,757815
3198,JamieMair,4,0.00053,650058,85.78057,757815
3199,janelu9,4,0.00053,650062,85.78109,757815
3200,jang-hs,4,0.00053,650066,85.78162,757815
3201,jannikstdl,4,0.00053,650070,85.78215,757815
3202,jasonnance,4,0.00053,650074,85.78268,757815
3203,jayeshsuyal,4,0.00053,650078,85.78321,757815
3204,J-B-Blankenship,4,0.00053,650082,85.78373,757815
3205,Jendker,4,0.00053,650086,85.78426,757815
3206,jeromeshan,4,0.00053,650090,85.78479,757815
3207,JessicaLopezEspejel,4,0.00053,650094,85.78532,757815
3208,jetjodh,4,0.00053,650098,85.78584,757815
3209,jfischer,4,0.00053,650102,85.78637,757815
3210,Jianzs,4,0.00053,650106,85.78690,757815
3211,JimmyWang6,4,0.00053,650110,85.78743,757815
3212,jm-nab,4,0.00053,650114,85.78796,757815
3213,JNMGR14,4,0.00053,650118,85.78848,757815
3214,joanovallesr,4,0.00053,650122,85.78901,757815
3215,johnjim0816,4,0.00053,650126,85.78954,757815
3216,JohnLaMaster,4,0.00053,650130,85.79007,757815
3217,JohnMcCarroll,4,0.00053,650134,85.79060,757815
3218,JonDum,4,0.00053,650138,85.79112,757815
3219,JoseZF,4,0.00053,650142,85.79165,757815
3220,joshheitzmanlumedic,4,0.00053,650146,85.79218,757815
3221,joyliu329,4,0.00053,650150,85.79271,757815
3222,jpmediadev,4,0.00053,650154,85.79323,757815
3223,Jungdam,4,0.00053,650158,85.79376,757815
3224,junwucs,4,0.00053,650162,85.79429,757815
3225,justina777,4,0.00053,650166,85.79482,757815
3226,justinglibert,4,0.00053,650170,85.79535,757815
3227,justusschock,4,0.00053,650174,85.79587,757815
3228,kakaxilyp-dawnlight,4,0.00053,650178,85.79640,757815
3229,kanaadp,4,0.00053,650182,85.79693,757815
3230,kaninaba94,4,0.00053,650186,85.79746,757815
3231,karthikbharadhwajKB,4,0.00053,650190,85.79798,757815
3232,kasakun,4,0.00053,650194,85.79851,757815
3233,kawinsw,4,0.00053,650198,85.79904,757815
3234,keatincf,4,0.00053,650202,85.79957,757815
3235,KevinCrp,4,0.00053,650206,85.80010,757815
3236,kienerj,4,0.00053,650210,85.80062,757815
3237,kikikio,4,0.00053,650214,85.80115,757815
3238,kimberly-WY,4,0.00053,650218,85.80168,757815
3239,kingcr7,4,0.00053,650222,85.80221,757815
3240,King-Of-Knights,4,0.00053,650226,85.80274,757815
3241,kiranikram,4,0.00053,650230,85.80326,757815
3242,kirk86,4,0.00053,650234,85.80379,757815
3243,kiyeonjeon21,4,0.00053,650238,85.80432,757815
3244,kjans123,4,0.00053,650242,85.80485,757815
3245,klarsdb,4,0.00053,650246,85.80537,757815
3246,kodecreer,4,0.00053,650250,85.80590,757815
3247,k-olsen,4,0.00053,650254,85.80643,757815
3248,konichuvak,4,0.00053,650258,85.80696,757815
3249,kschuerholt,4,0.00053,650262,85.80749,757815
3250,ksr583,4,0.00053,650266,85.80801,757815
3251,kuaikuai,4,0.00053,650270,85.80854,757815
3252,kuds,4,0.00053,650274,85.80907,757815
3253,kumarvc,4,0.00053,650278,85.80960,757815
3254,kuntiik,4,0.00053,650282,85.81013,757815
3255,kurt-rhee,4,0.00053,650286,85.81065,757815
3256,l1351868270,4,0.00053,650290,85.81118,757815
3257,LARS12llt,4,0.00053,650294,85.81171,757815
3258,lavkeshg,4,0.00053,650298,85.81224,757815
3259,Lawson-Darrow,4,0.00053,650302,85.81276,757815
3260,laxatives,4,0.00053,650306,85.81329,757815
3261,layssi,4,0.00053,650310,85.81382,757815
3262,lazhangRC,4,0.00053,650314,85.81435,757815
3263,LCarmi,4,0.00053,650318,85.81488,757815
3264,leauny,4,0.00053,650322,85.81540,757815
3265,LeZhengThu,4,0.00053,650326,85.81593,757815
3266,lhorus,4,0.00053,650330,85.81646,757815
3267,LilianCr,4,0.00053,650334,85.81699,757815
3268,LinWencong,4,0.00053,650338,85.81751,757815
3269,liuchanglab,4,0.00053,650342,85.81804,757815
3270,liuyaaixxa,4,0.00053,650346,85.81857,757815
3271,lmcl90,4,0.00053,650350,85.81910,757815
3272,lopsided,4,0.00053,650354,85.81963,757815
3273,Louis-Groux,4,0.00053,650358,85.82015,757815
3274,LQNew,4,0.00053,650362,85.82068,757815
3275,Lucecpkn,4,0.00053,650366,85.82121,757815
3276,ludc,4,0.00053,650370,85.82174,757815
3277,luffy2389,4,0.00053,650374,85.82227,757815
3278,lukehsiao,4,0.00053,650378,85.82279,757815
3279,lyle-nel,4,0.00053,650382,85.82332,757815
3280,magedhelmy1,4,0.00053,650386,85.82385,757815
3281,MakGulati,4,0.00053,650390,85.82438,757815
3282,malloc-naski,4,0.00053,650394,85.82490,757815
3283,manyi-w,4,0.00053,650398,85.82543,757815
3284,marco-aws,4,0.00053,650402,85.82596,757815
3285,marcosrdac,4,0.00053,650406,85.82649,757815
3286,Maritimo,4,0.00053,650410,85.82702,757815
3287,mariusp,4,0.00053,650414,85.82754,757815
3288,markrogersjr,4,0.00053,650418,85.82807,757815
3289,markVaykhansky,4,0.00053,650422,85.82860,757815
3290,marsbars33,4,0.00053,650426,85.82913,757815
3291,MatFl,4,0.00053,650430,85.82965,757815
3292,mathias-polarise,4,0.00053,650434,85.83018,757815
3293,matiasdahl,4,0.00053,650438,85.83071,757815
3294,matthiasmfr,4,0.00053,650442,85.83124,757815
3295,mbbyn,4,0.00053,650446,85.83177,757815
3296,McCrearyD,4,0.00053,650450,85.83229,757815
3297,mdeib,4,0.00053,650454,85.83282,757815
3298,mdekstrand,4,0.00053,650458,85.83335,757815
3299,meadowlark-bradsher,4,0.00053,650462,85.83388,757815
3300,medmes,4,0.00053,650466,85.83441,757815
3301,menegais1,4,0.00053,650470,85.83493,757815
3302,MErkinSag,4,0.00053,650474,85.83546,757815
3303,m-harmonic,4,0.00053,650478,85.83599,757815
3304,micarlise,4,0.00053,650482,85.83652,757815
3305,MiChaelinzo,4,0.00053,650486,85.83704,757815
3306,mike-lmctl,4,0.00053,650490,85.83757,757815
3307,Miladiouss,4,0.00053,650494,85.83810,757815
3308,minevvgoogle,4,0.00053,650498,85.83863,757815
3309,MohammadJamali,4,0.00053,650502,85.83916,757815
3310,Mrforeman1,4,0.00053,650506,85.83968,757815
3311,mrmotallebi,4,0.00053,650510,85.84021,757815
3312,mstrofbass,4,0.00053,650514,85.84074,757815
3313,muxahuk,4,0.00053,650518,85.84127,757815
3314,mveres01,4,0.00053,650522,85.84180,757815
3315,mylanpromaton,4,0.00053,650526,85.84232,757815
3316,mzat-msft,4,0.00053,650530,85.84285,757815
3317,N3XT14,4,0.00053,650534,85.84338,757815
3318,naity,4,0.00053,650538,85.84391,757815
3319,nam-cern,4,0.00053,650542,85.84443,757815
3320,namviet157,4,0.00053,650546,85.84496,757815
3321,nash635,4,0.00053,650550,85.84549,757815
3322,nate-bush,4,0.00053,650554,85.84602,757815
3323,nathanlct,4,0.00053,650558,85.84655,757815
3324,ncarrara,4,0.00053,650562,85.84707,757815
3325,ndnchapathi69,4,0.00053,650566,85.84760,757815
3326,ndvbd,4,0.00053,650570,85.84813,757815
3327,n-elia,4,0.00053,650574,85.84866,757815
3328,nemanja-rakicevic,4,0.00053,650578,85.84918,757815
3329,newtondotcom,4,0.00053,650582,85.84971,757815
3330,nikosavola,4,0.00053,650586,85.85024,757815
3331,nilsleh,4,0.00053,650590,85.85077,757815
3332,nirbarazida,4,0.00053,650594,85.85130,757815
3333,noahjax,4,0.00053,650598,85.85182,757815
3334,Nolbag,4,0.00053,650602,85.85235,757815
3335,nrhine1,4,0.00053,650606,85.85288,757815
3336,nskplta,4,0.00053,650610,85.85341,757815
3337,nu1lspaxe,4,0.00053,650614,85.85394,757815
3338,Ocean1109,4,0.00053,650618,85.85446,757815
3339,oceanusxiv,4,0.00053,650622,85.85499,757815
3340,ocorcoll,4,0.00053,650626,85.85552,757815
3341,ohhara79,4,0.00053,650630,85.85605,757815
3342,OmarAlmusa,4,0.00053,650634,85.85657,757815
3343,owldev127,4,0.00053,650638,85.85710,757815
3344,Oxygen56,4,0.00053,650642,85.85763,757815
3345,p1c2u,4,0.00053,650646,85.85816,757815
3346,pconrad-insitro,4,0.00053,650650,85.85869,757815
3347,pengw0048,4,0.00053,650654,85.85921,757815
3348,perduta,4,0.00053,650658,85.85974,757815
3349,perfmjs,4,0.00053,650662,85.86027,757815
3350,PgLoLo,4,0.00053,650666,85.86080,757815
3351,phesse001,4,0.00053,650670,85.86132,757815
3352,phuicy,4,0.00053,650674,85.86185,757815
3353,PicoCreator,4,0.00053,650678,85.86238,757815
3354,pingmalu,4,0.00053,650682,85.86291,757815
3355,plotor,4,0.00053,650686,85.86344,757815
3356,pmannam,4,0.00053,650690,85.86396,757815
3357,PoCk3T,4,0.00053,650694,85.86449,757815
3358,polikutinevgeny,4,0.00053,650698,85.86502,757815
3359,pomcho555,4,0.00053,650702,85.86555,757815
3360,ppdollhhh,4,0.00053,650706,85.86608,757815
3361,Pranav2612000,4,0.00053,650710,85.86660,757815
3362,preetijoshi-womply,4,0.00053,650714,85.86713,757815
3363,programmersoham,4,0.00053,650718,85.86766,757815
3364,psnilesh,4,0.00053,650722,85.86819,757815
3365,pxc,4,0.00053,650726,85.86871,757815
3366,qaz-t,4,0.00053,650730,85.86924,757815
3367,qingyun-wu,4,0.00053,650734,85.86977,757815
3368,Qin-J,4,0.00053,650738,85.87030,757815
3369,R0B1NNN1,4,0.00053,650742,85.87083,757815
3370,r266-tech,4,0.00053,650746,85.87135,757815
3371,r4hul77,4,0.00053,650750,85.87188,757815
3372,RAbraham,4,0.00053,650754,85.87241,757815
3373,radugrosu,4,0.00053,650758,85.87294,757815
3374,rahulmansharamani14,4,0.00053,650762,85.87347,757815
3375,RainieLLM,4,0.00053,650766,85.87399,757815
3376,rajendra-avesha,4,0.00053,650770,85.87452,757815
3377,rajesh-chawla,4,0.00053,650774,85.87505,757815
3378,Rassibassi,4,0.00053,650778,85.87558,757815
3379,RaviTej310,4,0.00053,650782,85.87610,757815
3380,rbala19,4,0.00053,650786,85.87663,757815
3381,rberenguel,4,0.00053,650790,85.87716,757815
3382,reasonsolo,4,0.00053,650794,85.87769,757815
3383,ReCodeLife,4,0.00053,650798,85.87822,757815
3384,reisub0,4,0.00053,650802,85.87874,757815
3385,remimin,4,0.00053,650806,85.87927,757815
3386,rfan-debug,4,0.00053,650810,85.87980,757815
3387,rhefron,4,0.00053,650814,85.88033,757815
3388,ribhavjain,4,0.00053,650818,85.88085,757815
3389,ricardopv1,4,0.00053,650822,85.88138,757815
3390,ring-pete,4,0.00053,650826,85.88191,757815
3391,rjpower,4,0.00053,650830,85.88244,757815
3392,rkarn,4,0.00053,650834,85.88297,757815
3393,rodriguezjosue,4,0.00053,650838,85.88349,757815
3394,rohitsalla,4,0.00053,650842,85.88402,757815
3395,Roller44,4,0.00053,650846,85.88455,757815
3396,ronyw7,4,0.00053,650850,85.88508,757815
3397,rouniuyizu,4,0.00053,650854,85.88561,757815
3398,rsamf,4,0.00053,650858,85.88613,757815
3399,rspeare,4,0.00053,650862,85.88666,757815
3400,rstrudel,4,0.00053,650866,85.88719,757815
3401,rtwang1997,4,0.00053,650870,85.88772,757815
3402,ruifangChen,4,0.00053,650874,85.88824,757815
3403,rxraghu,4,0.00053,650878,85.88877,757815
3404,sadia,4,0.00053,650882,85.88930,757815
3405,saharudra,4,0.00053,650886,85.88983,757815
3406,sai-prasanna,4,0.00053,650890,85.89036,757815
3407,salsasepp,4,0.00053,650894,85.89088,757815
3408,sampark-chrono,4,0.00053,650898,85.89141,757815
3409,sanketrai,4,0.00053,650902,85.89194,757815
3410,sauravvenkat,4,0.00053,650906,85.89247,757815
3411,scarere,4,0.00053,650910,85.89299,757815
3412,schoennenbeck,4,0.00053,650914,85.89352,757815
3413,scotthuang1989,4,0.00053,650918,85.89405,757815
3414,SeaOfOcean,4,0.00053,650922,85.89458,757815
3415,SebastianBodza,4,0.00053,650926,85.89511,757815
3416,semiter1,4,0.00053,650930,85.89563,757815
3417,se-ok,4,0.00053,650934,85.89616,757815
3418,sepastian,4,0.00053,650938,85.89669,757815
3419,sfilipi,4,0.00053,650942,85.89722,757815
3420,shaandesaiqb,4,0.00053,650946,85.89775,757815
3421,shaileshcheke,4,0.00053,650950,85.89827,757815
3422,ShaohanTian,4,0.00053,650954,85.89880,757815
3423,shaoqin2,4,0.00053,650958,85.89933,757815
3424,sharadgupta2910,4,0.00053,650962,85.89986,757815
3425,sharp-productions,4,0.00053,650966,85.90038,757815
3426,Shentao-YANG,4,0.00053,650970,85.90091,757815
3427,shiranbi07,4,0.00053,650974,85.90144,757815
3428,ShivKJ,4,0.00053,650978,85.90197,757815
3429,shixianc,4,0.00053,650982,85.90250,757815
3430,showgood163,4,0.00053,650986,85.90302,757815
3431,shrijayan,4,0.00053,650990,85.90355,757815
3432,Shrutakeerti,4,0.00053,650994,85.90408,757815
3433,shuaiyy,4,0.00053,650998,85.90461,757815
3434,shufflebyte,4,0.00053,651002,85.90514,757815
3435,sidazhou,4,0.00053,651006,85.90566,757815
3436,sikiyu27,4,0.00053,651010,85.90619,757815
3437,silky,4,0.00053,651014,85.90672,757815
3438,simonguo-cohere,4,0.00053,651018,85.90725,757815
3439,sinalallsite,4,0.00053,651022,85.90777,757815
3440,Siraj-Qazi,4,0.00053,651026,85.90830,757815
3441,sivaguru-pat,4,0.00053,651030,85.90883,757815
3442,skliarpawlo,4,0.00053,651034,85.90936,757815
3443,skritika,4,0.00053,651038,85.90989,757815
3444,smonsays,4,0.00053,651042,85.91041,757815
3445,smqd19,4,0.00053,651046,85.91094,757815
3446,smsubrahmannian,4,0.00053,651050,85.91147,757815
3447,snehakottapalli,4,0.00053,651054,85.91200,757815
3448,snow01,4,0.00053,651058,85.91252,757815
3449,soloist96,4,0.00053,651062,85.91305,757815
3450,somal,4,0.00053,651066,85.91358,757815
3451,soumitrak,4,0.00053,651070,85.91411,757815
3452,spark-tdy,4,0.00053,651074,85.91464,757815
3453,sparsh2,4,0.00053,651078,85.91516,757815
3454,Spartee,4,0.00053,651082,85.91569,757815
3455,sseveran,4,0.00053,651086,85.91622,757815
3456,StaminaTang,4,0.00053,651090,85.91675,757815
3457,stillonearth,4,0.00053,651094,85.91728,757815
3458,subasah,4,0.00053,651098,85.91780,757815
3459,sublimotion,4,0.00053,651102,85.91833,757815
3460,subodhchhabra,4,0.00053,651106,85.91886,757815
3461,SudeepDasari,4,0.00053,651110,85.91939,757815
3462,sudharshankakumanu,4,0.00053,651114,85.91991,757815
3463,summaryzb,4,0.00053,651118,85.92044,757815
3464,sushant-t,4,0.00053,651122,85.92097,757815
3465,sveint,4,0.00053,651126,85.92150,757815
3466,synapsesanddendrites,4,0.00053,651130,85.92203,757815
3467,synaptic,4,0.00053,651134,85.92255,757815
3468,talipini,4,0.00053,651138,85.92308,757815
3469,tanaysd,4,0.00053,651142,85.92361,757815
3470,tannerdwood,4,0.00053,651146,85.92414,757815
3471,Tansito,4,0.00053,651150,85.92466,757815
3472,tashachin,4,0.00053,651154,85.92519,757815
3473,tdhopper,4,0.00053,651158,85.92572,757815
3474,tenthousands,4,0.00053,651162,85.92625,757815
3475,terodea,4,0.00053,651166,85.92678,757815
3476,The3DWizard,4,0.00053,651170,85.92730,757815
3477,thekeivn16,4,0.00053,651174,85.92783,757815
3478,tickpeach,4,0.00053,651178,85.92836,757815
3479,timost1234,4,0.00053,651182,85.92889,757815
3480,tingjun-cs,4,0.00053,651186,85.92942,757815
3481,tinylk,4,0.00053,651190,85.92994,757815
3482,TipTa,4,0.00053,651194,85.93047,757815
3483,to3i,4,0.00053,651198,85.93100,757815
3484,TomaAlexandru,4,0.00053,651202,85.93153,757815
3485,Tongruizhe,4,0.00053,651206,85.93205,757815
3486,trahloff,4,0.00053,651210,85.93258,757815
3487,troymyname,4,0.00053,651214,85.93311,757815
3488,TruongQuangPhat,4,0.00053,651218,85.93364,757815
3489,truongsontung,4,0.00053,651222,85.93417,757815
3490,Tsien4763,4,0.00053,651226,85.93469,757815
3491,TTF2050,4,0.00053,651230,85.93522,757815
3492,TuodiAunty,4,0.00053,651234,85.93575,757815
3493,tusharrrr1,4,0.00053,651238,85.93628,757815
3494,ucdmkt,4,0.00053,651242,85.93681,757815
3495,upuvvad1,4,0.00053,651246,85.93733,757815
3496,utkshukla,4,0.00053,651250,85.93786,757815
3497,valtab,4,0.00053,651254,85.93839,757815
3498,vancaho,4,0.00053,651258,85.93892,757815
3499,varunjammula,4,0.00053,651262,85.93944,757815
3500,vdesai2014,4,0.00053,651266,85.93997,757815
3501,veekaybee,4,0.00053,651270,85.94050,757815
3502,vijaymobile123,4,0.00053,651274,85.94103,757815
3503,vinamrabenara,4,0.00053,651278,85.94156,757815
3504,VishalBhatSoori,4,0.00053,651282,85.94208,757815
3505,vishalrangras,4,0.00053,651286,85.94261,757815
3506,vishalshar,4,0.00053,651290,85.94314,757815
3507,VitaliyEroshin,4,0.00053,651294,85.94367,757815
3508,vitchyr,4,0.00053,651298,85.94419,757815
3509,VMLC-PV,4,0.00053,651302,85.94472,757815
3510,vroomzel,4,0.00053,651306,85.94525,757815
3511,vycezhong,4,0.00053,651310,85.94578,757815
3512,wallies,4,0.00053,651314,85.94631,757815
3513,wangxin201492,4,0.00053,651318,85.94683,757815
3514,Wang-zhechao,4,0.00053,651322,85.94736,757815
3515,wassimbensalem,4,0.00053,651326,85.94789,757815
3516,weigao-123,4,0.00053,651330,85.94842,757815
3517,weiliu620,4,0.00053,651334,85.94895,757815
3518,whhu,4,0.00053,651338,85.94947,757815
3519,WindowsXp-Beta,4,0.00053,651342,85.95000,757815
3520,winni2k,4,0.00053,651346,85.95053,757815
3521,wizrds,4,0.00053,651350,85.95106,757815
3522,wjg13025152587,4,0.00053,651354,85.95158,757815
3523,wjn0,4,0.00053,651358,85.95211,757815
3524,Wordyka,4,0.00053,651362,85.95264,757815
3525,wqh17101,4,0.00053,651366,85.95317,757815
3526,wyhong3103,4,0.00053,651370,85.95370,757815
3527,xi377266,4,0.00053,651374,85.95422,757815
3528,xiaoToby,4,0.00053,651378,85.95475,757815
3529,xinyiZzz,4,0.00053,651382,85.95528,757815
3530,x-itm,4,0.00053,651386,85.95581,757815
3531,xsuler,4,0.00053,651390,85.95633,757815
3532,xushijie,4,0.00053,651394,85.95686,757815
3533,xuzifu666,4,0.00053,651398,85.95739,757815
3534,xvsfekcn,4,0.00053,651402,85.95792,757815
3535,Yangruipis,4,0.00053,651406,85.95845,757815
3536,YangZhou1997,4,0.00053,651410,85.95897,757815
3537,yawnzh,4,0.00053,651414,85.95950,757815
3538,yeshenpy,4,0.00053,651418,85.96003,757815
3539,ying2025,4,0.00053,651422,85.96056,757815
3540,yiqinzhu,4,0.00053,651426,85.96109,757815
3541,yoonseo-han,4,0.00053,651430,85.96161,757815
3542,youkaichao,4,0.00053,651434,85.96214,757815
3543,youngwhite,4,0.00053,651438,85.96267,757815
3544,youthmrg,4,0.00053,651442,85.96320,757815
3545,yuanwu2017,4,0.00053,651446,85.96372,757815
3546,yujiabin123,4,0.00053,651450,85.96425,757815
3547,yunlou11,4,0.00053,651454,85.96478,757815
3548,zaaaap,4,0.00053,651458,85.96531,757815
3549,zahyaah,4,0.00053,651462,85.96584,757815
3550,zaporter-work,4,0.00053,651466,85.96636,757815
3551,zent1n0,4,0.00053,651470,85.96689,757815
3552,zhangkefeng,4,0.00053,651474,85.96742,757815
3553,zhangyilun,4,0.00053,651478,85.96795,757815
3554,zhaohaidao,4,0.00053,651482,85.96848,757815
3555,zhenfeng-cao,4,0.00053,651486,85.96900,757815
3556,zhimin-z,4,0.00053,651490,85.96953,757815
3557,zhuangxinbo,4,0.00053,651494,85.97006,757815
3558,zpoliczer,4,0.00053,651498,85.97059,757815
3559,zschaller27,4,0.00053,651502,85.97111,757815
3560,zyd14,4,0.00053,651506,85.97164,757815
3561,zzb3886,4,0.00053,651510,85.97217,757815
3562,zzhou612,4,0.00053,651514,85.97270,757815
3563,123mitnik,3,0.00040,651517,85.97309,757815
3564,20chase,3,0.00040,651520,85.97349,757815
3565,22quinn,3,0.00040,651523,85.97389,757815
3566,2a3b4c,3,0.00040,651526,85.97428,757815
3567,2dm,3,0.00040,651529,85.97468,757815
3568,7vikpeculiar,3,0.00040,651532,85.97507,757815
3569,A12134,3,0.00040,651535,85.97547,757815
3570,aalmah,3,0.00040,651538,85.97586,757815
3571,abarbosa94,3,0.00040,651541,85.97626,757815
3572,abdjea,3,0.00040,651544,85.97666,757815
3573,abe2122,3,0.00040,651547,85.97705,757815
3574,abhid-007,3,0.00040,651550,85.97745,757815
3575,abhi-gm,3,0.00040,651553,85.97784,757815
3576,abiazett,3,0.00040,651556,85.97824,757815
3577,abizjakpro,3,0.00040,651559,85.97864,757815
3578,aboscus,3,0.00040,651562,85.97903,757815
3579,abrandenb,3,0.00040,651565,85.97943,757815
3580,Achin17,3,0.00040,651568,85.97982,757815
3581,adienes,3,0.00040,651571,85.98022,757815
3582,adigitoleo,3,0.00040,651574,85.98062,757815
3583,adithyabsk,3,0.00040,651577,85.98101,757815
3584,adyomin,3,0.00040,651580,85.98141,757815
3585,ahmedammar,3,0.00040,651583,85.98180,757815
3586,AI-Ahmed,3,0.00040,651586,85.98220,757815
3587,aidiss,3,0.00040,651589,85.98259,757815
3588,ai-yang,3,0.00040,651592,85.98299,757815
3589,Ajay-26,3,0.00040,651595,85.98339,757815
3590,ajayrgb,3,0.00040,651598,85.98378,757815
3591,Akash08naik,3,0.00040,651601,85.98418,757815
3592,akazakov,3,0.00040,651604,85.98457,757815
3593,akshara08,3,0.00040,651607,85.98497,757815
3594,albyho,3,0.00040,651610,85.98537,757815
3595,alemsh,3,0.00040,651613,85.98576,757815
3596,Alerion,3,0.00040,651616,85.98616,757815
3597,AlexandraVolokhova,3,0.00040,651619,85.98655,757815
3598,AlexandreBourrieau,3,0.00040,651622,85.98695,757815
3599,AlexandreRozier,3,0.00040,651625,85.98735,757815
3600,AlexAseyev,3,0.00040,651628,85.98774,757815
3601,alex-atkins,3,0.00040,651631,85.98814,757815
3602,alexeyev,3,0.00040,651634,85.98853,757815
3603,alexhegit,3,0.00040,651637,85.98893,757815
3604,alexr-anyscale,3,0.00040,651640,85.98932,757815
3605,Alfredvc,3,0.00040,651643,85.98972,757815
3606,aliceco01,3,0.00040,651646,85.99012,757815
3607,ali-naqvi,3,0.00040,651649,85.99051,757815
3608,AlkaidCheng,3,0.00040,651652,85.99091,757815
3609,allwefantasy,3,0.00040,651655,85.99130,757815
3610,alperyyildiz,3,0.00040,651658,85.99170,757815
3611,Alwinator,3,0.00040,651661,85.99210,757815
3612,Alyetama,3,0.00040,651664,85.99249,757815
3613,alyssoncrvg,3,0.00040,651667,85.99289,757815
3614,ambicuity,3,0.00040,651670,85.99328,757815
3615,ameroyer,3,0.00040,651673,85.99368,757815
3616,amir-f,3,0.00040,651676,85.99408,757815
3617,amohazab,3,0.00040,651679,85.99447,757815
3618,AnanthHari,3,0.00040,651682,85.99487,757815
3619,anaoum,3,0.00040,651685,85.99526,757815
3620,ancrs,3,0.00040,651688,85.99566,757815
3621,andmib,3,0.00040,651691,85.99605,757815
3622,andremoeller,3,0.00040,651694,85.99645,757815
3623,anilkumargv8,3,0.00040,651697,85.99685,757815
3624,animeshkumarpaul,3,0.00040,651700,85.99724,757815
3625,anirjoshi,3,0.00040,651703,85.99764,757815
3626,aniryou,3,0.00040,651706,85.99803,757815
3627,anish-meka-ai,3,0.00040,651709,85.99843,757815
3628,anishxii,3,0.00040,651712,85.99883,757815
3629,ankitkv,3,0.00040,651715,85.99922,757815
3630,anthonytec2,3,0.00040,651718,85.99962,757815
3631,antimonyGu,3,0.00040,651721,86.00001,757815
3632,apeterson7,3,0.00040,651724,86.00041,757815
3633,ar0ra1,3,0.00040,651727,86.00080,757815
3634,arainboldt,3,0.00040,651730,86.00120,757815
3635,arandhaw,3,0.00040,651733,86.00160,757815
3636,arank,3,0.00040,651736,86.00199,757815
3637,Arcadianlee,3,0.00040,651739,86.00239,757815
3638,arkose,3,0.00040,651742,86.00278,757815
3639,armando-fandango,3,0.00040,651745,86.00318,757815
3640,arnavgarg1,3,0.00040,651748,86.00358,757815
3641,a-ro,3,0.00040,651751,86.00397,757815
3642,arpang,3,0.00040,651754,86.00437,757815
3643,arunesh-mittal,3,0.00040,651757,86.00476,757815
3644,arunks15656,3,0.00040,651760,86.00516,757815
3645,aryan-verma-ai-2,3,0.00040,651763,86.00556,757815
3646,ASDen,3,0.00040,651766,86.00595,757815
3647,AshHarvey,3,0.00040,651769,86.00635,757815
3648,ashigirl96,3,0.00040,651772,86.00674,757815
3649,ashwinsnambiar,3,0.00040,651775,86.00714,757815
3650,asoans,3,0.00040,651778,86.00753,757815
3651,asorrentino-agreena,3,0.00040,651781,86.00793,757815
3652,asp616848,3,0.00040,651784,86.00833,757815
3653,aspil,3,0.00040,651787,86.00872,757815
3654,asurdo,3,0.00040,651790,86.00912,757815
3655,atomic-init,3,0.00040,651793,86.00951,757815
3656,AVSuni,3,0.00040,651796,86.00991,757815
3657,Avyukth,3,0.00040,651799,86.01031,757815
3658,axelbr,3,0.00040,651802,86.01070,757815
3659,axeln31459,3,0.00040,651805,86.01110,757815
3660,azadsalam,3,0.00040,651808,86.01149,757815
3661,azamatolegen,3,0.00040,651811,86.01189,757815
3662,azayz,3,0.00040,651814,86.01229,757815
3663,AzizDXT,3,0.00040,651817,86.01268,757815
3664,BACHYY,3,0.00040,651820,86.01308,757815
3665,bakeryproducts,3,0.00040,651823,86.01347,757815
3666,baochaojiang,3,0.00040,651826,86.01387,757815
3667,batzner,3,0.00040,651829,86.01426,757815
3668,bbberns,3,0.00040,651832,86.01466,757815
3669,bdzjorg,3,0.00040,651835,86.01506,757815
3670,BeingGod,3,0.00040,651838,86.01545,757815
3671,benblamey,3,0.00040,651841,86.01585,757815
3672,BenMacKenzie,3,0.00040,651844,86.01624,757815
3673,benni-hepp,3,0.00040,651847,86.01664,757815
3674,BestVIncent,3,0.00040,651850,86.01704,757815
3675,BFAnas,3,0.00040,651853,86.01743,757815
3676,bibbygoodwin,3,0.00040,651856,86.01783,757815
3677,billtubbs,3,0.00040,651859,86.01822,757815
3678,bitloi,3,0.00040,651862,86.01862,757815
3679,bjohn22,3,0.00040,651865,86.01902,757815
3680,bk12312,3,0.00040,651868,86.01941,757815
3681,bkatwal,3,0.00040,651871,86.01981,757815
3682,bkusenda,3,0.00040,651874,86.02020,757815
3683,blug-julien,3,0.00040,651877,86.02060,757815
3684,borninfreedom,3,0.00040,651880,86.02099,757815
3685,borovikovd,3,0.00040,651883,86.02139,757815
3686,boscotsang,3,0.00040,651886,86.02179,757815
3687,boyleconnor,3,0.00040,651889,86.02218,757815
3688,bradhilton,3,0.00040,651892,86.02258,757815
3689,bramhoven,3,0.00040,651895,86.02297,757815
3690,brandonroyal,3,0.00040,651898,86.02337,757815
3691,Brave731,3,0.00040,651901,86.02377,757815
3692,briandamaged,3,0.00040,651904,86.02416,757815
3693,BryanQuigley,3,0.00040,651907,86.02456,757815
3694,bthecohen,3,0.00040,651910,86.02495,757815
3695,buptljy,3,0.00040,651913,86.02535,757815
3696,BwL1289,3,0.00040,651916,86.02575,757815
3697,c3-kunhwi,3,0.00040,651919,86.02614,757815
3698,cambel,3,0.00040,651922,86.02654,757815
3699,CansuCandan,3,0.00040,651925,86.02693,757815
3700,carlos-aguayo,3,0.00040,651928,86.02733,757815
3701,ccmao1130,3,0.00040,651931,86.02772,757815
3702,cecabert,3,0.00040,651934,86.02812,757815
3703,ceddy4395,3,0.00040,651937,86.02852,757815
3704,cfangplus,3,0.00040,651940,86.02891,757815
3705,chanansh,3,0.00040,651943,86.02931,757815
3706,changxin-ge,3,0.00040,651946,86.02970,757815
3707,charu-vl,3,0.00040,651949,86.03010,757815
3708,chasemcd,3,0.00040,651952,86.03050,757815
3709,chatsmile,3,0.00040,651955,86.03089,757815
3710,chc-celonis,3,0.00040,651958,86.03129,757815
3711,cheadrian,3,0.00040,651961,86.03168,757815
3712,chegrane,3,0.00040,651964,86.03208,757815
3713,ChenhanXmu,3,0.00040,651967,86.03247,757815
3714,Chethan-Babu-stack,3,0.00040,651970,86.03287,757815
3715,chia7712,3,0.00040,651973,86.03327,757815
3716,chill-czar,3,0.00040,651976,86.03366,757815
3717,China-JasonW,3,0.00040,651979,86.03406,757815
3718,chokosabe,3,0.00040,651982,86.03445,757815
3719,chridamico,3,0.00040,651985,86.03485,757815
3720,chrisgoddard,3,0.00040,651988,86.03525,757815
3721,Chrisjb,3,0.00040,651991,86.03564,757815
3722,chrisn-pik,3,0.00040,651994,86.03604,757815
3723,chrisorm,3,0.00040,651997,86.03643,757815
3724,ChristianECooper,3,0.00040,652000,86.03683,757815
3725,christinebuckler,3,0.00040,652003,86.03723,757815
3726,chrisx-ts,3,0.00040,652006,86.03762,757815
3727,ChromoX,3,0.00040,652009,86.03802,757815
3728,chrvt,3,0.00040,652012,86.03841,757815
3729,chtlp,3,0.00040,652015,86.03881,757815
3730,classner,3,0.00040,652018,86.03920,757815
3731,cleyesode,3,0.00040,652021,86.03960,757815
3732,cloudlounger,3,0.00040,652024,86.04000,757815
3733,CMGeldenhuys,3,0.00040,652027,86.04039,757815
3734,CMobley7,3,0.00040,652030,86.04079,757815
3735,cocorosiekz,3,0.00040,652033,86.04118,757815
3736,coinzerge,3,0.00040,652036,86.04158,757815
3737,conceptofmind,3,0.00040,652039,86.04198,757815
3738,congli01,3,0.00040,652042,86.04237,757815
3739,cottrell,3,0.00040,652045,86.04277,757815
3740,Counterfeiter,3,0.00040,652048,86.04316,757815
3741,c-phillips,3,0.00040,652051,86.04356,757815
3742,cpwan,3,0.00040,652054,86.04396,757815
3743,craftsliu,3,0.00040,652057,86.04435,757815
3744,crdnb,3,0.00040,652060,86.04475,757815
3745,creamiracle,3,0.00040,652063,86.04514,757815
3746,cristiangofiar,3,0.00040,652066,86.04554,757815
3747,cskornel-doordash,3,0.00040,652069,86.04593,757815
3748,cswangzheng,3,0.00040,652072,86.04633,757815
3749,CtfGo,3,0.00040,652075,86.04673,757815
3750,curry111,3,0.00040,652078,86.04712,757815
3751,cwenner,3,0.00040,652081,86.04752,757815
3752,cybermaster,3,0.00040,652084,86.04791,757815
3753,d33tah,3,0.00040,652087,86.04831,757815
3754,daanklijn,3,0.00040,652090,86.04871,757815
3755,Dadle,3,0.00040,652093,86.04910,757815
3756,damdaepark,3,0.00040,652096,86.04950,757815
3757,danchev,3,0.00040,652099,86.04989,757815
3758,danielrs,3,0.00040,652102,86.05029,757815
3759,daniel-ziegler,3,0.00040,652105,86.05069,757815
3760,danlg,3,0.00040,652108,86.05108,757815
3761,dark16sider,3,0.00040,652111,86.05148,757815
3762,darkcoder2000,3,0.00040,652114,86.05187,757815
3763,dashsatish,3,0.00040,652117,86.05227,757815
3764,david4ilmor,3,0.00040,652120,86.05266,757815
3765,dburov190,3,0.00040,652123,86.05306,757815
3766,ddaron,3,0.00040,652126,86.05346,757815
3767,Ddd195,3,0.00040,652129,86.05385,757815
3768,deborshigoswami95,3,0.00040,652132,86.05425,757815
3769,deboutlesdamnes,3,0.00040,652135,86.05464,757815
3770,delphiRo,3,0.00040,652138,86.05504,757815
3771,demitri,3,0.00040,652141,86.05544,757815
3772,derasaria,3,0.00040,652144,86.05583,757815
3773,DerekTBrown,3,0.00040,652147,86.05623,757815
3774,developeralgo8888,3,0.00040,652150,86.05662,757815
3775,dharhas,3,0.00040,652153,86.05702,757815
3776,dhayanesh,3,0.00040,652156,86.05742,757815
3777,dhf22,3,0.00040,652159,86.05781,757815
3778,dhirschfeld,3,0.00040,652162,86.05821,757815
3779,disruptek,3,0.00040,652165,86.05860,757815
3780,dissendahl,3,0.00040,652168,86.05900,757815
3781,Di-viner,3,0.00040,652171,86.05939,757815
3782,dkorolov,3,0.00040,652174,86.05979,757815
3783,dmkulazhenko,3,0.00040,652177,86.06019,757815
3784,doctorcolossus,3,0.00040,652180,86.06058,757815
3785,dokuboyejo,3,0.00040,652183,86.06098,757815
3786,dongruixiao,3,0.00040,652186,86.06137,757815
3787,douglasuff0,3,0.00040,652189,86.06177,757815
3788,dragon28,3,0.00040,652192,86.06217,757815
3789,dragonlzm,3,0.00040,652195,86.06256,757815
3790,DrehanM,3,0.00040,652198,86.06296,757815
3791,DSFans2014,3,0.00040,652201,86.06335,757815
3792,dtaivpp,3,0.00040,652204,86.06375,757815
3793,duihuhu,3,0.00040,652207,86.06414,757815
3794,dulrich0,3,0.00040,652210,86.06454,757815
3795,duncanldavis,3,0.00040,652213,86.06494,757815
3796,duweilinr,3,0.00040,652216,86.06533,757815
3797,dvirginz,3,0.00040,652219,86.06573,757815
3798,dw011,3,0.00040,652222,86.06612,757815
3799,dzikrisyairozi,3,0.00040,652225,86.06652,757815
3800,eadlam,3,0.00040,652228,86.06692,757815
3801,eavidan,3,0.00040,652231,86.06731,757815
3802,edcxan,3,0.00040,652234,86.06771,757815
3803,edison-cc,3,0.00040,652237,86.06810,757815
3804,edward2a,3,0.00040,652240,86.06850,757815
3805,einarbmag,3,0.00040,652243,86.06890,757815
3806,elijahbenizzy,3,0.00040,652246,86.06929,757815
3807,ematvey,3,0.00040,652249,86.06969,757815
3808,Emilon1928,3,0.00040,652252,86.07008,757815
3809,EmmettBicker,3,0.00040,652255,86.07048,757815
3810,emre-aydin,3,0.00040,652258,86.07087,757815
3811,enochkan,3,0.00040,652261,86.07127,757815
3812,episodeyang,3,0.00040,652264,86.07167,757815
3813,eric-anderson,3,0.00040,652267,86.07206,757815
3814,ericbugin,3,0.00040,652270,86.07246,757815
3815,eringrant,3,0.00040,652273,86.07285,757815
3816,erlan-11,3,0.00040,652276,86.07325,757815
3817,erseema,3,0.00040,652279,86.07365,757815
3818,esham01,3,0.00040,652282,86.07404,757815
3819,etetteh,3,0.00040,652285,86.07444,757815
3820,ethandmd,3,0.00040,652288,86.07483,757815
3821,etiennedub,3,0.00040,652291,86.07523,757815
3822,EugeneKormin,3,0.00040,652294,86.07563,757815
3823,evdcush,3,0.00040,652297,86.07602,757815
3824,ewellinger,3,0.00040,652300,86.07642,757815
3825,exploringNewThings,3,0.00040,652303,86.07681,757815
3826,Extremys,3,0.00040,652306,86.07721,757815
3827,faisalhussain-devs,3,0.00040,652309,86.07760,757815
3828,FanhaiLu1,3,0.00040,652312,86.07800,757815
3829,Fassty,3,0.00040,652315,86.07840,757815
3830,fatenghriss,3,0.00040,652318,86.07879,757815
3831,Fazziekey,3,0.00040,652321,86.07919,757815
3832,fcampa7,3,0.00040,652324,86.07958,757815
3833,fdoalcos,3,0.00040,652327,86.07998,757815
3834,FedericoGarza,3,0.00040,652330,86.08038,757815
3835,fengxiaoxu96,3,0.00040,652333,86.08077,757815
3836,FieldMrFive,3,0.00040,652336,86.08117,757815
3837,fitdark,3,0.00040,652339,86.08156,757815
3838,fjeremic,3,0.00040,652342,86.08196,757815
3839,fjibj,3,0.00040,652345,86.08236,757815
3840,flanaman,3,0.00040,652348,86.08275,757815
3841,florenceloi,3,0.00040,652351,86.08315,757815
3842,FlorinAndrei,3,0.00040,652354,86.08354,757815
3843,FlynnDowey,3,0.00040,652357,86.08394,757815
3844,Fmstrat,3,0.00040,652360,86.08433,757815
3845,foice,3,0.00040,652363,86.08473,757815
3846,FormerLurker,3,0.00040,652366,86.08513,757815
3847,francis2tm,3,0.00040,652369,86.08552,757815
3848,frank-berlin,3,0.00040,652372,86.08592,757815
3849,frankstack,3,0.00040,652375,86.08631,757815
3850,FredrikM97,3,0.00040,652378,86.08671,757815
3851,frknayk,3,0.00040,652381,86.08711,757815
3852,Gabriellgpc,3,0.00040,652384,86.08750,757815
3853,Galeos93,3,0.00040,652387,86.08790,757815
3854,gangavhi,3,0.00040,652390,86.08829,757815
3855,gbathie-synboli,3,0.00040,652393,86.08869,757815
3856,gderasaria,3,0.00040,652396,86.08909,757815
3857,geniuslc11,3,0.00040,652399,86.08948,757815
3858,gentleman-turk,3,0.00040,652402,86.08988,757815
3859,getElementsByName,3,0.00040,652405,86.09027,757815
3860,GGGsk,3,0.00040,652408,86.09067,757815
3861,g-goessel,3,0.00040,652411,86.09106,757815
3862,gilfree,3,0.00040,652414,86.09146,757815
3863,gilljon,3,0.00040,652417,86.09186,757815
3864,GittiHab,3,0.00040,652420,86.09225,757815
3865,glatinone,3,0.00040,652423,86.09265,757815
3866,glesperance,3,0.00040,652426,86.09304,757815
3867,goncamateus,3,0.00040,652429,86.09344,757815
3868,goodwanghan,3,0.00040,652432,86.09384,757815
3869,GoparapukethaN,3,0.00040,652435,86.09423,757815
3870,gordoni,3,0.00040,652438,86.09463,757815
3871,gouravmohanty7070,3,0.00040,652441,86.09502,757815
3872,graceyangfan,3,0.00040,652444,86.09542,757815
3873,G-ram,3,0.00040,652447,86.09581,757815
3874,GuHongyang,3,0.00040,652450,86.09621,757815
3875,guilherme439,3,0.00040,652453,86.09661,757815
3876,gui-li,3,0.00040,652456,86.09700,757815
3877,GuillermoHijano,3,0.00040,652459,86.09740,757815
3878,guptaabha,3,0.00040,652462,86.09779,757815
3879,gursky1,3,0.00040,652465,86.09819,757815
3880,guru4elephant,3,0.00040,652468,86.09859,757815
3881,gutfeeling,3,0.00040,652471,86.09898,757815
3882,guvcolie,3,0.00040,652474,86.09938,757815
3883,guyk1971,3,0.00040,652477,86.09977,757815
3884,hakunamatata-sb,3,0.00040,652480,86.10017,757815
3885,Hank0626,3,0.00040,652483,86.10057,757815
3886,HannahAlexander,3,0.00040,652486,86.10096,757815
3887,HAOCHENYE,3,0.00040,652489,86.10136,757815
3888,haoliangjiang,3,0.00040,652492,86.10175,757815
3889,haoxinm,3,0.00040,652495,86.10215,757815
3890,hardikkgupta,3,0.00040,652498,86.10254,757815
3891,Hardlygo,3,0.00040,652501,86.10294,757815
3892,HasanTasdiq,3,0.00040,652504,86.10334,757815
3893,hcho3,3,0.00040,652507,86.10373,757815
3894,hedeesaa,3,0.00040,652510,86.10413,757815
3895,heeryerate,3,0.00040,652513,86.10452,757815
3896,heiruwu,3,0.00040,652516,86.10492,757815
3897,helperfunc,3,0.00040,652519,86.10532,757815
3898,hemanmach,3,0.00040,652522,86.10571,757815
3899,henrycharlesworth,3,0.00040,652525,86.10611,757815
3900,HideakiImamura,3,0.00040,652528,86.10650,757815
3901,hsiang-c,3,0.00040,652531,86.10690,757815
3902,hsusul,3,0.00040,652534,86.10730,757815
3903,huangzhenghz,3,0.00040,652537,86.10769,757815
3904,huitseeker,3,0.00040,652540,86.10809,757815
3905,humzaiqbal,3,0.00040,652543,86.10848,757815
3906,Hungruong,3,0.00040,652546,86.10888,757815
3907,Hutaph,3,0.00040,652549,86.10927,757815
3908,huwz2015,3,0.00040,652552,86.10967,757815
3909,huyquangtruong05,3,0.00040,652555,86.11007,757815
3910,hvpng,3,0.00040,652558,86.11046,757815
3911,hvy,3,0.00040,652561,86.11086,757815
3912,ian-cannon,3,0.00040,652564,86.11125,757815
3913,IanLeeClaxton,3,0.00040,652567,86.11165,757815
3914,ianrodney-db,3,0.00040,652570,86.11205,757815
3915,ianxmason,3,0.00040,652573,86.11244,757815
3916,ierezell,3,0.00040,652576,86.11284,757815
3917,iitzco-asapp,3,0.00040,652579,86.11323,757815
3918,ilongshan,3,0.00040,652582,86.11363,757815
3919,imanoracle,3,0.00040,652585,86.11403,757815
3920,imwangyt,3,0.00040,652588,86.11442,757815
3921,inconst,3,0.00040,652591,86.11482,757815
3922,infwinston,3,0.00040,652594,86.11521,757815
3923,InigoGastesi,3,0.00040,652597,86.11561,757815
3924,irani74,3,0.00040,652600,86.11600,757815
3925,irshadcc,3,0.00040,652603,86.11640,757815
3926,isfons,3,0.00040,652606,86.11680,757815
3927,itsparth,3,0.00040,652609,86.11719,757815
3928,ivan-yaromka,3,0.00040,652612,86.11759,757815
3929,j93hahn,3,0.00040,652615,86.11798,757815
3930,JackyMa1997,3,0.00040,652618,86.11838,757815
3931,jacobhjkim,3,0.00040,652621,86.11878,757815
3932,Jah-yee,3,0.00040,652624,86.11917,757815
3933,Jakedismo,3,0.00040,652627,86.11957,757815
3934,jakob-ed,3,0.00040,652630,86.11996,757815
3935,jalajthanaki,3,0.00040,652633,86.12036,757815
3936,james116blue,3,0.00040,652636,86.12076,757815
3937,james811223ad,3,0.00040,652639,86.12115,757815
3938,jamesbsilva,3,0.00040,652642,86.12155,757815
3939,janetli19,3,0.00040,652645,86.12194,757815
3940,janetwise,3,0.00040,652648,86.12234,757815
3941,janislavjankov,3,0.00040,652651,86.12273,757815
3942,jankinf,3,0.00040,652654,86.12313,757815
3943,janpawlowskiof,3,0.00040,652657,86.12353,757815
3944,jan-petrak,3,0.00040,652660,86.12392,757815
3945,jaromrax,3,0.00040,652663,86.12432,757815
3946,JasonHe-WQ,3,0.00040,652666,86.12471,757815
3947,jasonyeoh87,3,0.00040,652669,86.12511,757815
3948,javierabosch,3,0.00040,652672,86.12551,757815
3949,Javierzx223,3,0.00040,652675,86.12590,757815
3950,jaystarshot,3,0.00040,652678,86.12630,757815
3951,jaywonchung,3,0.00040,652681,86.12669,757815
3952,jbesomi,3,0.00040,652684,86.12709,757815
3953,jcoffi,3,0.00040,652687,86.12748,757815
3954,jdefriel,3,0.00040,652690,86.12788,757815
3955,jengelman,3,0.00040,652693,86.12828,757815
3956,JeremyLinky,3,0.00040,652696,86.12867,757815
3957,jessefeinman,3,0.00040,652699,86.12907,757815
3958,JettScythe,3,0.00040,652702,86.12946,757815
3959,jhaaditya52,3,0.00040,652705,86.12986,757815
3960,jiamings,3,0.00040,652708,86.13026,757815
3961,jiewu-stanford,3,0.00040,652711,86.13065,757815
3962,JingfeiPeng,3,0.00040,652714,86.13105,757815
3963,Jingyu-Peng,3,0.00040,652717,86.13144,757815
3964,jinjiaKarl,3,0.00040,652720,86.13184,757815
3965,jinlll123,3,0.00040,652723,86.13224,757815
3966,jinnig,3,0.00040,652726,86.13263,757815
3967,JJplane,3,0.00040,652729,86.13303,757815
3968,jlshin,3,0.00040,652732,86.13342,757815
3969,JMBokhorst,3,0.00040,652735,86.13382,757815
3970,jmrichardson,3,0.00040,652738,86.13421,757815
3971,joantunes,3,0.00040,652741,86.13461,757815
3972,jobh,3,0.00040,652744,86.13501,757815
3973,JohannesAck,3,0.00040,652747,86.13540,757815
3974,johannespitz,3,0.00040,652750,86.13580,757815
3975,johnny12150,3,0.00040,652753,86.13619,757815
3976,JohnsonKuan,3,0.00040,652756,86.13659,757815
3977,JonathanChiang,3,0.00040,652759,86.13699,757815
3978,JonathanRaynerMonumo,3,0.00040,652762,86.13738,757815
3979,joshuaathomas94,3,0.00040,652765,86.13778,757815
3980,JoshuaCrestone,3,0.00040,652768,86.13817,757815
3981,JovanCe,3,0.00040,652771,86.13857,757815
3982,jrtcppv,3,0.00040,652774,86.13897,757815
3983,jseppanen,3,0.00040,652777,86.13936,757815
3984,juangtato-ds,3,0.00040,652780,86.13976,757815
3985,juhaszp95,3,0.00040,652783,86.14015,757815
3986,JulianLorenz,3,0.00040,652786,86.14055,757815
3987,juliusberner,3,0.00040,652789,86.14094,757815
3988,jungwoowoo,3,0.00040,652792,86.14134,757815
3989,Junphy-Jan,3,0.00040,652795,86.14174,757815
3990,Junyi-Wang-6,3,0.00040,652798,86.14213,757815
3991,justin-miller-zefr,3,0.00040,652801,86.14253,757815
3992,jwohlwend,3,0.00040,652804,86.14292,757815
3993,jyotishp,3,0.00040,652807,86.14332,757815
3994,k0286,3,0.00040,652810,86.14372,757815
3995,KangTomwk,3,0.00040,652813,86.14411,757815
3996,kapilPython,3,0.00040,652816,86.14451,757815
3997,KarhouTam,3,0.00040,652819,86.14490,757815
3998,Karol-G,3,0.00040,652822,86.14530,757815
3999,kbichave,3,0.00040,652825,86.14570,757815
4000,kcorder,3,0.00040,652828,86.14609,757815
4001,kenny99k,3,0.00040,652831,86.14649,757815
4002,kevbanawis,3,0.00040,652834,86.14688,757815
4003,kjang96,3,0.00040,652837,86.14728,757815
4004,kleecmt,3,0.00040,652840,86.14767,757815
4005,kmattim5,3,0.00040,652843,86.14807,757815
4006,kocmurat93,3,0.00040,652846,86.14847,757815
4007,kong13661,3,0.00040,652849,86.14886,757815
4008,koushikam,3,0.00040,652852,86.14926,757815
4009,krisbrud,3,0.00040,652855,86.14965,757815
4010,kristinepetrosyan,3,0.00040,652858,86.15005,757815
4011,kronion,3,0.00040,652861,86.15045,757815
4012,KrTG,3,0.00040,652864,86.15084,757815
4013,kuishou68,3,0.00040,652867,86.15124,757815
4014,Kuroakira,3,0.00040,652870,86.15163,757815
4015,kushalthaman,3,0.00040,652873,86.15203,757815
4016,kuza55,3,0.00040,652876,86.15243,757815
4017,kvaithin,3,0.00040,652879,86.15282,757815
4018,kylesutton,3,0.00040,652882,86.15322,757815
4019,kyuyeonpooh,3,0.00040,652885,86.15361,757815
4020,lacerdamarcelo,3,0.00040,652888,86.15401,757815
4021,lada-kunc,3,0.00040,652891,86.15440,757815
4022,Lawiss,3,0.00040,652894,86.15480,757815
4023,lcipolina,3,0.00040,652897,86.15520,757815
4024,lcodeca,3,0.00040,652900,86.15559,757815
4025,leandro-ventimiglia,3,0.00040,652903,86.15599,757815
4026,leeykang,3,0.00040,652906,86.15638,757815
4027,Lehui Liu,3,0.00040,652909,86.15678,757815
4028,LeHyperion,3,0.00040,652912,86.15718,757815
4029,leishiao,3,0.00040,652915,86.15757,757815
4030,lemairecarl,3,0.00040,652918,86.15797,757815
4031,leoentersthevoid,3,0.00040,652921,86.15836,757815
4032,Liadrinz,3,0.00040,652924,86.15876,757815
4033,liamlee,3,0.00040,652927,86.15915,757815
4034,lihost,3,0.00040,652930,86.15955,757815
4035,LilDojd,3,0.00040,652933,86.15995,757815
4036,limash,3,0.00040,652936,86.16034,757815
4037,Lionss3000,3,0.00040,652939,86.16074,757815
4038,liside,3,0.00040,652942,86.16113,757815
4039,liuyuecheng-github,3,0.00040,652945,86.16153,757815
4040,liyingathere,3,0.00040,652948,86.16193,757815
4041,LLT1,3,0.00040,652951,86.16232,757815
4042,lnguyenPHI,3,0.00040,652954,86.16272,757815
4043,Lorenzo-Giardi,3,0.00040,652957,86.16311,757815
4044,lorenzoritter,3,0.00040,652960,86.16351,757815
4045,LoveHeat,3,0.00040,652963,86.16391,757815
4046,luanyunteng,3,0.00040,652966,86.16430,757815
4047,LuckyHouse,3,0.00040,652969,86.16470,757815
4048,ludar,3,0.00040,652972,86.16509,757815
4049,lufol,3,0.00040,652975,86.16549,757815
4050,luigiw,3,0.00040,652978,86.16588,757815
4051,LukeAI,3,0.00040,652981,86.16628,757815
4052,lust4life,3,0.00040,652984,86.16668,757815
4053,luv003,3,0.00040,652987,86.16707,757815
4054,luvk1412,3,0.00040,652990,86.16747,757815
4055,magicly,3,0.00040,652993,86.16786,757815
4056,Mahmoud3zzat,3,0.00040,652996,86.16826,757815
4057,mak-454,3,0.00040,652999,86.16866,757815
4058,makdoudN,3,0.00040,653002,86.16905,757815
4059,ManishSharma1609,3,0.00040,653005,86.16945,757815
4060,mantaco1,3,0.00040,653008,86.16984,757815
4061,marcelocarmona,3,0.00040,653011,86.17024,757815
4062,marceloruizrodriguez,3,0.00040,653014,86.17064,757815
4063,marcm-ml,3,0.00040,653017,86.17103,757815
4064,marcociccone,3,0.00040,653020,86.17143,757815
4065,maritzamarianortiz-cpu,3,0.00040,653023,86.17182,757815
4066,markjm,3,0.00040,653026,86.17222,757815
4067,markste-in,3,0.00040,653029,86.17261,757815
4068,marnixkoops,3,0.00040,653032,86.17301,757815
4069,MarselScheer,3,0.00040,653035,86.17341,757815
4070,martinkoenig,3,0.00040,653038,86.17380,757815
4071,martystack,3,0.00040,653041,86.17420,757815
4072,ma-sattari,3,0.00040,653044,86.17459,757815
4073,matej-macak-qb,3,0.00040,653047,86.17499,757815
4074,mattdornfeld,3,0.00040,653050,86.17539,757815
4075,matteo-bastico,3,0.00040,653053,86.17578,757815
4076,matter-funds,3,0.00040,653056,86.17618,757815
4077,maximilianolucius,3,0.00040,653059,86.17657,757815
4078,Maxwell2017,3,0.00040,653062,86.17697,757815
4079,mbignotti,3,0.00040,653065,86.17737,757815
4080,mch5048,3,0.00040,653068,86.17776,757815
4081,mengyan-anyscale,3,0.00040,653071,86.17816,757815
4082,messmor,3,0.00040,653074,86.17855,757815
4083,mgschm,3,0.00040,653077,86.17895,757815
4084,mguarin0,3,0.00040,653080,86.17934,757815
4085,micah-yong-ai,3,0.00040,653083,86.17974,757815
4086,Michaelhess17,3,0.00040,653086,86.18014,757815
4087,michaelloewenstein,3,0.00040,653089,86.18053,757815
4088,Michalos88,3,0.00040,653092,86.18093,757815
4089,microprediction,3,0.00040,653095,86.18132,757815
4090,Mikhai56,3,0.00040,653098,86.18172,757815
4091,millefalcon,3,0.00040,653101,86.18212,757815
4092,mingjunwang88,3,0.00040,653104,86.18251,757815
4093,Minyus,3,0.00040,653107,86.18291,757815
4094,misterguick,3,0.00040,653110,86.18330,757815
4095,Misterion777,3,0.00040,653113,86.18370,757815
4096,Mizokuiam,3,0.00040,653116,86.18410,757815
4097,mm04926412,3,0.00040,653119,86.18449,757815
4098,mojivalipour,3,0.00040,653122,86.18489,757815
4099,mopga,3,0.00040,653125,86.18528,757815
4100,movchan74,3,0.00040,653128,86.18568,757815
4101,MoZZez,3,0.00040,653131,86.18607,757815
4102,mraheja,3,0.00040,653134,86.18647,757815
4103,Mr-Neutr0n,3,0.00040,653137,86.18687,757815
4104,msinha251,3,0.00040,653140,86.18726,757815
4105,MTHSBGN,3,0.00040,653143,86.18766,757815
4106,mullinix,3,0.00040,653146,86.18805,757815
4107,muratkoc93,3,0.00040,653149,86.18845,757815
4108,m-walters,3,0.00040,653152,86.18885,757815
4109,mwbyeon,3,0.00040,653155,86.18924,757815
4110,mwin76,3,0.00040,653158,86.18964,757815
4111,MyeongKim,3,0.00040,653161,86.19003,757815
4112,myron0330,3,0.00040,653164,86.19043,757815
4113,mzaiprog,3,0.00040,653167,86.19082,757815
4114,mzakharocsc,3,0.00040,653170,86.19122,757815
4115,n3011,3,0.00040,653173,86.19162,757815
4116,nagasatish007,3,0.00040,653176,86.19201,757815
4117,NarasimhaM3101,3,0.00040,653179,86.19241,757815
4118,Na-YoungKim,3,0.00040,653182,86.19280,757815
4119,nb-themes,3,0.00040,653185,86.19320,757815
4120,ndalton12,3,0.00040,653188,86.19360,757815
4121,neel04,3,0.00040,653191,86.19399,757815
4122,nesou2,3,0.00040,653194,86.19439,757815
4123,neuromechanist,3,0.00040,653197,86.19478,757815
4124,nicklausbrown,3,0.00040,653200,86.19518,757815
4125,NicolasGrosjeanProbayes,3,0.00040,653203,86.19558,757815
4126,Nicolaus93,3,0.00040,653206,86.19597,757815
4127,nihaoqingtuan,3,0.00040,653209,86.19637,757815
4128,nikhilbalwani,3,0.00040,653212,86.19676,757815
4129,nikhil-sthalekar,3,0.00040,653215,86.19716,757815
4130,ninell-oldenburg,3,0.00040,653218,86.19755,757815
4131,Nishanthml,3,0.00040,653221,86.19795,757815
4132,nixonthe,3,0.00040,653224,86.19835,757815
4133,nlztrk,3,0.00040,653227,86.19874,757815
4134,nocluebutalotofit,3,0.00040,653230,86.19914,757815
4135,nojup,3,0.00040,653233,86.19953,757815
4136,nonlimited,3,0.00040,653236,86.19993,757815
4137,nono-Sang,3,0.00040,653239,86.20033,757815
4138,nopanderer,3,0.00040,653242,86.20072,757815
4139,noron12234,3,0.00040,653245,86.20112,757815
4140,nosugerhcc,3,0.00040,653248,86.20151,757815
4141,Novemser,3,0.00040,653251,86.20191,757815
4142,nowbug,3,0.00040,653254,86.20231,757815
4143,noyoshi,3,0.00040,653257,86.20270,757815
4144,npit,3,0.00040,653260,86.20310,757815
4145,nthanapaisal,3,0.00040,653263,86.20349,757815
4146,ntkathole,3,0.00040,653266,86.20389,757815
4147,Numchies,3,0.00040,653269,86.20428,757815
4148,nuscire,3,0.00040,653272,86.20468,757815
4149,nyielding,3,0.00040,653275,86.20508,757815
4150,ochapman-dphil,3,0.00040,653278,86.20547,757815
4151,odelalleau,3,0.00040,653281,86.20587,757815
4152,odp,3,0.00040,653284,86.20626,757815
4153,oelhammouchi,3,0.00040,653287,86.20666,757815
4154,ohm314,3,0.00040,653290,86.20706,757815
4155,okyx,3,0.00040,653293,86.20745,757815
4156,oleg-savko,3,0.00040,653296,86.20785,757815
4157,omkar-334,3,0.00040,653299,86.20824,757815
4158,OngartCharoenpaiboonsin,3,0.00040,653302,86.20864,757815
4159,Onionssss,3,0.00040,653305,86.20904,757815
4160,onlytailei,3,0.00040,653308,86.20943,757815
4161,OrEisenberg,3,0.00040,653311,86.20983,757815
4162,OrlMat,3,0.00040,653314,86.21022,757815
4163,outdoteth,3,0.00040,653317,86.21062,757815
4164,ozen,3,0.00040,653320,86.21101,757815
4165,paa1750,3,0.00040,653323,86.21141,757815
4166,padumergue,3,0.00040,653326,86.21181,757815
4167,PanAndy,3,0.00040,653329,86.21220,757815
4168,paolorechia,3,0.00040,653332,86.21260,757815
4169,Parigya,3,0.00040,653335,86.21299,757815
4170,patches11,3,0.00040,653338,86.21339,757815
4171,path-park,3,0.00040,653341,86.21379,757815
4172,paulbareilCodotek,3,0.00040,653344,86.21418,757815
4173,Pavel-Konarik,3,0.00040,653347,86.21458,757815
4174,pcheema-scribd,3,0.00040,653350,86.21497,757815
4175,p-crsx,3,0.00040,653353,86.21537,757815
4176,PeadarOhAodha,3,0.00040,653356,86.21577,757815
4177,PedrV,3,0.00040,653359,86.21616,757815
4178,pekalam,3,0.00040,653362,86.21656,757815
4179,pengliangml,3,0.00040,653365,86.21695,757815
4180,pengye91,3,0.00040,653368,86.21735,757815
4181,PeppaCat,3,0.00040,653371,86.21774,757815
4182,petrock99,3,0.00040,653374,86.21814,757815
4183,phoerious,3,0.00040,653377,86.21854,757815
4184,pierreia,3,0.00040,653380,86.21893,757815
4185,PiggyFan,3,0.00040,653383,86.21933,757815
4186,pinggao187,3,0.00040,653386,86.21972,757815
4187,piscesvivian,3,0.00040,653389,86.22012,757815
4188,p-morais,3,0.00040,653392,86.22052,757815
4189,polovinko1980,3,0.00040,653395,86.22091,757815
4190,polyzer,3,0.00040,653398,86.22131,757815
4191,PonteIneptique,3,0.00040,653401,86.22170,757815
4192,pouyajafarian,3,0.00040,653404,86.22210,757815
4193,powxoper,3,0.00040,653407,86.22249,757815
4194,ppo55665566,3,0.00040,653410,86.22289,757815
4195,pqlmwam,3,0.00040,653413,86.22329,757815
4196,pradipneupane,3,0.00040,653416,86.22368,757815
4197,pragyagarg642,3,0.00040,653419,86.22408,757815
4198,pranay-begw,3,0.00040,653422,86.22447,757815
4199,PranayPasula,3,0.00040,653425,86.22487,757815
4200,PranaySewatkar,3,0.00040,653428,86.22527,757815
4201,Priya-753,3,0.00040,653431,86.22566,757815
4202,programmerlwj,3,0.00040,653434,86.22606,757815
4203,psambit9791,3,0.00040,653437,86.22645,757815
4204,psarka,3,0.00040,653440,86.22685,757815
4205,pscholle,3,0.00040,653443,86.22725,757815
4206,psytron,3,0.00040,653446,86.22764,757815
4207,pth2000,3,0.00040,653449,86.22804,757815
4208,qmihau,3,0.00040,653452,86.22843,757815
4209,qsz13,3,0.00040,653455,86.22883,757815
4210,quancs,3,0.00040,653458,86.22922,757815
4211,quangshuynh,3,0.00040,653461,86.22962,757815
4212,Queimo,3,0.00040,653464,86.23002,757815
4213,RagavMaddali,3,0.00040,653467,86.23041,757815
4214,RaghuSpaceRajan,3,0.00040,653470,86.23081,757815
4215,rahulmadanraju,3,0.00040,653473,86.23120,757815
4216,RahulMR42,3,0.00040,653476,86.23160,757815
4217,Raini-zhe,3,0.00040,653479,86.23200,757815
4218,RajeevDash007,3,0.00040,653482,86.23239,757815
4219,raju249,3,0.00040,653485,86.23279,757815
4220,Ramandeep2121,3,0.00040,653488,86.23318,757815
4221,ranandfigma,3,0.00040,653491,86.23358,757815
4222,Random-Word,3,0.00040,653494,86.23398,757815
4223,raoxing-biomap,3,0.00040,653497,86.23437,757815
4224,RashiqAzhan,3,0.00040,653500,86.23477,757815
4225,rasmus-unity,3,0.00040,653503,86.23516,757815
4226,RBrearton,3,0.00040,653506,86.23556,757815
4227,realharryhero,3,0.00040,653509,86.23595,757815
4228,reallyticsai,3,0.00040,653512,86.23635,757815
4229,rebel-scottlee,3,0.00040,653515,86.23675,757815
4230,Red-Eyed,3,0.00040,653518,86.23714,757815
4231,RemKamal,3,0.00040,653521,86.23754,757815
4232,Rendok,3,0.00040,653524,86.23793,757815
4233,renyuchen22,3,0.00040,653527,86.23833,757815
4234,reubenvanammers,3,0.00040,653530,86.23873,757815
4235,rgommers,3,0.00040,653533,86.23912,757815
4236,rich7420,3,0.00040,653536,86.23952,757815
4237,RickDW,3,0.00040,653539,86.23991,757815
4238,riddhihalade,3,0.00040,653542,86.24031,757815
4239,Riddim,3,0.00040,653545,86.24071,757815
4240,RisinT96,3,0.00040,653548,86.24110,757815
4241,robin5540,3,0.00040,653551,86.24150,757815
4242,robindume,3,0.00040,653554,86.24189,757815
4243,RobinKa,3,0.00040,653557,86.24229,757815
4244,Rohanjames1997,3,0.00040,653560,86.24268,757815
4245,RolandZimmermann,3,0.00040,653563,86.24308,757815
4246,ronny-standtke,3,0.00040,653566,86.24348,757815
4247,roshaninfordham,3,0.00040,653569,86.24387,757815
4248,rosnfeld,3,0.00040,653572,86.24427,757815
4249,rt849122,3,0.00040,653575,86.24466,757815
4250,ruiminshen,3,0.00040,653578,86.24506,757815
4251,ruochiz,3,0.00040,653581,86.24546,757815
4252,rupertcw,3,0.00040,653584,86.24585,757815
4253,ruturajsambhusvt,3,0.00040,653587,86.24625,757815
4254,sabeaussan,3,0.00040,653590,86.24664,757815
4255,sachag678,3,0.00040,653593,86.24704,757815
4256,saggar,3,0.00040,653596,86.24744,757815
4257,saitejabandaru-in,3,0.00040,653599,86.24783,757815
4258,SamComber,3,0.00040,653602,86.24823,757815
4259,sam-h-bean,3,0.00040,653605,86.24862,757815
4260,sammuli,3,0.00040,653608,86.24902,757815
4261,Sangboom,3,0.00040,653611,86.24941,757815
4262,sanjay-nit,3,0.00040,653614,86.24981,757815
4263,saryazdi,3,0.00040,653617,86.25021,757815
4264,SashaMIT,3,0.00040,653620,86.25060,757815
4265,sasikumar96-raju,3,0.00040,653623,86.25100,757815
4266,SaSikun,3,0.00040,653626,86.25139,757815
4267,satish-madugula,3,0.00040,653629,86.25179,757815
4268,sbuschjaeger,3,0.00040,653632,86.25219,757815
4269,scalers-ai,3,0.00040,653635,86.25258,757815
4270,scorchio,3,0.00040,653638,86.25298,757815
4271,ScottShingler,3,0.00040,653641,86.25337,757815
4272,seanshi-scale,3,0.00040,653644,86.25377,757815
4273,sebastiandero,3,0.00040,653647,86.25416,757815
4274,sebastiankochman,3,0.00040,653650,86.25456,757815
4275,selvaganesang,3,0.00040,653653,86.25496,757815
4276,Senmumu,3,0.00040,653656,86.25535,757815
4277,seyuboglu,3,0.00040,653659,86.25575,757815
4278,sfc-gh-shchen,3,0.00040,653662,86.25614,757815
4279,sgbaird,3,0.00040,653665,86.25654,757815
4280,sgleske-ias,3,0.00040,653668,86.25694,757815
4281,shahrukhx01,3,0.00040,653671,86.25733,757815
4282,shakkeel1330,3,0.00040,653674,86.25773,757815
4283,shamik-biswas-rft,3,0.00040,653677,86.25812,757815
4284,shenganzhang,3,0.00040,653680,86.25852,757815
4285,ShenJiahuan,3,0.00040,653683,86.25892,757815
4286,shihshaoni,3,0.00040,653686,86.25931,757815
4287,shril,3,0.00040,653689,86.25971,757815
4288,shsheyda,3,0.00040,653692,86.26010,757815
4289,ShuangQiuac,3,0.00040,653695,86.26050,757815
4290,siantist,3,0.00040,653698,86.26089,757815
4291,sigmundv,3,0.00040,653701,86.26129,757815
4292,silverbulletmdc,3,0.00040,653704,86.26169,757815
4293,simenandresen,3,0.00040,653707,86.26208,757815
4294,SimonHeim,3,0.00040,653710,86.26248,757815
4295,Simple-meimei,3,0.00040,653713,86.26287,757815
4296,singhai0,3,0.00040,653716,86.26327,757815
4297,SisPiao,3,0.00040,653719,86.26367,757815
4298,sjais57,3,0.00040,653722,86.26406,757815
4299,SJ-L,3,0.00040,653725,86.26446,757815
4300,sjulias,3,0.00040,653728,86.26485,757815
4301,skamalj,3,0.00040,653731,86.26525,757815
4302,skamkar,3,0.00040,653734,86.26565,757815
4303,skrawcz,3,0.00040,653737,86.26604,757815
4304,skuma307,3,0.00040,653740,86.26644,757815
4305,Skylark0924,3,0.00040,653743,86.26683,757815
4306,sleepingcat4,3,0.00040,653746,86.26723,757815
4307,smacpher,3,0.00040,653749,86.26762,757815
4308,smsxgz,3,0.00040,653752,86.26802,757815
4309,sokratisvas,3,0.00040,653755,86.26842,757815
4310,soluwalana,3,0.00040,653758,86.26881,757815
4311,Songloading,3,0.00040,653761,86.26921,757815
4312,sortiz-hub,3,0.00040,653764,86.26960,757815
4313,Souphis,3,0.00040,653767,86.27000,757815
4314,souvikchand,3,0.00040,653770,86.27040,757815
4315,sp608,3,0.00040,653773,86.27079,757815
4316,spate141,3,0.00040,653776,86.27119,757815
4317,spearman,3,0.00040,653779,86.27158,757815
4318,spiralhead,3,0.00040,653782,86.27198,757815
4319,sputnik-mac,3,0.00040,653785,86.27238,757815
4320,Sridhar701Pitt,3,0.00040,653788,86.27277,757815
4321,srini047,3,0.00040,653791,86.27317,757815
4322,ssanyal-latai,3,0.00040,653794,86.27356,757815
4323,stanlee1986,3,0.00040,653797,86.27396,757815
4324,stbnps,3,0.00040,653800,86.27435,757815
4325,SteNicholas,3,0.00040,653803,86.27475,757815
4326,Stephanehk,3,0.00040,653806,86.27515,757815
4327,stephen-mcaleer,3,0.00040,653809,86.27554,757815
4328,stevenhubhub,3,0.00040,653812,86.27594,757815
4329,steven-twelve,3,0.00040,653815,86.27633,757815
4330,subhashbylaiah,3,0.00040,653818,86.27673,757815
4331,Suchandan,3,0.00040,653821,86.27713,757815
4332,sudoAshroom,3,0.00040,653824,86.27752,757815
4333,suexu1025,3,0.00040,653827,86.27792,757815
4334,sujit420,3,0.00040,653830,86.27831,757815
4335,suleka96,3,0.00040,653833,86.27871,757815
4336,SunnyGhj,3,0.00040,653836,86.27911,757815
4337,superaja,3,0.00040,653839,86.27950,757815
4338,supercocoa,3,0.00040,653842,86.27990,757815
4339,supermoduli,3,0.00040,653845,86.28029,757815
4340,suptejas,3,0.00040,653848,86.28069,757815
4341,suzuri-lollipop,3,0.00040,653851,86.28108,757815
4342,Svito-zar,3,0.00040,653854,86.28148,757815
4343,Syno8,3,0.00040,653857,86.28188,757815
4344,syuntoku14,3,0.00040,653860,86.28227,757815
4345,szaher,3,0.00040,653863,86.28267,757815
4346,szkLaszlo,3,0.00040,653866,86.28306,757815
4347,taeho-dable,3,0.00040,653869,86.28346,757815
4348,tani,3,0.00040,653872,86.28386,757815
4349,tardism,3,0.00040,653875,86.28425,757815
4350,tarjintor,3,0.00040,653878,86.28465,757815
4351,tas17,3,0.00040,653881,86.28504,757815
4352,Taurus-Le,3,0.00040,653884,86.28544,757815
4353,TedDeVriesLentsch,3,0.00040,653887,86.28583,757815
4354,TeddyBear1314,3,0.00040,653890,86.28623,757815
4355,tensorsofthewall,3,0.00040,653893,86.28663,757815
4356,TenTen-Teng,3,0.00040,653896,86.28702,757815
4357,teocns,3,0.00040,653899,86.28742,757815
4358,Theelx,3,0.00040,653902,86.28781,757815
4359,TheFizzWare,3,0.00040,653905,86.28821,757815
4360,TheHolyRoger,3,0.00040,653908,86.28861,757815
4361,theoturner,3,0.00040,653911,86.28900,757815
4362,Therealchainman,3,0.00040,653914,86.28940,757815
4363,Thompson104,3,0.00040,653917,86.28979,757815
4364,thvaisa,3,0.00040,653920,86.29019,757815
4365,TianrenWang,3,0.00040,653923,86.29059,757815
4366,tihom,3,0.00040,653926,86.29098,757815
4367,TimZaragori,3,0.00040,653929,86.29138,757815
4368,t-indumathy,3,0.00040,653932,86.29177,757815
4369,TingXuanChen,3,0.00040,653935,86.29217,757815
4370,Tinusf,3,0.00040,653938,86.29256,757815
4371,tirkarthi,3,0.00040,653941,86.29296,757815
4372,tkang007,3,0.00040,653944,86.29336,757815
4373,tlinkin,3,0.00040,653947,86.29375,757815
4374,tmorgan4,3,0.00040,653950,86.29415,757815
4375,to266,3,0.00040,653953,86.29454,757815
4376,tomchify,3,0.00040,653956,86.29494,757815
4377,tomergee,3,0.00040,653959,86.29534,757815
4378,tomtseng,3,0.00040,653962,86.29573,757815
4379,TomVeniat,3,0.00040,653965,86.29613,757815
4380,tongyifan,3,0.00040,653968,86.29652,757815
4381,tonyf,3,0.00040,653971,86.29692,757815
4382,TonyLianLong,3,0.00040,653974,86.29732,757815
4383,TooSchoolForCool,3,0.00040,653977,86.29771,757815
4384,toru34,3,0.00040,653980,86.29811,757815
4385,ToruOwO,3,0.00040,653983,86.29850,757815
4386,totoroyyb,3,0.00040,653986,86.29890,757815
4387,toyamagu-2021,3,0.00040,653989,86.29929,757815
4388,toza-mimoza,3,0.00040,653992,86.29969,757815
4389,trenta3,3,0.00040,653995,86.30009,757815
4390,TristanKalloniatis,3,0.00040,653998,86.30048,757815
4391,trymte,3,0.00040,654001,86.30088,757815
4392,tson1111,3,0.00040,654004,86.30127,757815
4393,tsvisab,3,0.00040,654007,86.30167,757815
4394,tuln128,3,0.00040,654010,86.30207,757815
4395,tungh2,3,0.00040,654013,86.30246,757815
4396,tytarsi,3,0.00040,654016,86.30286,757815
4397,uazafar,3,0.00040,654019,86.30325,757815
4398,udayk13,3,0.00040,654022,86.30365,757815
4399,uduse,3,0.00040,654025,86.30405,757815
4400,ugiordan,3,0.00040,654028,86.30444,757815
4401,ULudo,3,0.00040,654031,86.30484,757815
4402,urimerhav,3,0.00040,654034,86.30523,757815
4403,VadisettyRahul,3,0.00040,654037,86.30563,757815
4404,vaibhavbafna5,3,0.00040,654040,86.30602,757815
4405,valerie-cal,3,0.00040,654043,86.30642,757815
4406,vandimmi,3,0.00040,654046,86.30682,757815
4407,vara-bonthu,3,0.00040,654049,86.30721,757815
4408,varunsridhar1,3,0.00040,654052,86.30761,757815
4409,vasnakh,3,0.00040,654055,86.30800,757815
4410,VasundharaAgarwal,3,0.00040,654058,86.30840,757815
4411,vengroff,3,0.00040,654061,86.30880,757815
4412,venkatajagannath,3,0.00040,654064,86.30919,757815
4413,veredhalperin,3,0.00040,654067,86.30959,757815
4414,Vickzhang,3,0.00040,654070,86.30998,757815
4415,viksharma1987,3,0.00040,654073,86.31038,757815
4416,vincentqb,3,0.00040,654076,86.31078,757815
4417,VindyaKonjarla,3,0.00040,654079,86.31117,757815
4418,vinzm,3,0.00040,654082,86.31157,757815
4419,violivei,3,0.00040,654085,86.31196,757815
4420,Vitaliy-Pikalo,3,0.00040,654088,86.31236,757815
4421,vitslam,3,0.00040,654091,86.31275,757815
4422,vladidobro,3,0.00040,654094,86.31315,757815
4423,VRP-github,3,0.00040,654097,86.31355,757815
4424,vruvora,3,0.00040,654100,86.31394,757815
4425,vsergeyev,3,0.00040,654103,86.31434,757815
4426,waarmond,3,0.00040,654106,86.31473,757815
4427,wallneradam,3,0.00040,654109,86.31513,757815
4428,Wanderx13,3,0.00040,654112,86.31553,757815
4429,wangsoft,3,0.00040,654115,86.31592,757815
4430,wangwwno1,3,0.00040,654118,86.31632,757815
4431,warren-sentient,3,0.00040,654121,86.31671,757815
4432,wayyoungboy,3,0.00040,654124,86.31711,757815
4433,wdapalma,3,0.00040,654127,86.31750,757815
4434,WeipingQu,3,0.00040,654130,86.31790,757815
4435,wenhaozhao011-cmd,3,0.00040,654133,86.31830,757815
4436,werkt,3,0.00040,654136,86.31869,757815
4437,wes3985,3,0.00040,654139,86.31909,757815
4438,wgifford,3,0.00040,654142,86.31948,757815
4439,Wheeeeeeeeels,3,0.00040,654145,86.31988,757815
4440,whitelilis,3,0.00040,654148,86.32028,757815
4441,Whning0513,3,0.00040,654151,86.32067,757815
4442,wildsky95,3,0.00040,654154,86.32107,757815
4443,willfrey,3,0.00040,654157,86.32146,757815
4444,winningsix,3,0.00040,654160,86.32186,757815
4445,wired-mind,3,0.00040,654163,86.32226,757815
4446,wirehack,3,0.00040,654166,86.32265,757815
4447,wjykl22,3,0.00040,654169,86.32305,757815
4448,wlx65003,3,0.00040,654172,86.32344,757815
4449,Wsirius,3,0.00040,654175,86.32384,757815
4450,wuyeguo,3,0.00040,654178,86.32423,757815
4451,wwoods,3,0.00040,654181,86.32463,757815
4452,XanderKehoe,3,0.00040,654184,86.32503,757815
4453,xbinglzh,3,0.00040,654187,86.32542,757815
4454,xiaolin-cheng,3,0.00040,654190,86.32582,757815
4455,Xinchengzelin,3,0.00040,654193,86.32621,757815
4456,xiting-happy,3,0.00040,654196,86.32661,757815
4457,xuanqing94,3,0.00040,654199,86.32701,757815
4458,xujinlai,3,0.00040,654202,86.32740,757815
4459,xuxiaoqiang666,3,0.00040,654205,86.32780,757815
4460,yabuchan,3,0.00040,654208,86.32819,757815
4461,yanggthomas,3,0.00040,654211,86.32859,757815
4462,Yanghello,3,0.00040,654214,86.32899,757815
4463,yankees5963,3,0.00040,654217,86.32938,757815
4464,yankerssnh,3,0.00040,654220,86.32978,757815
4465,yanyuechuixue,3,0.00040,654223,86.33017,757815
4466,yap231995,3,0.00040,654226,86.33057,757815
4467,yaronskaya,3,0.00040,654229,86.33096,757815
4468,yashwa7,3,0.00040,654232,86.33136,757815
4469,YDenker,3,0.00040,654235,86.33176,757815
4470,Yhinner,3,0.00040,654238,86.33215,757815
4471,yifanwu,3,0.00040,654241,86.33255,757815
4472,yijing332,3,0.00040,654244,86.33294,757815
4473,yingfeng,3,0.00040,654247,86.33334,757815
4474,yinlinzhan,3,0.00040,654250,86.33374,757815
4475,yinli-systems,3,0.00040,654253,86.33413,757815
4476,ysx001,3,0.00040,654256,86.33453,757815
4477,YuejiYang,3,0.00040,654259,86.33492,757815
4478,yuriy-yarosh,3,0.00040,654262,86.33532,757815
4479,YuxuanXie,3,0.00040,654265,86.33572,757815
4480,yxtay,3,0.00040,654268,86.33611,757815
4481,yydai,3,0.00040,654271,86.33651,757815
4482,zestze,3,0.00040,654274,86.33690,757815
4483,zhaoxu98,3,0.00040,654277,86.33730,757815
4484,zhichao-li,3,0.00040,654280,86.33769,757815
4485,zhifeng-huang,3,0.00040,654283,86.33809,757815
4486,zhiyi57,3,0.00040,654286,86.33849,757815
4487,zhuhj-tery,3,0.00040,654289,86.33888,757815
4488,zixunzhang2024-dd,3,0.00040,654292,86.33928,757815
4489,zmuxuny,3,0.00040,654295,86.33967,757815
4490,ZpWaitingForSunshine,3,0.00040,654298,86.34007,757815
4491,zyh3826,3,0.00040,654301,86.34047,757815
4492,zzb54321,3,0.00040,654304,86.34086,757815
4493,zzkcaesar,3,0.00040,654307,86.34126,757815
4494,04dhanushn,2,0.00026,654309,86.34152,757815
4495,0asa,2,0.00026,654311,86.34179,757815
4496,0z5a,2,0.00026,654313,86.34205,757815
4497,112292454,2,0.00026,654315,86.34231,757815
4498,1214583505,2,0.00026,654317,86.34258,757815
4499,12qu,2,0.00026,654319,86.34284,757815
4500,1436033631,2,0.00026,654321,86.34310,757815
4501,19greg96,2,0.00026,654323,86.34337,757815
4502,2010019970909,2,0.00026,654325,86.34363,757815
4503,2063436123,2,0.00026,654327,86.34390,757815
4504,23ewrdtf,2,0.00026,654329,86.34416,757815
4505,2726651506,2,0.00026,654331,86.34442,757815
4506,28140,2,0.00026,654333,86.34469,757815
4507,2SkeePeR2,2,0.00026,654335,86.34495,757815
4508,3498972895,2,0.00026,654337,86.34522,757815
4509,57334502,2,0.00026,654339,86.34548,757815
4510,652994331,2,0.00026,654341,86.34574,757815
4511,7ckingBest,2,0.00026,654343,86.34601,757815
4512,8key,2,0.00026,654345,86.34627,757815
4513,Aayush2492,2,0.00026,654347,86.34654,757815
4514,abhayraw1,2,0.00026,654349,86.34680,757815
4515,abheesht17,2,0.00026,654351,86.34706,757815
4516,AbhishekBose,2,0.00026,654353,86.34733,757815
4517,abhishekjain1982,2,0.00026,654355,86.34759,757815
4518,Abhyudhey,2,0.00026,654357,86.34786,757815
4519,abishekk92,2,0.00026,654359,86.34812,757815
4520,acake88,2,0.00026,654361,86.34838,757815
4521,Acciorocketships,2,0.00026,654363,86.34865,757815
4522,Accurio,2,0.00026,654365,86.34891,757815
4523,achilleess,2,0.00026,654367,86.34917,757815
4524,AchimA,2,0.00026,654369,86.34944,757815
4525,adamelk,2,0.00026,654371,86.34970,757815
4526,adam-katona,2,0.00026,654373,86.34997,757815
4527,adibiasio,2,0.00026,654375,86.35023,757815
4528,adimalkar,2,0.00026,654377,86.35049,757815
4529,aditya-khant,2,0.00026,654379,86.35076,757815
4530,adivekar-utexas,2,0.00026,654381,86.35102,757815
4531,Adjei-Mensah,2,0.00026,654383,86.35129,757815
4532,adlerjan,2,0.00026,654385,86.35155,757815
4533,adolphinvx,2,0.00026,654387,86.35181,757815
4534,adrianloy,2,0.00026,654389,86.35208,757815
4535,adsharma,2,0.00026,654391,86.35234,757815
4536,ae20cg,2,0.00026,654393,86.35261,757815
4537,afarid,2,0.00026,654395,86.35287,757815
4538,ahemon,2,0.00026,654397,86.35313,757815
4539,AhmetFurkanDEMIR,2,0.00026,654399,86.35340,757815
4540,ahsanemon,2,0.00026,654401,86.35366,757815
4541,aidanmclaughlin,2,0.00026,654403,86.35393,757815
4542,AI-Guru,2,0.00026,654405,86.35419,757815
4543,aishwarya-mundley,2,0.00026,654407,86.35445,757815
4544,aivarsoo,2,0.00026,654409,86.35472,757815
4545,Aiyoj,2,0.00026,654411,86.35498,757815
4546,Ajay-2007,2,0.00026,654413,86.35525,757815
4547,ajaybabu20,2,0.00026,654415,86.35551,757815
4548,ajvish91,2,0.00026,654417,86.35577,757815
4549,akagami-harsh,2,0.00026,654419,86.35604,757815
4550,akamaus,2,0.00026,654421,86.35630,757815
4551,AkashBais,2,0.00026,654423,86.35656,757815
4552,aksh-gupta,2,0.00026,654425,86.35683,757815
4553,akzare,2,0.00026,654427,86.35709,757815
4554,Al12rs,2,0.00026,654429,86.35736,757815
4555,alan-cooney,2,0.00026,654431,86.35762,757815
4556,AlanHassen,2,0.00026,654433,86.35788,757815
4557,albertghtoun,2,0.00026,654435,86.35815,757815
4558,albert-ying,2,0.00026,654437,86.35841,757815
4559,alemaizi,2,0.00026,654439,86.35868,757815
4560,a-levushkin,2,0.00026,654441,86.35894,757815
4561,alexabstreiter,2,0.00026,654443,86.35920,757815
4562,AlexanderKoch-Koch,2,0.00026,654445,86.35947,757815
4563,AlexanderOllman,2,0.00026,654447,86.35973,757815
4564,AlexCuadron,2,0.00026,654449,86.36000,757815
4565,alexdavis24,2,0.00026,654451,86.36026,757815
4566,alex-dr,2,0.00026,654453,86.36052,757815
4567,alexgby,2,0.00026,654455,86.36079,757815
4568,alexhasenclever,2,0.00026,654457,86.36105,757815
4569,alex-pathcourse,2,0.00026,654459,86.36132,757815
4570,alexsaurber,2,0.00026,654461,86.36158,757815
4571,alexvt-amz,2,0.00026,654463,86.36184,757815
4572,alexz0000,2,0.00026,654465,86.36211,757815
4573,algsi,2,0.00026,654467,86.36237,757815
4574,Alian3785,2,0.00026,654469,86.36263,757815
4575,ali-corpo,2,0.00026,654471,86.36290,757815
4576,alinealfa,2,0.00026,654473,86.36316,757815
4577,aliubimov,2,0.00026,654475,86.36343,757815
4578,allanwakes,2,0.00026,654477,86.36369,757815
4579,allemp,2,0.00026,654479,86.36395,757815
4580,allendred,2,0.00026,654481,86.36422,757815
4581,Allgoerithm,2,0.00026,654483,86.36448,757815
4582,almln,2,0.00026,654485,86.36475,757815
4583,alonamid,2,0.00026,654487,86.36501,757815
4584,AlonMKovrr,2,0.00026,654489,86.36527,757815
4585,Alpe6825,2,0.00026,654491,86.36554,757815
4586,AlphaPlusTT,2,0.00026,654493,86.36580,757815
4587,altosaar,2,0.00026,654495,86.36607,757815
4588,alvarodemig,2,0.00026,654497,86.36633,757815
4589,alvaro-serra,2,0.00026,654499,86.36659,757815
4590,alvin-yang68,2,0.00026,654501,86.36686,757815
4591,amanarora28,2,0.00026,654503,86.36712,757815
4592,Amanda-Barbara,2,0.00026,654505,86.36739,757815
4593,AmirBachir,2,0.00026,654507,86.36765,757815
4594,amirhossein-dezhboro,2,0.00026,654509,86.36791,757815
4595,amitshil,2,0.00026,654511,86.36818,757815
4596,amotl,2,0.00026,654513,86.36844,757815
4597,amrosado,2,0.00026,654515,86.36870,757815
4598,amrzv,2,0.00026,654517,86.36897,757815
4599,anadahalli,2,0.00026,654519,86.36923,757815
4600,Andcircle,2,0.00026,654521,86.36950,757815
4601,andrefagundes10,2,0.00026,654523,86.36976,757815
4602,AndreMPCosta,2,0.00026,654525,86.37002,757815
4603,AndyBug0,2,0.00026,654527,86.37029,757815
4604,andyt07,2,0.00026,654529,86.37055,757815
4605,aneesh3397,2,0.00026,654531,86.37082,757815
4606,aneeshkhera,2,0.00026,654533,86.37108,757815
4607,angshine,2,0.00026,654535,86.37134,757815
4608,Anindyadeep,2,0.00026,654537,86.37161,757815
4609,aniri15,2,0.00026,654539,86.37187,757815
4610,AnirudhDagar,2,0.00026,654541,86.37214,757815
4611,anishesg,2,0.00026,654543,86.37240,757815
4612,ankitzm,2,0.00026,654545,86.37266,757815
4613,anmolagarwal999,2,0.00026,654547,86.37293,757815
4614,anmshkmr,2,0.00026,654549,86.37319,757815
4615,AnnaKosiorek,2,0.00026,654551,86.37346,757815
4616,anonymousmaharaj,2,0.00026,654553,86.37372,757815
4617,another-green,2,0.00026,654555,86.37398,757815
4618,ansar-sa,2,0.00026,654557,86.37425,757815
4619,Ansilins,2,0.00026,654559,86.37451,757815
4620,anthropikos,2,0.00026,654561,86.37477,757815
4621,antoinekrajnc,2,0.00026,654563,86.37504,757815
4622,Antonio-Dominguez,2,0.00026,654565,86.37530,757815
4623,anttttti,2,0.00026,654567,86.37557,757815
4624,anurag-sequoia,2,0.00026,654569,86.37583,757815
4625,apacha,2,0.00026,654571,86.37609,757815
4626,aparmendariz,2,0.00026,654573,86.37636,757815
4627,aploium,2,0.00026,654575,86.37662,757815
4628,apple1113,2,0.00026,654577,86.37689,757815
4629,Apsylem,2,0.00026,654579,86.37715,757815
4630,apurvamishra20,2,0.00026,654581,86.37741,757815
4631,a-python-script,2,0.00026,654583,86.37768,757815
4632,aquibjaved,2,0.00026,654585,86.37794,757815
4633,AravindhKuppusamy,2,0.00026,654587,86.37821,757815
4634,ArbiterGe,2,0.00026,654589,86.37847,757815
4635,Archie181,2,0.00026,654591,86.37873,757815
4636,ArchishmanSengupta,2,0.00026,654593,86.37900,757815
4637,ardozcnn,2,0.00026,654595,86.37926,757815
4638,arh89,2,0.00026,654597,86.37953,757815
4639,arita37,2,0.00026,654599,86.37979,757815
4640,Arkit003,2,0.00026,654601,86.38005,757815
4641,ArmanArbab,2,0.00026,654603,86.38032,757815
4642,armmer016,2,0.00026,654605,86.38058,757815
4643,arshiya031196,2,0.00026,654607,86.38084,757815
4644,ArtRestoreAI,2,0.00026,654609,86.38111,757815
4645,aruhela,2,0.00026,654611,86.38137,757815
4646,aryanraj2713,2,0.00026,654613,86.38164,757815
4647,asaacke,2,0.00026,654615,86.38190,757815
4648,asharma0703,2,0.00026,654617,86.38216,757815
4649,ashragai,2,0.00026,654619,86.38243,757815
4650,ashrielbrian,2,0.00026,654621,86.38269,757815
4651,ashutoshsaboo,2,0.00026,654623,86.38296,757815
4652,asmv,2,0.00026,654625,86.38322,757815
4653,astro-kevin,2,0.00026,654627,86.38348,757815
4654,atao2004,2,0.00026,654629,86.38375,757815
4655,atapley,2,0.00026,654631,86.38401,757815
4656,athulprathap,2,0.00026,654633,86.38428,757815
4657,aurickq,2,0.00026,654635,86.38454,757815
4658,autolyticus,2,0.00026,654637,86.38480,757815
4659,avatards,2,0.00026,654639,86.38507,757815
4660,avicooper1,2,0.00026,654641,86.38533,757815
4661,avinayak,2,0.00026,654643,86.38560,757815
4662,AvisekNaug,2,0.00026,654645,86.38586,757815
4663,Avishake2017,2,0.00026,654647,86.38612,757815
4664,awarebayes,2,0.00026,654649,86.38639,757815
4665,awen11123,2,0.00026,654651,86.38665,757815
4666,AwesomePH,2,0.00026,654653,86.38692,757815
4667,Axel-CH,2,0.00026,654655,86.38718,757815
4668,aykamko,2,0.00026,654657,86.38744,757815
4669,ayl0407,2,0.00026,654659,86.38771,757815
4670,ayush42,2,0.00026,654661,86.38797,757815
4671,ayushibansal781,2,0.00026,654663,86.38823,757815
4672,ayushm98,2,0.00026,654665,86.38850,757815
4673,azevedo-f,2,0.00026,654667,86.38876,757815
4674,BabelTower,2,0.00026,654669,86.38903,757815
4675,Bardbo,2,0.00026,654671,86.38929,757815
4676,Bassstring,2,0.00026,654673,86.38955,757815
4677,batu,2,0.00026,654675,86.38982,757815
4678,baughmann,2,0.00026,654677,86.39008,757815
4679,bbhxwl,2,0.00026,654679,86.39035,757815
4680,bbudescu,2,0.00026,654681,86.39061,757815
4681,bdytx5,2,0.00026,654683,86.39087,757815
4682,bek0s,2,0.00026,654685,86.39114,757815
4683,Belyenochi,2,0.00026,654687,86.39140,757815
4684,bencbartlett,2,0.00026,654689,86.39167,757815
4685,Benjamin-zhangjb,2,0.00026,654691,86.39193,757815
4686,benjiebob,2,0.00026,654693,86.39219,757815
4687,beomsu-mobilint,2,0.00026,654695,86.39246,757815
4688,besir-reddit,2,0.00026,654697,86.39272,757815
4689,BetterLevi,2,0.00026,654699,86.39299,757815
4690,bhabas,2,0.00026,654701,86.39325,757815
4691,bhavithran1,2,0.00026,654703,86.39351,757815
4692,bhushanasati25,2,0.00026,654705,86.39378,757815
4693,BiditPakrashi,2,0.00026,654707,86.39404,757815
4694,BigBen12138,2,0.00026,654709,86.39430,757815
4695,binakn,2,0.00026,654711,86.39457,757815
4696,bingzhangdai,2,0.00026,654713,86.39483,757815
4697,blackDZS,2,0.00026,654715,86.39510,757815
4698,blacksnail789521,2,0.00026,654717,86.39536,757815
4699,blitzvb,2,0.00026,654719,86.39562,757815
4700,blshao84,2,0.00026,654721,86.39589,757815
4701,Blubberblub,2,0.00026,654723,86.39615,757815
4702,Bluedyson,2,0.00026,654725,86.39642,757815
4703,bmaranville,2,0.00026,654727,86.39668,757815
4704,bmorier,2,0.00026,654729,86.39694,757815
4705,BnJam,2,0.00026,654731,86.39721,757815
4706,bob-anderson-ok,2,0.00026,654733,86.39747,757815
4707,Bobingstern,2,0.00026,654735,86.39774,757815
4708,bo-chiao,2,0.00026,654737,86.39800,757815
4709,bocloudofficial,2,0.00026,654739,86.39826,757815
4710,bodikp,2,0.00026,654741,86.39853,757815
4711,BogueUser,2,0.00026,654743,86.39879,757815
4712,Borda,2,0.00026,654745,86.39906,757815
4713,Bored1615,2,0.00026,654747,86.39932,757815
4714,Bowen0729,2,0.00026,654749,86.39958,757815
4715,bo-zeng-ml,2,0.00026,654751,86.39985,757815
4716,bparaj,2,0.00026,654753,86.40011,757815
4717,BradKML,2,0.00026,654755,86.40037,757815
4718,braincominity,2,0.00026,654757,86.40064,757815
4719,BramVanRensbergen,2,0.00026,654759,86.40090,757815
4720,brandonJY,2,0.00026,654761,86.40117,757815
4721,brantbzhang,2,0.00026,654763,86.40143,757815
4722,brary,2,0.00026,654765,86.40169,757815
4723,breken-ai,2,0.00026,654767,86.40196,757815
4724,brendk,2,0.00026,654769,86.40222,757815
4725,brodermind,2,0.00026,654771,86.40249,757815
4726,brown2021,2,0.00026,654773,86.40275,757815
4727,BrunoBSM,2,0.00026,654775,86.40301,757815
4728,bryan-omalley-motional,2,0.00026,654777,86.40328,757815
4729,bryce-ang,2,0.00026,654779,86.40354,757815
4730,bstollnitz,2,0.00026,654781,86.40381,757815
4731,buaazhwb,2,0.00026,654783,86.40407,757815
4732,buedaswag,2,0.00026,654785,86.40433,757815
4733,bxkong,2,0.00026,654787,86.40460,757815
4734,byfron,2,0.00026,654789,86.40486,757815
4735,byoung0589,2,0.00026,654791,86.40513,757815
4736,c3-aatifjiwani,2,0.00026,654793,86.40539,757815
4737,c4cld,2,0.00026,654795,86.40565,757815
4738,cabreraalex,2,0.00026,654797,86.40592,757815
4739,CaioMS2000,2,0.00026,654799,86.40618,757815
4740,camo96,2,0.00026,654801,86.40644,757815
4741,camposandro,2,0.00026,654803,86.40671,757815
4742,Camq543,2,0.00026,654805,86.40697,757815
4743,CaoimheCahill,2,0.00026,654807,86.40724,757815
4744,Capitolhill,2,0.00026,654809,86.40750,757815
4745,carlorop,2,0.00026,654811,86.40776,757815
4746,carlos-vl,2,0.00026,654813,86.40803,757815
4747,Carlz182,2,0.00026,654815,86.40829,757815
4748,CaselIT,2,0.00026,654817,86.40856,757815
4749,cbfinn,2,0.00026,654819,86.40882,757815
4750,cbpr,2,0.00026,654821,86.40908,757815
4751,CescMessi,2,0.00026,654823,86.40935,757815
4752,chadj2,2,0.00026,654825,86.40961,757815
4753,chaihahaha,2,0.00026,654827,86.40988,757815
4754,CharleoY,2,0.00026,654829,86.41014,757815
4755,charlesfranciscodev,2,0.00026,654831,86.41040,757815
4756,chbanti,2,0.00026,654833,86.41067,757815
4757,cheehook,2,0.00026,654835,86.41093,757815
4758,Chengeng-Yang,2,0.00026,654837,86.41120,757815
4759,chenhai1030,2,0.00026,654839,86.41146,757815
4760,chenhuims,2,0.00026,654841,86.41172,757815
4761,chenineazeddine,2,0.00026,654843,86.41199,757815
4762,chenweisomebody126,2,0.00026,654845,86.41225,757815
4763,chenzeyan54-commits,2,0.00026,654847,86.41251,757815
4764,chenzhekl,2,0.00026,654849,86.41278,757815
4765,ChenZiHong-Gavin,2,0.00026,654851,86.41304,757815
4766,chenzuozhou,2,0.00026,654853,86.41331,757815
4767,CheungChan,2,0.00026,654855,86.41357,757815
4768,chevin-ken,2,0.00026,654857,86.41383,757815
4769,chhotii-alex,2,0.00026,654859,86.41410,757815
4770,chitralverma,2,0.00026,654861,86.41436,757815
4771,choprahetarth,2,0.00026,654863,86.41463,757815
4772,choseogyeong,2,0.00026,654865,86.41489,757815
4773,ChrisChiasson,2,0.00026,654867,86.41515,757815
4774,christhorn2,2,0.00026,654869,86.41542,757815
4775,Christof23,2,0.00026,654871,86.41568,757815
4776,Chromatius,2,0.00026,654873,86.41595,757815
4777,chucklesoclock,2,0.00026,654875,86.41621,757815
4778,chudegao,2,0.00026,654877,86.41647,757815
4779,chunky,2,0.00026,654879,86.41674,757815
4780,Chuukwudi,2,0.00026,654881,86.41700,757815
4781,chuzheng88,2,0.00026,654883,86.41727,757815
4782,ChVo24,2,0.00026,654885,86.41753,757815
4783,chwhiteley,2,0.00026,654887,86.41779,757815
4784,ciaociaoyu,2,0.00026,654889,86.41806,757815
4785,cieske,2,0.00026,654891,86.41832,757815
4786,ckyuto,2,0.00026,654893,86.41859,757815
4787,claysmyth,2,0.00026,654895,86.41885,757815
4788,Cloudhax23,2,0.00026,654897,86.41911,757815
4789,Clown1206,2,0.00026,654899,86.41938,757815
4790,clvoloshin,2,0.00026,654901,86.41964,757815
4791,cmlakhan,2,0.00026,654903,86.41990,757815
4792,Cobular,2,0.00026,654905,86.42017,757815
4793,codelast,2,0.00026,654907,86.42043,757815
4794,colinjc,2,0.00026,654909,86.42070,757815
4795,colobas,2,0.00026,654911,86.42096,757815
4796,compete369,2,0.00026,654913,86.42122,757815
4797,connorp-ui,2,0.00026,654915,86.42149,757815
4798,CookiePPP,2,0.00026,654917,86.42175,757815
4799,coolderli,2,0.00026,654919,86.42202,757815
4800,Coorch,2,0.00026,654921,86.42228,757815
4801,CopyOfA,2,0.00026,654923,86.42254,757815
4802,CoulsonZhao,2,0.00026,654925,86.42281,757815
4803,couturierc,2,0.00026,654927,86.42307,757815
4804,cqiao-cmt,2,0.00026,654929,86.42334,757815
4805,crazizorba,2,0.00026,654931,86.42360,757815
4806,crazy25000,2,0.00026,654933,86.42386,757815
4807,CriGiu,2,0.00026,654935,86.42413,757815
4808,Crissman,2,0.00026,654937,86.42439,757815
4809,Cristina0702,2,0.00026,654939,86.42466,757815
4810,csdingbin,2,0.00026,654941,86.42492,757815
4811,cspades,2,0.00026,654943,86.42518,757815
4812,csreesan,2,0.00026,654945,86.42545,757815
4813,csyuan,2,0.00026,654947,86.42571,757815
4814,cthoyt,2,0.00026,654949,86.42597,757815
4815,cupdike,2,0.00026,654951,86.42624,757815
4816,CuriousDolphin,2,0.00026,654953,86.42650,757815
4817,curvelets,2,0.00026,654955,86.42677,757815
4818,cyAn-Nakamori,2,0.00026,654957,86.42703,757815
4819,czxxing,2,0.00026,654959,86.42729,757815
4820,Dadatata-JZ,2,0.00026,654961,86.42756,757815
4821,Daedalus-Icarus,2,0.00026,654963,86.42782,757815
4822,DailiZhang2010,2,0.00026,654965,86.42809,757815
4823,damodaryekkuluri,2,0.00026,654967,86.42835,757815
4824,da-niao-dan,2,0.00026,654969,86.42861,757815
4825,daniel-barnett,2,0.00026,654971,86.42888,757815
4826,danielhjz,2,0.00026,654973,86.42914,757815
4827,DanielSLew,2,0.00026,654975,86.42941,757815
4828,danschef,2,0.00026,654977,86.42967,757815
4829,DanZee,2,0.00026,654979,86.42993,757815
4830,darktempla,2,0.00026,654981,86.43020,757815
4831,DashShen,2,0.00026,654983,86.43046,757815
4832,datalee,2,0.00026,654985,86.43073,757815
4833,davejscott,2,0.00026,654987,86.43099,757815
4834,daveqs,2,0.00026,654989,86.43125,757815
4835,DaveyBiggers,2,0.00026,654991,86.43152,757815
4836,DavidAkinpelu,2,0.00026,654993,86.43178,757815
4837,davidlhw,2,0.00026,654995,86.43204,757815
4838,DBraun,2,0.00026,654997,86.43231,757815
4839,d-chambers,2,0.00026,654999,86.43257,757815
4840,dchigarev,2,0.00026,655001,86.43284,757815
4841,dciborow,2,0.00026,655003,86.43310,757815
4842,dcrankshaw,2,0.00026,655005,86.43336,757815
4843,ddishi,2,0.00026,655007,86.43363,757815
4844,deanp70,2,0.00026,655009,86.43389,757815
4845,debackerl,2,0.00026,655011,86.43416,757815
4846,DebadityaHait,2,0.00026,655013,86.43442,757815
4847,debraj135,2,0.00026,655015,86.43468,757815
4848,decadance-dance,2,0.00026,655017,86.43495,757815
4849,Dee718,2,0.00026,655019,86.43521,757815
4850,deepaks4077,2,0.00026,655021,86.43548,757815
4851,deepankar27,2,0.00026,655023,86.43574,757815
4852,DeepWolf90,2,0.00026,655025,86.43600,757815
4853,deifactor,2,0.00026,655027,86.43627,757815
4854,delkov,2,0.00026,655029,86.43653,757815
4855,den319,2,0.00026,655031,86.43680,757815
4856,denfromufa,2,0.00026,655033,86.43706,757815
4857,denkoRa,2,0.00026,655035,86.43732,757815
4858,devajya,2,0.00026,655037,86.43759,757815
4859,devinsaini,2,0.00026,655039,86.43785,757815
4860,DevKretov,2,0.00026,655041,86.43811,757815
4861,diadia0000,2,0.00026,655043,86.43838,757815
4862,dibgerge,2,0.00026,655045,86.43864,757815
4863,DicardoX,2,0.00026,655047,86.43891,757815
4864,diegoferigo,2,0.00026,655049,86.43917,757815
4865,digits122,2,0.00026,655051,86.43943,757815
4866,dingkh-at-github,2,0.00026,655053,86.43970,757815
4867,Dixit91,2,0.00026,655055,86.43996,757815
4868,djoull,2,0.00026,655057,86.44023,757815
4869,dmlyubim,2,0.00026,655059,86.44049,757815
4870,doesburg11,2,0.00026,655061,86.44075,757815
4871,dolphingarlic,2,0.00026,655063,86.44102,757815
4872,DomagojHack,2,0.00026,655065,86.44128,757815
4873,dom-nura,2,0.00026,655067,86.44155,757815
4874,dotmobo,2,0.00026,655069,86.44181,757815
4875,dovahcrow,2,0.00026,655071,86.44207,757815
4876,DrewBarclay,2,0.00026,655073,86.44234,757815
4877,drhosseinjavedani,2,0.00026,655075,86.44260,757815
4878,Dr-IceCream,2,0.00026,655077,86.44287,757815
4879,driesgouwss,2,0.00026,655079,86.44313,757815
4880,drmerlot,2,0.00026,655081,86.44339,757815
4881,dsarfati,2,0.00026,655083,86.44366,757815
4882,dshi3553usyd,2,0.00026,655085,86.44392,757815
4883,dsuarez01,2,0.00026,655087,86.44418,757815
4884,dtamienER,2,0.00026,655089,86.44445,757815
4885,Durga2Dash,2,0.00026,655091,86.44471,757815
4886,duyleekun,2,0.00026,655093,86.44498,757815
4887,dvmorris,2,0.00026,655095,86.44524,757815
4888,dwpage,2,0.00026,655097,86.44550,757815
4889,dylan906,2,0.00026,655099,86.44577,757815
4890,dyllanwli,2,0.00026,655101,86.44603,757815
4891,e-bartsch,2,0.00026,655103,86.44630,757815
4892,echavezh,2,0.00026,655105,86.44656,757815
4893,EDario333,2,0.00026,655107,86.44682,757815
4894,ediezh,2,0.00026,655109,86.44709,757815
4895,edmund735,2,0.00026,655111,86.44735,757815
4896,Edouard360,2,0.00026,655113,86.44762,757815
4897,Edrusb,2,0.00026,655115,86.44788,757815
4898,edwinytgoh,2,0.00026,655117,86.44814,757815
4899,Eeonum,2,0.00026,655119,86.44841,757815
4900,Efutrrionpy,2,0.00026,655121,86.44867,757815
4901,egoulya,2,0.00026,655123,86.44894,757815
4902,eiahb3838ya,2,0.00026,655125,86.44920,757815
4903,einarG-1qbit,2,0.00026,655127,86.44946,757815
4904,ejmejm,2,0.00026,655129,86.44973,757815
4905,ejxqy,2,0.00026,655131,86.44999,757815
4906,ekblad,2,0.00026,655133,86.45026,757815
4907,eladn,2,0.00026,655135,86.45052,757815
4908,ElenaViewSynthesis,2,0.00026,655137,86.45078,757815
4909,ElhamSol,2,0.00026,655139,86.45105,757815
4910,ElisabettaV4t1qbit,2,0.00026,655141,86.45131,757815
4911,elistevens,2,0.00026,655143,86.45157,757815
4912,elizabethhu13,2,0.00026,655145,86.45184,757815
4913,eljur,2,0.00026,655147,86.45210,757815
4914,eloaf,2,0.00026,655149,86.45237,757815
4915,EloyAnguiano,2,0.00026,655151,86.45263,757815
4916,Emilyhelin,2,0.00026,655153,86.45289,757815
4917,Emmastro,2,0.00026,655155,86.45316,757815
4918,emricksini-h,2,0.00026,655157,86.45342,757815
4919,endvroy,2,0.00026,655159,86.45369,757815
4920,EnggQasim,2,0.00026,655161,86.45395,757815
4921,enxtw1,2,0.00026,655163,86.45421,757815
4922,eraolro,2,0.00026,655165,86.45448,757815
4923,erginbas,2,0.00026,655167,86.45474,757815
4924,ericosmic,2,0.00026,655169,86.45501,757815
4925,eric-tramel,2,0.00026,655171,86.45527,757815
4926,erkintelnyx,2,0.00026,655173,86.45553,757815
4927,ErnstDinkelmann,2,0.00026,655175,86.45580,757815
4928,eromoe,2,0.00026,655177,86.45606,757815
4929,ersinakinci,2,0.00026,655179,86.45633,757815
4930,ErwinLiYH,2,0.00026,655181,86.45659,757815
4931,EstebanDalelR,2,0.00026,655183,86.45685,757815
4932,ethanluoyc,2,0.00026,655185,86.45712,757815
4933,Ethan-rookie,2,0.00026,655187,86.45738,757815
4934,ethem-kinginthenorth,2,0.00026,655189,86.45764,757815
4935,EvanOman,2,0.00026,655191,86.45791,757815
4936,Eviltuzki,2,0.00026,655193,86.45817,757815
4937,ewfubwefwe,2,0.00026,655195,86.45844,757815
4938,exs-dmiketa,2,0.00026,655197,86.45870,757815
4939,fabio-ciani,2,0.00026,655199,86.45896,757815
4940,fadynakhla,2,0.00026,655201,86.45923,757815
4941,FantasticEthan,2,0.00026,655203,86.45949,757815
4942,fcharras,2,0.00026,655205,86.45976,757815
4943,feilengcui008,2,0.00026,655207,86.46002,757815
4944,felipebcs,2,0.00026,655209,86.46028,757815
4945,feng-pan8014,2,0.00026,655211,86.46055,757815
4946,fenix7,2,0.00026,655213,86.46081,757815
4947,fidelaznar,2,0.00026,655215,86.46108,757815
4948,fiedlerNr9,2,0.00026,655217,86.46134,757815
4949,fif911,2,0.00026,655219,86.46160,757815
4950,FightingZhen,2,0.00026,655221,86.46187,757815
4951,fireuse,2,0.00026,655223,86.46213,757815
4952,fkgruber,2,0.00026,655225,86.46240,757815
4953,FKhadivpour,2,0.00026,655227,86.46266,757815
4954,flixmk,2,0.00026,655229,86.46292,757815
4955,floepfl,2,0.00026,655231,86.46319,757815
4956,flomok,2,0.00026,655233,86.46345,757815
4957,FLYING37520,2,0.00026,655235,86.46371,757815
4958,FlyTOmeLight,2,0.00026,655237,86.46398,757815
4959,fminiati,2,0.00026,655239,86.46424,757815
4960,fodrh1201,2,0.00026,655241,86.46451,757815
4961,Forbu,2,0.00026,655243,86.46477,757815
4962,forbxy,2,0.00026,655245,86.46503,757815
4963,formehe,2,0.00026,655247,86.46530,757815
4964,fp5601106001,2,0.00026,655249,86.46556,757815
4965,Frag17,2,0.00026,655251,86.46583,757815
4966,franceneee,2,0.00026,655253,86.46609,757815
4967,FrancescoMandru,2,0.00026,655255,86.46635,757815
4968,Francesco-Sovrano,2,0.00026,655257,86.46662,757815
4969,frankconrad,2,0.00026,655259,86.46688,757815
4970,frdchang,2,0.00026,655261,86.46715,757815
4971,FreakyJ,2,0.00026,655263,86.46741,757815
4972,frigobar93,2,0.00026,655265,86.46767,757815
4973,FunkyFrog1,2,0.00026,655267,86.46794,757815
4974,Furkan-rgb,2,0.00026,655269,86.46820,757815
4975,fwong03,2,0.00026,655271,86.46847,757815
4976,fzdy1914,2,0.00026,655273,86.46873,757815
4977,fzxt,2,0.00026,655275,86.46899,757815
4978,gallmerci,2,0.00026,655277,86.46926,757815
4979,GANs-and-roses,2,0.00026,655279,86.46952,757815
4980,garg02,2,0.00026,655281,86.46978,757815
4981,garylavayou,2,0.00026,655283,86.47005,757815
4982,gauravagrwal,2,0.00026,655285,86.47031,757815
4983,gcaria,2,0.00026,655287,86.47058,757815
4984,GDiaz16,2,0.00026,655289,86.47084,757815
4985,gduvauchelle,2,0.00026,655291,86.47110,757815
4986,geekboood,2,0.00026,655293,86.47137,757815
4987,gefei456,2,0.00026,655295,86.47163,757815
4988,georgmerz,2,0.00026,655297,86.47190,757815
4989,gerritdeen,2,0.00026,655299,86.47216,757815
4990,get-a-grep,2,0.00026,655301,86.47242,757815
4991,ghamkhari,2,0.00026,655303,86.47269,757815
4992,ghsanti,2,0.00026,655305,86.47295,757815
4993,GHUserNameLL,2,0.00026,655307,86.47322,757815
4994,giancds,2,0.00026,655309,86.47348,757815
4995,Ginurx,2,0.00026,655311,86.47374,757815
4996,GithubZhitao,2,0.00026,655313,86.47401,757815
4997,gjoseph92,2,0.00026,655315,86.47427,757815
4998,G-Lauz,2,0.00026,655317,86.47454,757815
4999,g-lisi,2,0.00026,655319,86.47480,757815
5000,gmjehovich,2,0.00026,655321,86.47506,757815
5001,gml16,2,0.00026,655323,86.47533,757815
5002,GnomekindDevelop,2,0.00026,655325,86.47559,757815
5003,golemsentience,2,0.00026,655327,86.47585,757815
5004,goog,2,0.00026,655329,86.47612,757815
5005,gpovj,2,0.00026,655331,86.47638,757815
5006,gpucce,2,0.00026,655333,86.47665,757815
5007,gracedu0213,2,0.00026,655335,86.47691,757815
5008,graciofilipe,2,0.00026,655337,86.47717,757815
5009,gradpratik,2,0.00026,655339,86.47744,757815
5010,Grant-E-G,2,0.00026,655341,86.47770,757815
5011,grimoire,2,0.00026,655343,86.47797,757815
5012,guillaumeguy,2,0.00026,655345,86.47823,757815
5013,gunthergl,2,0.00026,655347,86.47849,757815
5014,guntherglenk,2,0.00026,655349,86.47876,757815
5015,Guoth,2,0.00026,655351,86.47902,757815
5016,Gustinouz,2,0.00026,655353,86.47929,757815
5017,gyin-ai,2,0.00026,655355,86.47955,757815
5018,h094071,2,0.00026,655357,86.47981,757815
5019,Hadrien-Cornier,2,0.00026,655359,86.48008,757815
5020,Haeyeon-Choi,2,0.00026,655361,86.48034,757815
5021,hahahumble,2,0.00026,655363,86.48061,757815
5022,hahazhky,2,0.00026,655365,86.48087,757815
5023,hahmad2008,2,0.00026,655367,86.48113,757815
5024,Haijunlv,2,0.00026,655369,86.48140,757815
5025,hajarmitage,2,0.00026,655371,86.48166,757815
5026,hakeemta,2,0.00026,655373,86.48193,757815
5027,HAKSOAT,2,0.00026,655375,86.48219,757815
5028,HalvarKelm,2,0.00026,655377,86.48245,757815
5029,hammacktony,2,0.00026,655379,86.48272,757815
5030,hammer2j2,2,0.00026,655381,86.48298,757815
5031,hannahbus,2,0.00026,655383,86.48324,757815
5032,haohualipony,2,0.00026,655385,86.48351,757815
5033,haosenwang1018,2,0.00026,655387,86.48377,757815
5034,haoziwu,2,0.00026,655389,86.48404,757815
5035,HariniNarayanan,2,0.00026,655391,86.48430,757815
5036,harkash,2,0.00026,655393,86.48456,757815
5037,harryseely,2,0.00026,655395,86.48483,757815
5038,harshakokel,2,0.00026,655397,86.48509,757815
5039,harsh-goglocal,2,0.00026,655399,86.48536,757815
5040,HarshXAI,2,0.00026,655401,86.48562,757815
5041,hazeone,2,0.00026,655403,86.48588,757815
5042,hcoles4,2,0.00026,655405,86.48615,757815
5043,headingy,2,0.00026,655407,86.48641,757815
5044,heavenlxj,2,0.00026,655409,86.48668,757815
5045,heeju-kim2,2,0.00026,655411,86.48694,757815
5046,heliar-k,2,0.00026,655413,86.48720,757815
5047,he-mark-qinglong,2,0.00026,655415,86.48747,757815
5048,hendrikunger,2,0.00026,655417,86.48773,757815
5049,henrypfister,2,0.00026,655419,86.48800,757815
5050,hetankevin,2,0.00026,655421,86.48826,757815
5051,HeyItsBethany3,2,0.00026,655423,86.48852,757815
5052,hh23485,2,0.00026,655425,86.48879,757815
5053,hhhvu,2,0.00026,655427,86.48905,757815
5054,hhq326781458,2,0.00026,655429,86.48931,757815
5055,HibaAhmed18,2,0.00026,655431,86.48958,757815
5056,hlbkin,2,0.00026,655433,86.48984,757815
5057,hnuzhangjin,2,0.00026,655435,86.49011,757815
5058,hoangpm-2081,2,0.00026,655437,86.49037,757815
5059,hohaxu,2,0.00026,655439,86.49063,757815
5060,hongery,2,0.00026,655441,86.49090,757815
5061,hoopwoop,2,0.00026,655443,86.49116,757815
5062,hopdino,2,0.00026,655445,86.49143,757815
5063,HornetGuppy,2,0.00026,655447,86.49169,757815
5064,hosonfung,2,0.00026,655449,86.49195,757815
5065,hotohoto,2,0.00026,655451,86.49222,757815
5066,houyuqian5,2,0.00026,655453,86.49248,757815
5067,HQF2017,2,0.00026,655455,86.49275,757815
5068,HristoBuyukliev,2,0.00026,655457,86.49301,757815
5069,hsuyuanyuan,2,0.00026,655459,86.49327,757815
5070,htang2012,2,0.00026,655461,86.49354,757815
5071,htl-syterme,2,0.00026,655463,86.49380,757815
5072,HudsonHuang,2,0.00026,655465,86.49407,757815
5073,huhubrave,2,0.00026,655467,86.49433,757815
5074,hungbui-io,2,0.00026,655469,86.49459,757815
5075,hungpthanh,2,0.00026,655471,86.49486,757815
5076,huweiATgithub,2,0.00026,655473,86.49512,757815
5077,huxiaoxiang,2,0.00026,655475,86.49538,757815
5078,hxue3,2,0.00026,655477,86.49565,757815
5079,hy-chen,2,0.00026,655479,86.49591,757815
5080,i4hashmi,2,0.00026,655481,86.49618,757815
5081,iambsk,2,0.00026,655483,86.49644,757815
5082,iamk0,2,0.00026,655485,86.49670,757815
5083,ibraym,2,0.00026,655487,86.49697,757815
5084,IcarusWizard,2,0.00026,655489,86.49723,757815
5085,icunnyngham,2,0.00026,655491,86.49750,757815
5086,IdairaRodYanez,2,0.00026,655493,86.49776,757815
5087,idomic,2,0.00026,655495,86.49802,757815
5088,iedmrc,2,0.00026,655497,86.49829,757815
5089,igs-raiderler,2,0.00026,655499,86.49855,757815
5090,ihopethiswillfi,2,0.00026,655501,86.49882,757815
5091,InbarShirizly,2,0.00026,655503,86.49908,757815
5092,inoryy,2,0.00026,655505,86.49934,757815
5093,iojc,2,0.00026,655507,86.49961,757815
5094,ionicom,2,0.00026,655509,86.49987,757815
5095,iphysresearch,2,0.00026,655511,86.50014,757815
5096,Iravo42,2,0.00026,655513,86.50040,757815
5097,Irennnne,2,0.00026,655515,86.50066,757815
5098,IrvinFan,2,0.00026,655517,86.50093,757815
5099,IsaacWolverton,2,0.00026,655519,86.50119,757815
5100,isotauon,2,0.00026,655521,86.50145,757815
5101,itsmemuthu,2,0.00026,655523,86.50172,757815
5102,ivanrezic,2,0.00026,655525,86.50198,757815
5103,iyanmv,2,0.00026,655527,86.50225,757815
5104,jaanli,2,0.00026,655529,86.50251,757815
5105,jabbera,2,0.00026,655531,86.50277,757815
5106,jackvice,2,0.00026,655533,86.50304,757815
5107,JackYansongLi,2,0.00026,655535,86.50330,757815
5108,jacobowitz,2,0.00026,655537,86.50357,757815
5109,jacopocecch,2,0.00026,655539,86.50383,757815
5110,jadhav7777,2,0.00026,655541,86.50409,757815
5111,jaikumarg1,2,0.00026,655543,86.50436,757815
5112,Jaimmmin,2,0.00026,655545,86.50462,757815
5113,jakecyr,2,0.00026,655547,86.50489,757815
5114,jakeelkins,2,0.00026,655549,86.50515,757815
5115,jamartinh,2,0.00026,655551,86.50541,757815
5116,James4Ever0,2,0.00026,655553,86.50568,757815
5117,James-Dao,2,0.00026,655555,86.50594,757815
5118,jamie0xgitc0decat,2,0.00026,655557,86.50621,757815
5119,JamieSlome,2,0.00026,655559,86.50647,757815
5120,jamnicki,2,0.00026,655561,86.50673,757815
5121,janessong,2,0.00026,655563,86.50700,757815
5122,janosh,2,0.00026,655565,86.50726,757815
5123,JanushiShastri,2,0.00026,655567,86.50752,757815
5124,jarbus,2,0.00026,655569,86.50779,757815
5125,jasonjmcghee,2,0.00026,655571,86.50805,757815
5126,jasonXue653,2,0.00026,655573,86.50832,757815
5127,javierdejesusda,2,0.00026,655575,86.50858,757815
5128,javiermoncadaexternal-jpg,2,0.00026,655577,86.50884,757815
5129,Jayasankar-kk,2,0.00026,655579,86.50911,757815
5130,JaydenFish,2,0.00026,655581,86.50937,757815
5131,jayes97,2,0.00026,655583,86.50964,757815
5132,jaysin60,2,0.00026,655585,86.50990,757815
5133,jbjuin,2,0.00026,655587,86.51016,757815
5134,jbonatakis,2,0.00026,655589,86.51043,757815
5135,jdchn,2,0.00026,655591,86.51069,757815
5136,jdixosnd,2,0.00026,655593,86.51096,757815
5137,jeanibarz,2,0.00026,655595,86.51122,757815
5138,jeanpm,2,0.00026,655597,86.51148,757815
5139,jefferent2019,2,0.00026,655599,86.51175,757815
5140,jeffreyftang,2,0.00026,655601,86.51201,757815
5141,JeffreyWardman,2,0.00026,655603,86.51228,757815
5142,jenniew,2,0.00026,655605,86.51254,757815
5143,jennifgcrl,2,0.00026,655607,86.51280,757815
5144,JennyLeePMH,2,0.00026,655609,86.51307,757815
5145,jeremi-eta,2,0.00026,655611,86.51333,757815
5146,jeroen-vankelecom,2,0.00026,655613,86.51360,757815
5147,jerry99s,2,0.00026,655615,86.51386,757815
5148,JerryHao-art,2,0.00026,655617,86.51412,757815
5149,JesesePU,2,0.00026,655619,86.51439,757815
5150,JesseLT,2,0.00026,655621,86.51465,757815
5151,jeweinb,2,0.00026,655623,86.51491,757815
5152,jey,2,0.00026,655625,86.51518,757815
5153,jfecunha,2,0.00026,655627,86.51544,757815
5154,jfurches,2,0.00026,655629,86.51571,757815
5155,jhallard,2,0.00026,655631,86.51597,757815
5156,jiahao87,2,0.00026,655633,86.51623,757815
5157,jiajia-hjx,2,0.00026,655635,86.51650,757815
5158,jiajiexiao,2,0.00026,655637,86.51676,757815
5159,jiarongqiu,2,0.00026,655639,86.51703,757815
5160,JiaxuanYou,2,0.00026,655641,86.51729,757815
5161,jimdor,2,0.00026,655643,86.51755,757815
5162,JIN-strong,2,0.00026,655645,86.51782,757815
5163,jinyongchoi,2,0.00026,655647,86.51808,757815
5164,JiwaniZakir,2,0.00026,655649,86.51835,757815
5165,jjerphan,2,0.00026,655651,86.51861,757815
5166,JJJessieWang,2,0.00026,655653,86.51887,757815
5167,jklawikowski,2,0.00026,655655,86.51914,757815
5168,jlarsen-usgs,2,0.00026,655657,86.51940,757815
5169,jmcodero,2,0.00026,655659,86.51967,757815
5170,jmhessel,2,0.00026,655661,86.51993,757815
5171,jnguyen75,2,0.00026,655663,86.52019,757815
5172,joamatab,2,0.00026,655665,86.52046,757815
5173,joanna-yoo,2,0.00026,655667,86.52072,757815
5174,jobeid1,2,0.00026,655669,86.52098,757815
5175,Jocn2020,2,0.00026,655671,86.52125,757815
5176,joel-thomas-wilson,2,0.00026,655673,86.52151,757815
5177,JoeriTheGreat,2,0.00026,655675,86.52178,757815
5178,JoeSF49,2,0.00026,655677,86.52204,757815
5179,joey-chan,2,0.00026,655679,86.52230,757815
5180,JohnFixik,2,0.00026,655681,86.52257,757815
5181,johnnykre,2,0.00026,655683,86.52283,757815
5182,johnoleary,2,0.00026,655685,86.52310,757815
5183,johnPertoft,2,0.00026,655687,86.52336,757815
5184,johnwalz97,2,0.00026,655689,86.52362,757815
5185,jokerwenxiao,2,0.00026,655691,86.52389,757815
5186,jonapgar-groupby,2,0.00026,655693,86.52415,757815
5187,jonar-ch,2,0.00026,655695,86.52442,757815
5188,jonastim,2,0.00026,655697,86.52468,757815
5189,jonathanchang31,2,0.00026,655699,86.52494,757815
5190,jondoering,2,0.00026,655701,86.52521,757815
5191,jon-ressio,2,0.00026,655703,86.52547,757815
5192,JoostvDoorn,2,0.00026,655705,86.52574,757815
5193,JorDikk,2,0.00026,655707,86.52600,757815
5194,joreeves,2,0.00026,655709,86.52626,757815
5195,jorenretel,2,0.00026,655711,86.52653,757815
5196,jose-amendola,2,0.00026,655713,86.52679,757815
5197,josephcarmack,2,0.00026,655715,86.52705,757815
5198,joshhvulcan,2,0.00026,655717,86.52732,757815
5199,josomir,2,0.00026,655719,86.52758,757815
5200,jouDance,2,0.00026,655721,86.52785,757815
5201,jrapin,2,0.00026,655723,86.52811,757815
5202,jrich10,2,0.00026,655725,86.52837,757815
5203,jsdir,2,0.00026,655727,86.52864,757815
5204,jtele2,2,0.00026,655729,86.52890,757815
5205,jtm101-code,2,0.00026,655731,86.52917,757815
5206,Juan-Cortez3,2,0.00026,655733,86.52943,757815
5207,JulesVerny,2,0.00026,655735,86.52969,757815
5208,julian-asapp,2,0.00026,655737,86.52996,757815
5209,juliencamille-hartmann-simplisafe,2,0.00026,655739,86.53022,757815
5210,juliuslipp,2,0.00026,655741,86.53049,757815
5211,JungeAlexander,2,0.00026,655743,86.53075,757815
5212,JunhongXu,2,0.00026,655745,86.53101,757815
5213,junkudo,2,0.00026,655747,86.53128,757815
5214,Juno-T,2,0.00026,655749,86.53154,757815
5215,Junxi-Chen,2,0.00026,655751,86.53181,757815
5216,justicezyx,2,0.00026,655753,86.53207,757815
5217,justinyum,2,0.00026,655755,86.53233,757815
5218,jwallbridge,2,0.00026,655757,86.53260,757815
5219,jwaller59,2,0.00026,655759,86.53286,757815
5220,jwarley,2,0.00026,655761,86.53312,757815
5221,jxz542189,2,0.00026,655763,86.53339,757815
5222,jziegle4,2,0.00026,655765,86.53365,757815
5223,jz-yolo,2,0.00026,655767,86.53392,757815
5224,Kai-AI,2,0.00026,655769,86.53418,757815
5225,kailashbuki,2,0.00026,655771,86.53444,757815
5226,Kai-Rowan-the-AI,2,0.00026,655773,86.53471,757815
5227,kakawinwin,2,0.00026,655775,86.53497,757815
5228,kargarisaac,2,0.00026,655777,86.53524,757815
5229,KarimDarwish,2,0.00026,655779,86.53550,757815
5230,karthikbhat13,2,0.00026,655781,86.53576,757815
5231,Karthikeya-Thatipamula,2,0.00026,655783,86.53603,757815
5232,karthikganesh16,2,0.00026,655785,86.53629,757815
5233,katadh,2,0.00026,655787,86.53656,757815
5234,katja-hofmann,2,0.00026,655789,86.53682,757815
5235,kavix,2,0.00026,655791,86.53708,757815
5236,kaya,2,0.00026,655793,86.53735,757815
5237,kcmnd,2,0.00026,655795,86.53761,757815
5238,KeitaW,2,0.00026,655797,86.53788,757815
5239,Kelang-Tian,2,0.00026,655799,86.53814,757815
5240,kellyaa,2,0.00026,655801,86.53840,757815
5241,KemalAcar07,2,0.00026,655803,86.53867,757815
5242,kenfehling,2,0.00026,655805,86.53893,757815
5243,keshavb96,2,0.00026,655807,86.53919,757815
5244,kevin-amaral-fgp,2,0.00026,655809,86.53946,757815
5245,kevin-bates,2,0.00026,655811,86.53972,757815
5246,kevinjqliu,2,0.00026,655813,86.53999,757815
5247,kevinzeroCode,2,0.00026,655815,86.54025,757815
5248,kevo-1,2,0.00026,655817,86.54051,757815
5249,KeyOfSpectator,2,0.00026,655819,86.54078,757815
5250,khaibnd,2,0.00026,655821,86.54104,757815
5251,Khalilsqu,2,0.00026,655823,86.54131,757815
5252,khmurakami,2,0.00026,655825,86.54157,757815
5253,KhoiHai,2,0.00026,655827,86.54183,757815
5254,KhrystynaFaryna,2,0.00026,655829,86.54210,757815
5255,KID0031,2,0.00026,655831,86.54236,757815
5256,kindrat86,2,0.00026,655833,86.54263,757815
5257,kingsleykuan,2,0.00026,655835,86.54289,757815
5258,kiranmaya,2,0.00026,655837,86.54315,757815
5259,kiranvad,2,0.00026,655839,86.54342,757815
5260,KiyoshiKoii,2,0.00026,655841,86.54368,757815
5261,kkr4353,2,0.00026,655843,86.54395,757815
5262,kleinschmidt,2,0.00026,655845,86.54421,757815
5263,kli-crise,2,0.00026,655847,86.54447,757815
5264,klm122,2,0.00026,655849,86.54474,757815
5265,komikndr,2,0.00026,655851,86.54500,757815
5266,korbinian-hoermann,2,0.00026,655853,86.54527,757815
5267,korzefi,2,0.00026,655855,86.54553,757815
5268,KosmoCHE,2,0.00026,655857,86.54579,757815
5269,Kotsakis,2,0.00026,655859,86.54606,757815
5270,kpal-lilt,2,0.00026,655861,86.54632,757815
5271,KPHippe,2,0.00026,655863,86.54658,757815
5272,krishkhimasia,2,0.00026,655865,86.54685,757815
5273,krtkvrm,2,0.00026,655867,86.54711,757815
5274,kshuggins,2,0.00026,655869,86.54738,757815
5275,kuangsangudu,2,0.00026,655871,86.54764,757815
5276,kunterbunt,2,0.00026,655873,86.54790,757815
5277,kwand,2,0.00026,655875,86.54817,757815
5278,KwangmooKoh,2,0.00026,655877,86.54843,757815
5279,kwanUm,2,0.00026,655879,86.54870,757815
5280,KwanWaiChung,2,0.00026,655881,86.54896,757815
5281,ky1emoon,2,0.00026,655883,86.54922,757815
5282,kylebeni,2,0.00026,655885,86.54949,757815
5283,laban-eilers-simplisafe,2,0.00026,655887,86.54975,757815
5284,ladyluk,2,0.00026,655889,86.55002,757815
5285,laknath,2,0.00026,655891,86.55028,757815
5286,laphang,2,0.00026,655893,86.55054,757815
5287,LarkinDeity,2,0.00026,655895,86.55081,757815
5288,lattverksted,2,0.00026,655897,86.55107,757815
5289,lauritowal,2,0.00026,655899,86.55134,757815
5290,lausannel,2,0.00026,655901,86.55160,757815
5291,lbluque,2,0.00026,655903,86.55186,757815
5292,lcrmorin,2,0.00026,655905,86.55213,757815
5293,leegb,2,0.00026,655907,86.55239,757815
5294,leibovitzgil,2,0.00026,655909,86.55265,757815
5295,leiwen83,2,0.00026,655911,86.55292,757815
5296,lejarx,2,0.00026,655913,86.55318,757815
5297,lenliu3,2,0.00026,655915,86.55345,757815
5298,LennartPurucker,2,0.00026,655917,86.55371,757815
5299,leon2014dresden,2,0.00026,655919,86.55397,757815
5300,leonardcaquot94,2,0.00026,655921,86.55424,757815
5301,leonnardo,2,0.00026,655923,86.55450,757815
5302,leosantosbh,2,0.00026,655925,86.55477,757815
5303,lethaiq,2,0.00026,655927,86.55503,757815
5304,leventov,2,0.00026,655929,86.55529,757815
5305,lewisbelcher,2,0.00026,655931,86.55556,757815
5306,lfreinag,2,0.00026,655933,86.55582,757815
5307,liangyu-1,2,0.00026,655935,86.55609,757815
5308,LiCong2016,2,0.00026,655937,86.55635,757815
5309,lidh15,2,0.00026,655939,86.55661,757815
5310,liergou99,2,0.00026,655941,86.55688,757815
5311,lifesboy,2,0.00026,655943,86.55714,757815
5312,lightertu,2,0.00026,655945,86.55741,757815
5313,LilyLinh,2,0.00026,655947,86.55767,757815
5314,lineick,2,0.00026,655949,86.55793,757815
5315,LingfengTao,2,0.00026,655951,86.55820,757815
5316,linh285,2,0.00026,655953,86.55846,757815
5317,lious68,2,0.00026,655955,86.55872,757815
5318,litttl,2,0.00026,655957,86.55899,757815
5319,Liu-SD,2,0.00026,655959,86.55925,757815
5320,lixiaojun2914,2,0.00026,655961,86.55952,757815
5321,liyinhgqw,2,0.00026,655963,86.55978,757815
5322,liyouhaolinezone,2,0.00026,655965,86.56004,757815
5323,liznelson,2,0.00026,655967,86.56031,757815
5324,LLudoDev,2,0.00026,655969,86.56057,757815
5325,llukito,2,0.00026,655971,86.56084,757815
5326,lmazuel,2,0.00026,655973,86.56110,757815
5327,lmnjaa,2,0.00026,655975,86.56136,757815
5328,lobo1586,2,0.00026,655977,86.56163,757815
5329,lorenzozanee,2,0.00026,655979,86.56189,757815
5330,loretoparisi,2,0.00026,655981,86.56216,757815
5331,louis-dv,2,0.00026,655983,86.56242,757815
5332,lovedev46,2,0.00026,655985,86.56268,757815
5333,lrivela,2,0.00026,655987,86.56295,757815
5334,lsklyut,2,0.00026,655989,86.56321,757815
5335,lucasn42,2,0.00026,655991,86.56348,757815
5336,lucas-spangher,2,0.00026,655993,86.56374,757815
5337,LucCADORET,2,0.00026,655995,86.56400,757815
5338,lukakap,2,0.00026,655997,86.56427,757815
5339,luke-han,2,0.00026,655999,86.56453,757815
5340,LukeIreland1,2,0.00026,656001,86.56479,757815
5341,lunapapa-finland,2,0.00026,656003,86.56506,757815
5342,LunaWhispers,2,0.00026,656005,86.56532,757815
5343,luojie1024,2,0.00026,656007,86.56559,757815
5344,luomai,2,0.00026,656009,86.56585,757815
5345,LutzWeischerFujitsu,2,0.00026,656011,86.56611,757815
5346,luweiagi,2,0.00026,656013,86.56638,757815
5347,Lvjinhong,2,0.00026,656015,86.56664,757815
5348,lychanl,2,0.00026,656017,86.56691,757815
5349,Lyken17,2,0.00026,656019,86.56717,757815
5350,lyriccoder,2,0.00026,656021,86.56743,757815
5351,m13v,2,0.00026,656023,86.56770,757815
5352,MaAl13,2,0.00026,656025,86.56796,757815
5353,mabdulla99,2,0.00026,656027,86.56823,757815
5354,macd2,2,0.00026,656029,86.56849,757815
5355,madappie,2,0.00026,656031,86.56875,757815
5356,MaddipatlaChetan24,2,0.00026,656033,86.56902,757815
5357,MadScientistKris,2,0.00026,656035,86.56928,757815
5358,mahesh-venkatachalam,2,0.00026,656037,86.56955,757815
5359,Mahnoor-Zaffar,2,0.00026,656039,86.56981,757815
5360,mahsa91,2,0.00026,656041,86.57007,757815
5361,majiayu000,2,0.00026,656043,86.57034,757815
5362,makflakes,2,0.00026,656045,86.57060,757815
5363,maksimoc,2,0.00026,656047,86.57086,757815
5364,Malik2812,2,0.00026,656049,86.57113,757815
5365,malintha,2,0.00026,656051,86.57139,757815
5366,ManasaMalleshappa,2,0.00026,656053,86.57166,757815
5367,mango766,2,0.00026,656055,86.57192,757815
5368,manickavela-uni,2,0.00026,656057,86.57218,757815
5369,Manish-2004,2,0.00026,656059,86.57245,757815
5370,ManojGadam,2,0.00026,656061,86.57271,757815
5371,manugarri,2,0.00026,656063,86.57298,757815
5372,marclipoff,2,0.00026,656065,86.57324,757815
5373,marco-eu,2,0.00026,656067,86.57350,757815
5374,MarcoSteinke,2,0.00026,656069,86.57377,757815
5375,marcovaresi,2,0.00026,656071,86.57403,757815
5376,mark-myzhao,2,0.00026,656073,86.57430,757815
5377,MarkProjectRepo,2,0.00026,656075,86.57456,757815
5378,MarkWh1te,2,0.00026,656077,86.57482,757815
5379,marov,2,0.00026,656079,86.57509,757815
5380,Marshall-Ge,2,0.00026,656081,86.57535,757815
5381,marvelshan,2,0.00026,656083,86.57562,757815
5382,Marvin-TMG,2,0.00026,656085,86.57588,757815
5383,marxav,2,0.00026,656087,86.57614,757815
5384,MasterJH5574,2,0.00026,656089,86.57641,757815
5385,MasterScrat,2,0.00026,656091,86.57667,757815
5386,matejsoroka,2,0.00026,656093,86.57694,757815
5387,Matgrb,2,0.00026,656095,86.57720,757815
5388,MatteoCorvi,2,0.00026,656097,86.57746,757815
5389,matthiaskoenig,2,0.00026,656099,86.57773,757815
5390,mattKretschmer,2,0.00026,656101,86.57799,757815
5391,mattlemons29,2,0.00026,656103,86.57825,757815
5392,mattmcclean,2,0.00026,656105,86.57852,757815
5393,maulberto3,2,0.00026,656107,86.57878,757815
5394,maurhub,2,0.00026,656109,86.57905,757815
5395,MauriceBrg,2,0.00026,656111,86.57931,757815
5396,mauro-belgiovine,2,0.00026,656113,86.57957,757815
5397,maxclaey,2,0.00026,656115,86.57984,757815
5398,maxco2,2,0.00026,656117,86.58010,757815
5399,maxgillett,2,0.00026,656119,86.58037,757815
5400,maxshaps,2,0.00026,656121,86.58063,757815
5401,maycuatroi,2,0.00026,656123,86.58089,757815
5402,mayuriphad,2,0.00026,656125,86.58116,757815
5403,mbcastledine,2,0.00026,656127,86.58142,757815
5404,mbwmbw1337,2,0.00026,656129,86.58169,757815
5405,mbzomowski,2,0.00026,656131,86.58195,757815
5406,mcheepa-prof,2,0.00026,656133,86.58221,757815
5407,mcullan,2,0.00026,656135,86.58248,757815
5408,mdkozlowski,2,0.00026,656137,86.58274,757815
5409,megankawakami,2,0.00026,656139,86.58301,757815
5410,Mehdihym,2,0.00026,656141,86.58327,757815
5411,meis4h,2,0.00026,656143,86.58353,757815
5412,Mengyan1,2,0.00026,656145,86.58380,757815
5413,Menniti,2,0.00026,656147,86.58406,757815
5414,mertalev,2,0.00026,656149,86.58432,757815
5415,mertunsall,2,0.00026,656151,86.58459,757815
5416,meshalawy,2,0.00026,656153,86.58485,757815
5417,mesutbicer,2,0.00026,656155,86.58512,757815
5418,mgglenn,2,0.00026,656157,86.58538,757815
5419,mguida22,2,0.00026,656159,86.58564,757815
5420,Mhaalk,2,0.00026,656161,86.58591,757815
5421,michaelkiper,2,0.00026,656163,86.58617,757815
5422,MichoChan,2,0.00026,656165,86.58644,757815
5423,miiicom,2,0.00026,656167,86.58670,757815
5424,miladm,2,0.00026,656169,86.58696,757815
5425,mincheolseong,2,0.00026,656171,86.58723,757815
5426,mingshi-wang,2,0.00026,656173,86.58749,757815
5427,minimaxir,2,0.00026,656175,86.58776,757815
5428,MiniSho,2,0.00026,656177,86.58802,757815
5429,mitanshu-reckonsys,2,0.00026,656179,86.58828,757815
5430,MiuNa-Yang,2,0.00026,656181,86.58855,757815
5431,mizhou0309,2,0.00026,656183,86.58881,757815
5432,mjpan,2,0.00026,656185,86.58908,757815
5433,mjschock,2,0.00026,656187,86.58934,757815
5434,mjsky481,2,0.00026,656189,86.58960,757815
5435,m-k-l-s,2,0.00026,656191,86.58987,757815
5436,mkovalski,2,0.00026,656193,86.59013,757815
5437,mktal,2,0.00026,656195,86.59039,757815
5438,mlech26l,2,0.00026,656197,86.59066,757815
5439,mlpeschl,2,0.00026,656199,86.59092,757815
5440,mmchougule,2,0.00026,656201,86.59119,757815
5441,Mmdixon,2,0.00026,656203,86.59145,757815
5442,mmmaillot,2,0.00026,656205,86.59171,757815
5443,mmRoshani,2,0.00026,656207,86.59198,757815
5444,MMXLVIII,2,0.00026,656209,86.59224,757815
5445,moamenibrahim,2,0.00026,656211,86.59251,757815
5446,mobeets,2,0.00026,656213,86.59277,757815
5447,MohamedGouaouri,2,0.00026,656215,86.59303,757815
5448,moinnadeem,2,0.00026,656217,86.59330,757815
5449,momo1986,2,0.00026,656219,86.59356,757815
5450,monocongo,2,0.00026,656221,86.59383,757815
5451,mooganic,2,0.00026,656223,86.59409,757815
5452,moritzmeister,2,0.00026,656225,86.59435,757815
5453,morrisirrom,2,0.00026,656227,86.59462,757815
5454,moshewe,2,0.00026,656229,86.59488,757815
5455,moskomule,2,0.00026,656231,86.59515,757815
5456,mottopanikeiku,2,0.00026,656233,86.59541,757815
5457,mr-abc-xyz,2,0.00026,656235,86.59567,757815
5458,mrafifrbbn,2,0.00026,656237,86.59594,757815
5459,MrLrf,2,0.00026,656239,86.59620,757815
5460,Mr-Pepe,2,0.00026,656241,86.59646,757815
5461,mrz1999,2,0.00026,656243,86.59673,757815
5462,MS6518,2,0.00026,656245,86.59699,757815
5463,mseeger,2,0.00026,656247,86.59726,757815
5464,msilvestriUSF,2,0.00026,656249,86.59752,757815
5465,mukktinaadh,2,0.00026,656251,86.59778,757815
5466,mullerhai,2,0.00026,656253,86.59805,757815
5467,murthyn,2,0.00026,656255,86.59831,757815
5468,mvheimburg,2,0.00026,656257,86.59858,757815
5469,mwulfman,2,0.00026,656259,86.59884,757815
5470,MXD6,2,0.00026,656261,86.59910,757815
5471,mystoryfantacy,2,0.00026,656263,86.59937,757815
5472,nadavbh12,2,0.00026,656265,86.59963,757815
5473,nadidata,2,0.00026,656267,86.59990,757815
5474,namangakhar,2,0.00026,656269,86.60016,757815
5475,name-snrl,2,0.00026,656271,86.60042,757815
5476,nankaimy,2,0.00026,656273,86.60069,757815
5477,NaRobBoo,2,0.00026,656275,86.60095,757815
5478,Naton1,2,0.00026,656277,86.60122,757815
5479,NatureLR,2,0.00026,656279,86.60148,757815
5480,NDR008,2,0.00026,656281,86.60174,757815
5481,neerajbansal,2,0.00026,656283,86.60201,757815
5482,neidythedev,2,0.00026,656285,86.60227,757815
5483,neltacigreb,2,0.00026,656287,86.60253,757815
5484,Neo-X,2,0.00026,656289,86.60280,757815
5485,nethtrick,2,0.00026,656291,86.60306,757815
5486,neuronflow,2,0.00026,656293,86.60333,757815
5487,neverchanje,2,0.00026,656295,86.60359,757815
5488,nevergiveuphe,2,0.00026,656297,86.60385,757815
5489,nexon33,2,0.00026,656299,86.60412,757815
5490,ngthkhanhha,2,0.00026,656301,86.60438,757815
5491,nhaH-luaP,2,0.00026,656303,86.60465,757815
5492,nic-elia,2,0.00026,656305,86.60491,757815
5493,Nickhodem,2,0.00026,656307,86.60517,757815
5494,NickMcCarthy101,2,0.00026,656309,86.60544,757815
5495,nicolaspi,2,0.00026,656311,86.60570,757815
5496,nihal-rao-swi,2,0.00026,656313,86.60597,757815
5497,nileshsuri,2,0.00026,656315,86.60623,757815
5498,nilyin,2,0.00026,656317,86.60649,757815
5499,nima-siboni,2,0.00026,656319,86.60676,757815
5500,nirn1973,2,0.00026,656321,86.60702,757815
5501,Nishant-ZFYII,2,0.00026,656323,86.60729,757815
5502,niujh,2,0.00026,656325,86.60755,757815
5503,nivibilla,2,0.00026,656327,86.60781,757815
5504,NivinaNull,2,0.00026,656329,86.60808,757815
5505,NJIER,2,0.00026,656331,86.60834,757815
5506,njumzs,2,0.00026,656333,86.60861,757815
5507,nklarer,2,0.00026,656335,86.60887,757815
5508,nkratzke,2,0.00026,656337,86.60913,757815
5509,nlgranger,2,0.00026,656339,86.60940,757815
5510,nMack429,2,0.00026,656341,86.60966,757815
5511,nmayhall-vt,2,0.00026,656343,86.60992,757815
5512,nm-bls,2,0.00026,656345,86.61019,757815
5513,noah-peeters,2,0.00026,656347,86.61045,757815
5514,noamsml,2,0.00026,656349,86.61072,757815
5515,noperator,2,0.00026,656351,86.61098,757815
5516,nskpro-cmd,2,0.00026,656353,86.61124,757815
5517,nthomas103,2,0.00026,656355,86.61151,757815
5518,nutjob4life,2,0.00026,656357,86.61177,757815
5519,nyagah,2,0.00026,656359,86.61204,757815
5520,oab24413gmai,2,0.00026,656361,86.61230,757815
5521,oasfuyou,2,0.00026,656363,86.61256,757815
5522,ob,2,0.00026,656365,86.61283,757815
5523,observerw,2,0.00026,656367,86.61309,757815
5524,ocuiz,2,0.00026,656369,86.61336,757815
5525,Officium,2,0.00026,656371,86.61362,757815
5526,ogencoglu,2,0.00026,656373,86.61388,757815
5527,OhadRubin,2,0.00026,656375,86.61415,757815
5528,oles-visible,2,0.00026,656377,86.61441,757815
5529,oliverwang15,2,0.00026,656379,86.61468,757815
5530,olivierlefloch,2,0.00026,656381,86.61494,757815
5531,olivierr42,2,0.00026,656383,86.61520,757815
5532,onedayherocoming,2,0.00026,656385,86.61547,757815
5533,one-matrix,2,0.00026,656387,86.61573,757815
5534,onratlgn,2,0.00026,656389,86.61599,757815
5535,onycher,2,0.00026,656391,86.61626,757815
5536,oogetyboogety,2,0.00026,656393,86.61652,757815
5537,oranavrahamiironsrc,2,0.00026,656395,86.61679,757815
5538,orangeQWJ,2,0.00026,656397,86.61705,757815
5539,orbaps,2,0.00026,656399,86.61731,757815
5540,orbisai0security,2,0.00026,656401,86.61758,757815
5541,orcunderscore,2,0.00026,656403,86.61784,757815
5542,ori-cfowler,2,0.00026,656405,86.61811,757815
5543,Or-Levi,2,0.00026,656407,86.61837,757815
5544,orthosku,2,0.00026,656409,86.61863,757815
5545,Oxi84,2,0.00026,656411,86.61890,757815
5546,PadishahIII,2,0.00026,656413,86.61916,757815
5547,paehal,2,0.00026,656415,86.61943,757815
5548,Pagariya,2,0.00026,656417,86.61969,757815
5549,parinpshah94,2,0.00026,656419,86.61995,757815
5550,parshad1710,2,0.00026,656421,86.62022,757815
5551,ParthM-GitHub,2,0.00026,656423,86.62048,757815
5552,patilpushkarp,2,0.00026,656425,86.62075,757815
5553,PatrickSampaioUSP,2,0.00026,656427,86.62101,757815
5554,patrickswedish,2,0.00026,656429,86.62127,757815
5555,Paulaner99,2,0.00026,656431,86.62154,757815
5556,pavan51,2,0.00026,656433,86.62180,757815
5557,pavelkushtia,2,0.00026,656435,86.62206,757815
5558,paveltc,2,0.00026,656437,86.62233,757815
5559,pbosch,2,0.00026,656439,86.62259,757815
5560,pcarinhas,2,0.00026,656441,86.62286,757815
5561,pclay614,2,0.00026,656443,86.62312,757815
5562,pdr9908,2,0.00026,656445,86.62338,757815
5563,PengLong666,2,0.00026,656447,86.62365,757815
5564,peter-castelion,2,0.00026,656449,86.62391,757815
5565,pfagurel,2,0.00026,656451,86.62418,757815
5566,Phantom0i,2,0.00026,656453,86.62444,757815
5567,phantomedc,2,0.00026,656455,86.62470,757815
5568,philljkc,2,0.00026,656457,86.62497,757815
5569,phipag,2,0.00026,656459,86.62523,757815
5570,phongvq,2,0.00026,656461,86.62550,757815
5571,phyyou,2,0.00026,656463,86.62576,757815
5572,piaoyats,2,0.00026,656465,86.62602,757815
5573,PioFro,2,0.00026,656467,86.62629,757815
5574,pkuwangh,2,0.00026,656469,86.62655,757815
5575,pmmitche,2,0.00026,656471,86.62682,757815
5576,PoCTo,2,0.00026,656473,86.62708,757815
5577,pongnguy,2,0.00026,656475,86.62734,757815
5578,PostmanSpat,2,0.00026,656477,86.62761,757815
5579,pounde,2,0.00026,656479,86.62787,757815
5580,PPiodas,2,0.00026,656481,86.62813,757815
5581,ppwwyyxx,2,0.00026,656483,86.62840,757815
5582,prabodh1194,2,0.00026,656485,86.62866,757815
5583,PrasannaMaddila,2,0.00026,656487,86.62893,757815
5584,Prashantsaini25,2,0.00026,656489,86.62919,757815
5585,prassanna-ravishankar,2,0.00026,656491,86.62945,757815
5586,Prateek-Tyagi,2,0.00026,656493,86.62972,757815
5587,praveenpds,2,0.00026,656495,86.62998,757815
5588,pringwong,2,0.00026,656497,86.63025,757815
5589,Privilger,2,0.00026,656499,86.63051,757815
5590,proberts-sc,2,0.00026,656501,86.63077,757815
5591,protagohhz,2,0.00026,656503,86.63104,757815
5592,Protocol-zero-0,2,0.00026,656505,86.63130,757815
5593,prutskov,2,0.00026,656507,86.63157,757815
5594,pschmutz,2,0.00026,656509,86.63183,757815
5595,pspillai,2,0.00026,656511,86.63209,757815
5596,psxz,2,0.00026,656513,86.63236,757815
5597,ptomecek,2,0.00026,656515,86.63262,757815
5598,pulak-gautam,2,0.00026,656517,86.63289,757815
5599,purnasai,2,0.00026,656519,86.63315,757815
5600,PushanAgrawal,2,0.00026,656521,86.63341,757815
5601,putdanil,2,0.00026,656523,86.63368,757815
5602,putze,2,0.00026,656525,86.63394,757815
5603,pvbhanuteja,2,0.00026,656527,86.63420,757815
5604,pveierland,2,0.00026,656529,86.63447,757815
5605,pwang697,2,0.00026,656531,86.63473,757815
5606,pyjads,2,0.00026,656533,86.63500,757815
5607,py-rh,2,0.00026,656535,86.63526,757815
5608,qingtian1771,2,0.00026,656537,86.63552,757815
5609,QingZhou-YangHY,2,0.00026,656539,86.63579,757815
5610,QiTianyu-0403,2,0.00026,656541,86.63605,757815
5611,qiucy,2,0.00026,656543,86.63632,757815
5612,qiuyuchen14,2,0.00026,656545,86.63658,757815
5613,qooba,2,0.00026,656547,86.63684,757815
5614,Qoooooooooooo,2,0.00026,656549,86.63711,757815
5615,qorbanpour,2,0.00026,656551,86.63737,757815
5616,Quaniful,2,0.00026,656553,86.63764,757815
5617,quenlang007-create,2,0.00026,656555,86.63790,757815
5618,quinn-dougherty,2,0.00026,656557,86.63816,757815
5619,qwerzcxvsadf,2,0.00026,656559,86.63843,757815
5620,qywu,2,0.00026,656561,86.63869,757815
5621,qyzhaoxun,2,0.00026,656563,86.63896,757815
5622,RadicalAcronym,2,0.00026,656565,86.63922,757815
5623,radillus,2,0.00026,656567,86.63948,757815
5624,rahatsantosh,2,0.00026,656569,86.63975,757815
5625,rahuld-turing,2,0.00026,656571,86.64001,757815
5626,rajeshitshoulders,2,0.00026,656573,86.64028,757815
5627,Rakshasv18,2,0.00026,656575,86.64054,757815
5628,Rakshit-gen,2,0.00026,656577,86.64080,757815
5629,ralbertazzi,2,0.00026,656579,86.64107,757815
5630,ramicaza,2,0.00026,656581,86.64133,757815
5631,Ramtin-Nouri,2,0.00026,656583,86.64159,757815
5632,Rane90,2,0.00026,656585,86.64186,757815
5633,rapsealk,2,0.00026,656587,86.64212,757815
5634,raulcd,2,0.00026,656589,86.64239,757815
5635,ravindra-ut,2,0.00026,656591,86.64265,757815
5636,raychen911,2,0.00026,656593,86.64291,757815
5637,ray-eng,2,0.00026,656595,86.64318,757815
5638,rayen-mhamdi,2,0.00026,656597,86.64344,757815
5639,Rayjhunne05,2,0.00026,656599,86.64371,757815
5640,raymondren1982,2,0.00026,656601,86.64397,757815
5641,raymond-yin,2,0.00026,656603,86.64423,757815
5642,raz4,2,0.00026,656605,86.64450,757815
5643,rdabane,2,0.00026,656607,86.64476,757815
5644,rdblue,2,0.00026,656609,86.64503,757815
5645,reemagit,2,0.00026,656611,86.64529,757815
5646,Reignbeaux,2,0.00026,656613,86.64555,757815
5647,relda88,2,0.00026,656615,86.64582,757815
5648,remidebette,2,0.00026,656617,86.64608,757815
5649,RenardDesNeiges,2,0.00026,656619,86.64635,757815
5650,RenzoMXD,2,0.00026,656621,86.64661,757815
5651,Retribution98,2,0.00026,656623,86.64687,757815
5652,retroactively,2,0.00026,656625,86.64714,757815
5653,Rex-dby,2,0.00026,656627,86.64740,757815
5654,rgasper,2,0.00026,656629,86.64766,757815
5655,rherman9,2,0.00026,656631,86.64793,757815
5656,ricardobatistad,2,0.00026,656633,86.64819,757815
5657,RiccarDigno,2,0.00026,656635,86.64846,757815
5658,Rice-Field,2,0.00026,656637,86.64872,757815
5659,richardlin047,2,0.00026,656639,86.64898,757815
5660,richardyy1188,2,0.00026,656641,86.64925,757815
5661,richielo,2,0.00026,656643,86.64951,757815
5662,richleigh,2,0.00026,656645,86.64978,757815
5663,ricpruss,2,0.00026,656647,86.65004,757815
5664,rishcx,2,0.00026,656649,86.65030,757815
5665,rjeli,2,0.00026,656651,86.65057,757815
5666,rjurney,2,0.00026,656653,86.65083,757815
5667,rk0n,2,0.00026,656655,86.65110,757815
5668,rlan,2,0.00026,656657,86.65136,757815
5669,rmanak,2,0.00026,656659,86.65162,757815
5670,rng70-or,2,0.00026,656661,86.65189,757815
5671,roark,2,0.00026,656663,86.65215,757815
5672,robertreaney,2,0.00026,656665,86.65242,757815
5673,robfitzgerald,2,0.00026,656667,86.65268,757815
5674,robnsngh,2,0.00026,656669,86.65294,757815
5675,robogast,2,0.00026,656671,86.65321,757815
5676,rodriguesfas,2,0.00026,656673,86.65347,757815
5677,RoeeEnbar,2,0.00026,656675,86.65373,757815
5678,rogercallster,2,0.00026,656677,86.65400,757815
5679,rogerfydp,2,0.00026,656679,86.65426,757815
5680,rohin-dasari,2,0.00026,656681,86.65453,757815
5681,rokiyer,2,0.00026,656683,86.65479,757815
5682,romanlee6,2,0.00026,656685,86.65505,757815
5683,romantic-brutalist,2,0.00026,656687,86.65532,757815
5684,Romit-Maulik,2,0.00026,656689,86.65558,757815
5685,ronaldngounou,2,0.00026,656691,86.65585,757815
5686,ronaldosaheki,2,0.00026,656693,86.65611,757815
5687,ronan-keane,2,0.00026,656695,86.65637,757815
5688,roosephu,2,0.00026,656697,86.65664,757815
5689,root12321,2,0.00026,656699,86.65690,757815
5690,rophy-zhang,2,0.00026,656701,86.65717,757815
5691,roshmath,2,0.00026,656703,86.65743,757815
5692,Rowing0914,2,0.00026,656705,86.65769,757815
5693,roxanadangerm,2,0.00026,656707,86.65796,757815
5694,rpandya922,2,0.00026,656709,86.65822,757815
5695,rpep,2,0.00026,656711,86.65849,757815
5696,rsuwaileh,2,0.00026,656713,86.65875,757815
5697,ruben39x2,2,0.00026,656715,86.65901,757815
5698,rubinfergersoniv,2,0.00026,656717,86.65928,757815
5699,RudrenduPaul,2,0.00026,656719,86.65954,757815
5700,runedog48,2,0.00026,656721,86.65980,757815
5701,rvalieris,2,0.00026,656723,86.66007,757815
5702,rw-anderson,2,0.00026,656725,86.66033,757815
5703,rwlrwlrwlrwl,2,0.00026,656727,86.66060,757815
5704,rxsalad,2,0.00026,656729,86.66086,757815
5705,sachinkundu,2,0.00026,656731,86.66112,757815
5706,sadimoodi,2,0.00026,656733,86.66139,757815
5707,sahil-03,2,0.00026,656735,86.66165,757815
5708,saidileep-kivi,2,0.00026,656737,86.66192,757815
5709,sairajab,2,0.00026,656739,86.66218,757815
5710,saitcakmak,2,0.00026,656741,86.66244,757815
5711,SaiVenkatM,2,0.00026,656743,86.66271,757815
5712,sallpress,2,0.00026,656745,86.66297,757815
5713,samarth-contextual,2,0.00026,656747,86.66324,757815
5714,sambbhavgarg-fynd,2,0.00026,656749,86.66350,757815
5715,samdyzon,2,0.00026,656751,86.66376,757815
5716,samithaj,2,0.00026,656753,86.66403,757815
5717,SamJSui,2,0.00026,656755,86.66429,757815
5718,samo133,2,0.00026,656757,86.66456,757815
5719,sam-phinizy,2,0.00026,656759,86.66482,757815
5720,santiagoolivar2017,2,0.00026,656761,86.66508,757815
5721,sappjw,2,0.00026,656763,86.66535,757815
5722,SarahBelieve,2,0.00026,656765,86.66561,757815
5723,sarahperrin,2,0.00026,656767,86.66587,757815
5724,sarthakchakravarty,2,0.00026,656769,86.66614,757815
5725,sarvesh211999,2,0.00026,656771,86.66640,757815
5726,sashless,2,0.00026,656773,86.66667,757815
5727,satrya-sabeni,2,0.00026,656775,86.66693,757815
5728,saurabh850,2,0.00026,656777,86.66719,757815
5729,sbucaille,2,0.00026,656779,86.66746,757815
5730,scngupta-dsp,2,0.00026,656781,86.66772,757815
5731,scottwedge,2,0.00026,656783,86.66799,757815
5732,sdtblckgov,2,0.00026,656785,86.66825,757815
5733,seanbow,2,0.00026,656787,86.66851,757815
5734,Seanny123,2,0.00026,656789,86.66878,757815
5735,seb314,2,0.00026,656791,86.66904,757815
5736,sebady,2,0.00026,656793,86.66931,757815
5737,sebastian-cao,2,0.00026,656795,86.66957,757815
5738,SebastianRiedel,2,0.00026,656797,86.66983,757815
5739,secondspass,2,0.00026,656799,86.67010,757815
5740,SeeYaaa,2,0.00026,656801,86.67036,757815
5741,segatrade,2,0.00026,656803,86.67063,757815
5742,seiing,2,0.00026,656805,86.67089,757815
5743,SekiroRong,2,0.00026,656807,86.67115,757815
5744,seminumber,2,0.00026,656809,86.67142,757815
5745,Sepiafs,2,0.00026,656811,86.67168,757815
5746,seraphzl,2,0.00026,656813,86.67194,757815
5747,sereysethy,2,0.00026,656815,86.67221,757815
5748,sergii-ivakhno-kidsloop,2,0.00026,656817,86.67247,757815
5749,serriaguirregaray,2,0.00026,656819,86.67274,757815
5750,seydar,2,0.00026,656821,86.67300,757815
5751,sfc-gh-joshi,2,0.00026,656823,86.67326,757815
5752,sgerber-hf,2,0.00026,656825,86.67353,757815
5753,sgfCrazy,2,0.00026,656827,86.67379,757815
5754,shadowdsp,2,0.00026,656829,86.67406,757815
5755,shahar-fleischman,2,0.00026,656831,86.67432,757815
5756,shao-shuai,2,0.00026,656833,86.67458,757815
5757,sharlec,2,0.00026,656835,86.67485,757815
5758,sheetalsh456,2,0.00026,656837,86.67511,757815
5759,shehper,2,0.00026,656839,86.67538,757815
5760,shengtsui,2,0.00026,656841,86.67564,757815
5761,shen-shanshan,2,0.00026,656843,86.67590,757815
5762,shenshaowei,2,0.00026,656845,86.67617,757815
5763,Shinchan9913,2,0.00026,656847,86.67643,757815
5764,shixiaocaia,2,0.00026,656849,86.67670,757815
5765,shortstheory,2,0.00026,656851,86.67696,757815
5766,ShreyashAgare26,2,0.00026,656853,86.67722,757815
5767,ShuzhiLiu,2,0.00026,656855,86.67749,757815
5768,sikai123,2,0.00026,656857,86.67775,757815
5769,sile,2,0.00026,656859,86.67802,757815
5770,simo-hsieh,2,0.00026,656861,86.67828,757815
5771,simonguozirui,2,0.00026,656863,86.67854,757815
5772,sistog,2,0.00026,656865,86.67881,757815
5773,sitaowang1998,2,0.00026,656867,86.67907,757815
5774,Sithembiso-Mashinini,2,0.00026,656869,86.67933,757815
5775,sjakthol,2,0.00026,656871,86.67960,757815
5776,sjkoelle,2,0.00026,656873,86.67986,757815
5777,sjtuytc,2,0.00026,656875,86.68013,757815
5778,slitvinov,2,0.00026,656877,86.68039,757815
5779,slu0,2,0.00026,656879,86.68065,757815
5780,sluo1250,2,0.00026,656881,86.68092,757815
5781,sluo198912,2,0.00026,656883,86.68118,757815
5782,slyt,2,0.00026,656885,86.68145,757815
5783,smandrell-ec,2,0.00026,656887,86.68171,757815
5784,smitkiri,2,0.00026,656889,86.68197,757815
5785,smn57,2,0.00026,656891,86.68224,757815
5786,smolboii,2,0.00026,656893,86.68250,757815
5787,SMorawiec,2,0.00026,656895,86.68277,757815
5788,smy20011,2,0.00026,656897,86.68303,757815
5789,SnehaHegde24,2,0.00026,656899,86.68329,757815
5790,SnoozeFreddo,2,0.00026,656901,86.68356,757815
5791,SnowWalkerJ,2,0.00026,656903,86.68382,757815
5792,sofam,2,0.00026,656905,86.68409,757815
5793,Soga-no-Tojiko,2,0.00026,656907,86.68435,757815
5794,solacerace,2,0.00026,656909,86.68461,757815
5795,SolenoidWGT,2,0.00026,656911,86.68488,757815
5796,solnox99,2,0.00026,656913,86.68514,757815
5797,somaz94,2,0.00026,656915,86.68540,757815
5798,somunslotus1,2,0.00026,656917,86.68567,757815
5799,soodoshll,2,0.00026,656919,86.68593,757815
5800,sophmrtn,2,0.00026,656921,86.68620,757815
5801,sorgfresser,2,0.00026,656923,86.68646,757815
5802,SpencerPao,2,0.00026,656925,86.68672,757815
5803,Spritekin,2,0.00026,656927,86.68699,757815
5804,sqdyyd,2,0.00026,656929,86.68725,757815
5805,SridharPandian,2,0.00026,656931,86.68752,757815
5806,sridif,2,0.00026,656933,86.68778,757815
5807,SSPRATAP17,2,0.00026,656935,86.68804,757815
5808,st--,2,0.00026,656937,86.68831,757815
5809,STAR-173,2,0.00026,656939,86.68857,757815
5810,stefan4444,2,0.00026,656941,86.68884,757815
5811,stefanocampanella,2,0.00026,656943,86.68910,757815
5812,stefanodefeo,2,0.00026,656945,86.68936,757815
5813,stephanegaiffas,2,0.00026,656947,86.68963,757815
5814,stephenoffer,2,0.00026,656949,86.68989,757815
5815,stephenxudong,2,0.00026,656951,86.69016,757815
5816,stephofx,2,0.00026,656953,86.69042,757815
5817,SteveHan-233,2,0.00026,656955,86.69068,757815
5818,steventrouble,2,0.00026,656957,86.69095,757815
5819,strategynet123,2,0.00026,656959,86.69121,757815
5820,StrausMG,2,0.00026,656961,86.69147,757815
5821,stvreumi,2,0.00026,656963,86.69174,757815
5822,suhas-bn-1412,2,0.00026,656965,86.69200,757815
5823,SuhitK,2,0.00026,656967,86.69227,757815
5824,sukkiCat,2,0.00026,656969,86.69253,757815
5825,sukritkalra,2,0.00026,656971,86.69279,757815
5826,sumit1223,2,0.00026,656973,86.69306,757815
5827,sundy321,2,0.00026,656975,86.69332,757815
5828,Sunidhi-Gaonkar1,2,0.00026,656977,86.69359,757815
5829,sunil-s,2,0.00026,656979,86.69385,757815
5830,sunstick,2,0.00026,656981,86.69411,757815
5831,surak,2,0.00026,656983,86.69438,757815
5832,sutibu,2,0.00026,656985,86.69464,757815
5833,suuyawu,2,0.00026,656987,86.69491,757815
5834,suvicharsadhana,2,0.00026,656989,86.69517,757815
5835,Svalorzen,2,0.00026,656991,86.69543,757815
5836,swamidass,2,0.00026,656993,86.69570,757815
5837,swaroopch,2,0.00026,656995,86.69596,757815
5838,syonekura,2,0.00026,656997,86.69623,757815
5839,Szkered,2,0.00026,656999,86.69649,757815
5840,t0biasm,2,0.00026,657001,86.69675,757815
5841,tahentx,2,0.00026,657003,86.69702,757815
5842,Taimys,2,0.00026,657005,86.69728,757815
5843,tamkaho,2,0.00026,657007,86.69754,757815
5844,tanlin2013,2,0.00026,657009,86.69781,757815
5845,tanmc123,2,0.00026,657011,86.69807,757815
5846,TarasPriadka,2,0.00026,657013,86.69834,757815
5847,tartachyov,2,0.00026,657015,86.69860,757815
5848,tattrongvu,2,0.00026,657017,86.69886,757815
5849,tautomer,2,0.00026,657019,86.69913,757815
5850,TBashida,2,0.00026,657021,86.69939,757815
5851,TeamDman,2,0.00026,657023,86.69966,757815
5852,TechShivvy,2,0.00026,657025,86.69992,757815
5853,tentax143,2,0.00026,657027,86.70018,757815
5854,tesla-cat,2,0.00026,657029,86.70045,757815
5855,tevang,2,0.00026,657031,86.70071,757815
5856,teytaud,2,0.00026,657033,86.70098,757815
5857,thaison1496,2,0.00026,657035,86.70124,757815
5858,ThatIsAUsername,2,0.00026,657037,86.70150,757815
5859,thecooltechguy,2,0.00026,657039,86.70177,757815
5860,theocean154,2,0.00026,657041,86.70203,757815
5861,theomart,2,0.00026,657043,86.70230,757815
5862,theromis,2,0.00026,657045,86.70256,757815
5863,TheRValiquette,2,0.00026,657047,86.70282,757815
5864,thetazero,2,0.00026,657049,86.70309,757815
5865,TheVinhLuong102,2,0.00026,657051,86.70335,757815
5866,thiagocrepaldi,2,0.00026,657053,86.70361,757815
5867,thiswillbeyourgithub,2,0.00026,657055,86.70388,757815
5868,thomascizeron,2,0.00026,657057,86.70414,757815
5869,thorbjornsomod,2,0.00026,657059,86.70441,757815
5870,Thrameos,2,0.00026,657061,86.70467,757815
5871,thuningxu,2,0.00026,657063,86.70493,757815
5872,TianhongDai,2,0.00026,657065,86.70520,757815
5873,TianyeGGBond,2,0.00026,657067,86.70546,757815
5874,tibogissel,2,0.00026,657069,86.70573,757815
5875,tieincred,2,0.00026,657071,86.70599,757815
5876,tiennguyentony,2,0.00026,657073,86.70625,757815
5877,tientien01,2,0.00026,657075,86.70652,757815
5878,TiesdeKok,2,0.00026,657077,86.70678,757815
5879,till-m,2,0.00026,657079,86.70705,757815
5880,timeleft--,2,0.00026,657081,86.70731,757815
5881,timosturm,2,0.00026,657083,86.70757,757815
5882,timtody,2,0.00026,657085,86.70784,757815
5883,Tipmethewink,2,0.00026,657087,86.70810,757815
5884,tjboller,2,0.00026,657089,86.70837,757815
5885,tjengbudi,2,0.00026,657091,86.70863,757815
5886,tjkemp,2,0.00026,657093,86.70889,757815
5887,tleonhardt,2,0.00026,657095,86.70916,757815
5888,T-Mofeng,2,0.00026,657097,86.70942,757815
5889,tmyhu,2,0.00026,657099,86.70969,757815
5890,tobias-janoschka,2,0.00026,657101,86.70995,757815
5891,tobiasweede,2,0.00026,657103,86.71021,757815
5892,tobycheese,2,0.00026,657105,86.71048,757815
5893,Togetabetterplace,2,0.00026,657107,86.71074,757815
5894,TomerG711,2,0.00026,657109,86.71100,757815
5895,tomjamescn,2,0.00026,657111,86.71127,757815
5896,tommasodelorenzo,2,0.00026,657113,86.71153,757815
5897,tommy9114,2,0.00026,657115,86.71180,757815
5898,tongjingqi,2,0.00026,657117,86.71206,757815
5899,ToTheMonn,2,0.00026,657119,86.71232,757815
5900,tplass-ias,2,0.00026,657121,86.71259,757815
5901,trevenrawr,2,0.00026,657123,86.71285,757815
5902,trevor-a-mccants,2,0.00026,657125,86.71312,757815
5903,trias702,2,0.00026,657127,86.71338,757815
5904,t-roloft,2,0.00026,657129,86.71364,757815
5905,trsudarshan,2,0.00026,657131,86.71391,757815
5906,TRSWNCA,2,0.00026,657133,86.71417,757815
5907,tsinggggg,2,0.00026,657135,86.71444,757815
5908,tuhinsharma121,2,0.00026,657137,86.71470,757815
5909,tungwini,2,0.00026,657139,86.71496,757815
5910,turboamd-maker,2,0.00026,657141,86.71523,757815
5911,tvrbanec,2,0.00026,657143,86.71549,757815
5912,tzy004,2,0.00026,657145,86.71576,757815
5913,uhlajs,2,0.00026,657147,86.71602,757815
5914,ultrons,2,0.00026,657149,86.71628,757815
5915,umbernhard,2,0.00026,657151,86.71655,757815
5916,umbertov,2,0.00026,657153,86.71681,757815
5917,UmerTariq1,2,0.00026,657155,86.71707,757815
5918,umialpha,2,0.00026,657157,86.71734,757815
5919,umm0n,2,0.00026,657159,86.71760,757815
5920,UncleMadeleine,2,0.00026,657161,86.71787,757815
5921,utkarsh0304,2,0.00026,657163,86.71813,757815
5922,uuudown,2,0.00026,657165,86.71839,757815
5923,UWFrankGu,2,0.00026,657167,86.71866,757815
5924,vadimq,2,0.00026,657169,86.71892,757815
5925,vaggeliskls,2,0.00026,657171,86.71919,757815
5926,ValerioL29,2,0.00026,657173,86.71945,757815
5927,valldabo2,2,0.00026,657175,86.71971,757815
5928,Vamsi995,2,0.00026,657177,86.71998,757815
5929,vas28r13,2,0.00026,657179,86.72024,757815
5930,vbalumuri,2,0.00026,657181,86.72051,757815
5931,vchandela,2,0.00026,657183,86.72077,757815
5932,vedhasam,2,0.00026,657185,86.72103,757815
5933,Vedika-Sd,2,0.00026,657187,86.72130,757815
5934,vertangelx,2,0.00026,657189,86.72156,757815
5935,Victordmz,2,0.00026,657191,86.72183,757815
5936,victorsun123,2,0.00026,657193,86.72209,757815
5937,VictorVandevyvere,2,0.00026,657195,86.72235,757815
5938,VihaanAgarwal,2,0.00026,657197,86.72262,757815
5939,viktoriavikulya,2,0.00026,657199,86.72288,757815
5940,viky-01,2,0.00026,657201,86.72314,757815
5941,Villux,2,0.00026,657203,86.72341,757815
5942,vinayakghatul,2,0.00026,657205,86.72367,757815
5943,vincent0426,2,0.00026,657207,86.72394,757815
5944,VinnyLiu0817,2,0.00026,657209,86.72420,757815
5945,vinodkri,2,0.00026,657211,86.72446,757815
5946,Vishnu-sai-teja,2,0.00026,657213,86.72473,757815
5947,visuallization,2,0.00026,657215,86.72499,757815
5948,vkodakanchi-dnanexus,2,0.00026,657217,86.72526,757815
5949,Vladimirical,2,0.00026,657219,86.72552,757815
5950,vlainic,2,0.00026,657221,86.72578,757815
5951,voklejas2,2,0.00026,657223,86.72605,757815
5952,vonJJ,2,0.00026,657225,86.72631,757815
5953,Vozf,2,0.00026,657227,86.72658,757815
5954,vrazdalovschi,2,0.00026,657229,86.72684,757815
5955,vsokolovskii,2,0.00026,657231,86.72710,757815
5956,WagnerNils,2,0.00026,657233,86.72737,757815
5957,Wanda-Sankey,2,0.00026,657235,86.72763,757815
5958,wangluochao902,2,0.00026,657237,86.72790,757815
5959,Wangpc-972,2,0.00026,657239,86.72816,757815
5960,wangp-nhlab,2,0.00026,657241,86.72842,757815
5961,WangYiPengPeter,2,0.00026,657243,86.72869,757815
5962,wangyugui-e16,2,0.00026,657245,86.72895,757815
5963,WanNJ,2,0.00026,657247,86.72921,757815
5964,Waterkin,2,0.00026,657249,86.72948,757815
5965,wayneadams,2,0.00026,657251,86.72974,757815
5966,WBORSA,2,0.00026,657253,86.73001,757815
5967,wdahab,2,0.00026,657255,86.73027,757815
5968,weberxie,2,0.00026,657257,86.73053,757815
5969,wedobetter,2,0.00026,657259,86.73080,757815
5970,wegfawefgawefg,2,0.00026,657261,86.73106,757815
5971,WeihaoTan,2,0.00026,657263,86.73133,757815
5972,wenxueru,2,0.00026,657265,86.73159,757815
5973,wenyangzz,2,0.00026,657267,86.73185,757815
5974,wgong,2,0.00026,657269,86.73212,757815
5975,WilbertYuan,2,0.00026,657271,86.73238,757815
5976,willgroves,2,0.00026,657273,86.73265,757815
5977,wind818,2,0.00026,657275,86.73291,757815
5978,WIND-D,2,0.00026,657277,86.73317,757815
5979,windpiger,2,0.00026,657279,86.73344,757815
5980,windro-xdd,2,0.00026,657281,86.73370,757815
5981,wired87,2,0.00026,657283,86.73397,757815
5982,Wittline,2,0.00026,657285,86.73423,757815
5983,Wizak-2601,2,0.00026,657287,86.73449,757815
5984,wjd5480,2,0.00026,657289,86.73476,757815
5985,wjzhou,2,0.00026,657291,86.73502,757815
5986,wogh2012,2,0.00026,657293,86.73528,757815
5987,workingloong,2,0.00026,657295,86.73555,757815
5988,wqq-java,2,0.00026,657297,86.73581,757815
5989,wrosko,2,0.00026,657299,86.73608,757815
5990,wulinze,2,0.00026,657301,86.73634,757815
5991,wuxueyang96,2,0.00026,657303,86.73660,757815
5992,wyattlansford,2,0.00026,657305,86.73687,757815
5993,WZFish,2,0.00026,657307,86.73713,757815
5994,xavier-lr,2,0.00026,657309,86.73740,757815
5995,xc9,2,0.00026,657311,86.73766,757815
5996,xiangp152,2,0.00026,657313,86.73792,757815
5997,xianyinxin,2,0.00026,657315,86.73819,757815
5998,xiaoming12306,2,0.00026,657317,86.73845,757815
5999,xiaoyang-RL9,2,0.00026,657319,86.73872,757815
6000,xiaoyu1095,2,0.00026,657321,86.73898,757815
6001,Xing-Zhuang,2,0.00026,657323,86.73924,757815
6002,xingzihai,2,0.00026,657325,86.73951,757815
6003,xjhust,2,0.00026,657327,86.73977,757815
6004,xli4217,2,0.00026,657329,86.74004,757815
6005,xslingcn,2,0.00026,657331,86.74030,757815
6006,xuanbozeng,2,0.00026,657333,86.74056,757815
6007,xuanhua,2,0.00026,657335,86.74083,757815
6008,xushaoxiao,2,0.00026,657337,86.74109,757815
6009,xxArbiter,2,0.00026,657339,86.74136,757815
6010,xxm1668,2,0.00026,657341,86.74162,757815
6011,xXMrNidaXx,2,0.00026,657343,86.74188,757815
6012,xyf5432,2,0.00026,657345,86.74215,757815
6013,Yak46,2,0.00026,657347,86.74241,757815
6014,yang0110,2,0.00026,657349,86.74267,757815
6015,yangalan123,2,0.00026,657351,86.74294,757815
6016,yangky11,2,0.00026,657353,86.74320,757815
6017,yanzhaodong2024,2,0.00026,657355,86.74347,757815
6018,YASHY2K,2,0.00026,657357,86.74373,757815
6019,Yeolar,2,0.00026,657359,86.74399,757815
6020,yfche,2,0.00026,657361,86.74426,757815
6021,YichengWang12,2,0.00026,657363,86.74452,757815
6022,yifeng-x,2,0.00026,657365,86.74479,757815
6023,yihengli,2,0.00026,657367,86.74505,757815
6024,yihong0618,2,0.00026,657369,86.74531,757815
6025,yingbaihu,2,0.00026,657371,86.74558,757815
6026,yingyaozhou,2,0.00026,657373,86.74584,757815
6027,YinZheng-Sun,2,0.00026,657375,86.74611,757815
6028,YixuanCao,2,0.00026,657377,86.74637,757815
6029,yizhexu,2,0.00026,657379,86.74663,757815
6030,yjgeno,2,0.00026,657381,86.74690,757815
6031,ymd-h,2,0.00026,657383,86.74716,757815
6032,YoannMR,2,0.00026,657385,86.74743,757815
6033,yoavfreund,2,0.00026,657387,86.74769,757815
6034,yoavhacohen,2,0.00026,657389,86.74795,757815
6035,yogeshg,2,0.00026,657391,86.74822,757815
6036,yolking,2,0.00026,657393,86.74848,757815
6037,yongjun823,2,0.00026,657395,86.74874,757815
6038,yonkshi,2,0.00026,657397,86.74901,757815
6039,yonromai,2,0.00026,657399,86.74927,757815
6040,yosider,2,0.00026,657401,86.74954,757815
6041,YoungZM339,2,0.00026,657403,86.74980,757815
6042,yppmlhs,2,0.00026,657405,86.75006,757815
6043,ysmu,2,0.00026,657407,86.75033,757815
6044,ysu17,2,0.00026,657409,86.75059,757815
6045,YuanfengZhang,2,0.00026,657411,86.75086,757815
6046,yulei-li,2,0.00026,657413,86.75112,757815
6047,yummydsky,2,0.00026,657415,86.75138,757815
6048,YushuYan064,2,0.00026,657417,86.75165,757815
6049,yvmilir,2,0.00026,657419,86.75191,757815
6050,ywilke,2,0.00026,657421,86.75218,757815
6051,yxue-kabam,2,0.00026,657423,86.75244,757815
6052,yyzhao2025,2,0.00026,657425,86.75270,757815
6053,zahta,2,0.00026,657427,86.75297,757815
6054,zalmane,2,0.00026,657429,86.75323,757815
6055,zbwzwd,2,0.00026,657431,86.75350,757815
6056,ZefangShen,2,0.00026,657433,86.75376,757815
6057,Zephyr69,2,0.00026,657435,86.75402,757815
6058,zeromem,2,0.00026,657437,86.75429,757815
6059,zh820952173,2,0.00026,657439,86.75455,757815
6060,zhaichenhao1889,2,0.00026,657441,86.75481,757815
6061,zhanghaoie,2,0.00026,657443,86.75508,757815
6062,zhangjiawei5911,2,0.00026,657445,86.75534,757815
6063,zhanwenchen,2,0.00026,657447,86.75561,757815
6064,zhaocaibei123,2,0.00026,657449,86.75587,757815
6065,zhaohubo,2,0.00026,657451,86.75613,757815
6066,zhaolazy,2,0.00026,657453,86.75640,757815
6067,zhaozj89,2,0.00026,657455,86.75666,757815
6068,zhendongzd,2,0.00026,657457,86.75693,757815
6069,zhijianma,2,0.00026,657459,86.75719,757815
6070,zhu0619,2,0.00026,657461,86.75745,757815
6071,zhu-eric,2,0.00026,657463,86.75772,757815
6072,zigaLuksic,2,0.00026,657465,86.75798,757815
6073,zihuanglini,2,0.00026,657467,86.75825,757815
6074,ZJU-lishuang,2,0.00026,657469,86.75851,757815
6075,zjutoe,2,0.00026,657471,86.75877,757815
6076,zjx20,2,0.00026,657473,86.75904,757815
6077,zmvictor,2,0.00026,657475,86.75930,757815
6078,Z-Rajaei,2,0.00026,657477,86.75957,757815
6079,zshareef,2,0.00026,657479,86.75983,757815
6080,zshuyinggg,2,0.00026,657481,86.76009,757815
6081,ZumbiAzul,2,0.00026,657483,86.76036,757815
6082,Zzhiter,2,0.00026,657485,86.76062,757815
6083,0580iris-lang,1,0.00013,657486,86.76075,757815
6084,0oshowero0,1,0.00013,657487,86.76088,757815
6085,0samaS,1,0.00013,657488,86.76102,757815
6086,0xHHHH,1,0.00013,657489,86.76115,757815
6087,0xinsanity,1,0.00013,657490,86.76128,757815
6088,0xmmo,1,0.00013,657491,86.76141,757815
6089,0yukali0,1,0.00013,657492,86.76154,757815
6090,1121091694,1,0.00013,657493,86.76168,757815
6091,123THU,1,0.00013,657494,86.76181,757815
6092,14leeyuchieh,1,0.00013,657495,86.76194,757815
6093,1511878618,1,0.00013,657496,86.76207,757815
6094,15huangtimothy,1,0.00013,657497,86.76220,757815
6095,170928,1,0.00013,657498,86.76234,757815
6096,1757525671,1,0.00013,657499,86.76247,757815
6097,1931540,1,0.00013,657500,86.76260,757815
6098,2019331099-Rabbi,1,0.00013,657501,86.76273,757815
6099,2291924061,1,0.00013,657502,86.76286,757815
6100,24hours,1,0.00013,657503,86.76300,757815
6101,2505928188,1,0.00013,657504,86.76313,757815
6102,385628424,1,0.00013,657505,86.76326,757815
6103,4ever-Rain,1,0.00013,657506,86.76339,757815
6104,5huanghuai,1,0.00013,657507,86.76352,757815
6105,66Gramms,1,0.00013,657508,86.76366,757815
6106,8bit-pixies,1,0.00013,657509,86.76379,757815
6107,a120092009,1,0.00013,657510,86.76392,757815
6108,a123tony39,1,0.00013,657511,86.76405,757815
6109,a4rcvv,1,0.00013,657512,86.76418,757815
6110,aabrower,1,0.00013,657513,86.76432,757815
6111,aagnesina,1,0.00013,657514,86.76445,757815
6112,aalbinati,1,0.00013,657515,86.76458,757815
6113,aallahyar,1,0.00013,657516,86.76471,757815
6114,aa-oo,1,0.00013,657517,86.76484,757815
6115,aaron-asdf,1,0.00013,657518,86.76498,757815
6116,Aaronyxt,1,0.00013,657519,86.76511,757815
6117,AashinShazar,1,0.00013,657520,86.76524,757815
6118,aayushbaluni,1,0.00013,657521,86.76537,757815
6119,AayushJB03,1,0.00013,657522,86.76550,757815
6120,abdulla-hammad,1,0.00013,657523,86.76564,757815
6121,abelien101,1,0.00013,657524,86.76577,757815
6122,abenicho,1,0.00013,657525,86.76590,757815
6123,AbhimanyuAryan,1,0.00013,657526,86.76603,757815
6124,abhinavg4,1,0.00013,657527,86.76616,757815
6125,abhinavkrdubey,1,0.00013,657528,86.76630,757815
6126,abhinavsriva,1,0.00013,657529,86.76643,757815
6127,abhirupkamath,1,0.00013,657530,86.76656,757815
6128,abhishek12tri,1,0.00013,657531,86.76669,757815
6129,abhishekm-anyscale,1,0.00013,657532,86.76682,757815
6130,abidlabs,1,0.00013,657533,86.76695,757815
6131,abigailllr,1,0.00013,657534,86.76709,757815
6132,abigailtech,1,0.00013,657535,86.76722,757815
6133,abossenbroek,1,0.00013,657536,86.76735,757815
6134,abrameshba,1,0.00013,657537,86.76748,757815
6135,achals,1,0.00013,657538,86.76761,757815
6136,AchillesPlight,1,0.00013,657539,86.76775,757815
6137,AcMikoto,1,0.00013,657540,86.76788,757815
6138,actuallyaswin,1,0.00013,657541,86.76801,757815
6139,adamasstokhorst,1,0.00013,657542,86.76814,757815
6140,adam-crowther,1,0.00013,657543,86.76827,757815
6141,adam-narozniak,1,0.00013,657544,86.76841,757815
6142,adamochayon,1,0.00013,657545,86.76854,757815
6143,AdamStelmaszczyk,1,0.00013,657546,86.76867,757815
6144,AdamYoung71,1,0.00013,657547,86.76880,757815
6145,adbcodes,1,0.00013,657548,86.76893,757815
6146,ADBurpitt,1,0.00013,657549,86.76907,757815
6147,Addyvan,1,0.00013,657550,86.76920,757815
6148,AdithyaRaman,1,0.00013,657551,86.76933,757815
6149,adityaanikam,1,0.00013,657552,86.76946,757815
6150,AdityaDas-IITM,1,0.00013,657553,86.76959,757815
6151,adjouden,1,0.00013,657554,86.76973,757815
6152,adonis-dym,1,0.00013,657555,86.76986,757815
6153,adpandeygrid,1,0.00013,657556,86.76999,757815
6154,adux6991,1,0.00013,657557,86.77012,757815
6155,adwaykanhere,1,0.00013,657558,86.77025,757815
6156,aelyacho,1,0.00013,657559,86.77039,757815
6157,afang-story,1,0.00013,657560,86.77052,757815
6158,afaul,1,0.00013,657561,86.77065,757815
6159,afediwgroq,1,0.00013,657562,86.77078,757815
6160,afero,1,0.00013,657563,86.77091,757815
6161,afishspring,1,0.00013,657564,86.77105,757815
6162,aflag,1,0.00013,657565,86.77118,757815
6163,afparsons,1,0.00013,657566,86.77131,757815
6164,agoeckner,1,0.00013,657567,86.77144,757815
6165,AgoraBeck,1,0.00013,657568,86.77157,757815
6166,agundogdu-bdai,1,0.00013,657569,86.77171,757815
6167,ahalev,1,0.00013,657570,86.77184,757815
6168,ahidalgob,1,0.00013,657571,86.77197,757815
6169,Ahleroy,1,0.00013,657572,86.77210,757815
6170,ahmedbr,1,0.00013,657573,86.77223,757815
6171,aiakash,1,0.00013,657574,86.77237,757815
6172,aijdsofttech,1,0.00013,657575,86.77250,757815
6173,aipymhx,1,0.00013,657576,86.77263,757815
6174,aireet,1,0.00013,657577,86.77276,757815
6175,AishuaiYao,1,0.00013,657578,86.77289,757815
6176,ajayaraman,1,0.00013,657579,86.77303,757815
6177,AjayDueman,1,0.00013,657580,86.77316,757815
6178,Ajay-Satish-01,1,0.00013,657581,86.77329,757815
6179,ajlangley,1,0.00013,657582,86.77342,757815
6180,AkaliKong,1,0.00013,657583,86.77355,757815
6181,akashAD98,1,0.00013,657584,86.77368,757815
6182,akashd11,1,0.00013,657585,86.77382,757815
6183,akashe,1,0.00013,657586,86.77395,757815
6184,akash-isu,1,0.00013,657587,86.77408,757815
6185,akashjainn,1,0.00013,657588,86.77421,757815
6186,akbir,1,0.00013,657589,86.77434,757815
6187,Akhil-CM,1,0.00013,657590,86.77448,757815
6188,akhilkedia,1,0.00013,657591,86.77461,757815
6189,akmorrow13,1,0.00013,657592,86.77474,757815
6190,akshatd007,1,0.00013,657593,86.77487,757815
6191,akshay-raj-dhamija,1,0.00013,657594,86.77500,757815
6192,Akshi22,1,0.00013,657595,86.77514,757815
6193,akurniawan,1,0.00013,657596,86.77527,757815
6194,alagden,1,0.00013,657597,86.77540,757815
6195,AlainPilon,1,0.00013,657598,86.77553,757815
6196,alanpeixinho,1,0.00013,657599,86.77566,757815
6197,Alan-Penkar,1,0.00013,657600,86.77580,757815
6198,alanqrwang,1,0.00013,657601,86.77593,757815
6199,alasla,1,0.00013,657602,86.77606,757815
6200,albarji,1,0.00013,657603,86.77619,757815
6201,albenoit,1,0.00013,657604,86.77632,757815
6202,albertaparicio,1,0.00013,657605,86.77646,757815
6203,alberthu233,1,0.00013,657606,86.77659,757815
6204,AlbertZhangHIT,1,0.00013,657607,86.77672,757815
6205,albheim,1,0.00013,657608,86.77685,757815
6206,albin-george-kurian,1,0.00013,657609,86.77698,757815
6207,aleeve,1,0.00013,657610,86.77712,757815
6208,alessandro-canevaro,1,0.00013,657611,86.77725,757815
6209,aleSuglia,1,0.00013,657612,86.77738,757815
6210,alex3s,1,0.00013,657613,86.77751,757815
6211,alexanderhanboli,1,0.00013,657614,86.77764,757815
6212,alexanderimanicowenrivers,1,0.00013,657615,86.77778,757815
6213,alexeckert,1,0.00013,657616,86.77791,757815
6214,alexeypiex,1,0.00013,657617,86.77804,757815
6215,alexisdrakopoulos,1,0.00013,657618,86.77817,757815
6216,alexlenail,1,0.00013,657619,86.77830,757815
6217,AlexLin1234,1,0.00013,657620,86.77844,757815
6218,AlexThirty,1,0.00013,657621,86.77857,757815
6219,alexxcollins,1,0.00013,657622,86.77870,757815
6220,algojogacor,1,0.00013,657623,86.77883,757815
6221,alhussein-jamil,1,0.00013,657624,86.77896,757815
6222,alifaki077,1,0.00013,657625,86.77910,757815
6223,AliHaiderAhmad001,1,0.00013,657626,86.77923,757815
6224,AliKarimi95,1,0.00013,657627,86.77936,757815
6225,alikleit,1,0.00013,657628,86.77949,757815
6226,alippai,1,0.00013,657629,86.77962,757815
6227,alismanis-lv,1,0.00013,657630,86.77975,757815
6228,aljubrmj,1,0.00013,657631,86.77989,757815
6229,alkment,1,0.00013,657632,86.78002,757815
6230,allenfrostline,1,0.00013,657633,86.78015,757815
6231,AllenXu93,1,0.00013,657634,86.78028,757815
6232,allingo,1,0.00013,657635,86.78041,757815
6233,allvphx,1,0.00013,657636,86.78055,757815
6234,aloisSpore,1,0.00013,657637,86.78068,757815
6235,alokkrsahu,1,0.00013,657638,86.78081,757815
6236,alonziltzer,1,0.00013,657639,86.78094,757815
6237,aloofhawk,1,0.00013,657640,86.78107,757815
6238,Altman-conquer,1,0.00013,657641,86.78121,757815
6239,alvaroazabal,1,0.00013,657642,86.78134,757815
6240,alvaro-rio,1,0.00013,657643,86.78147,757815
6241,alvidofaisal,1,0.00013,657644,86.78160,757815
6242,AlvinLXS,1,0.00013,657645,86.78173,757815
6243,AlxDfy,1,0.00013,657646,86.78187,757815
6244,aman-coder03,1,0.00013,657647,86.78200,757815
6245,amanfredi,1,0.00013,657648,86.78213,757815
6246,amberjain1,1,0.00013,657649,86.78226,757815
6247,Amier2,1,0.00013,657650,86.78239,757815
6248,amir1387aht,1,0.00013,657651,86.78253,757815
6249,amiranas,1,0.00013,657652,86.78266,757815
6250,Amirresm,1,0.00013,657653,86.78279,757815
6251,amit9oct,1,0.00013,657654,86.78292,757815
6252,Amitg1,1,0.00013,657655,86.78305,757815
6253,ammirato,1,0.00013,657656,86.78319,757815
6254,ammirsm,1,0.00013,657657,86.78332,757815
6255,AmoghM,1,0.00013,657658,86.78345,757815
6256,amruth-sn,1,0.00013,657659,86.78358,757815
6257,amussara,1,0.00013,657660,86.78371,757815
6258,amztc34283,1,0.00013,657661,86.78385,757815
6259,anabiman,1,0.00013,657662,86.78398,757815
6260,AnaMakarevich,1,0.00013,657663,86.78411,757815
6261,AnandPolamarasetti,1,0.00013,657664,86.78424,757815
6262,anant0808shankh,1,0.00013,657665,86.78437,757815
6263,AnanthCaspex,1,0.00013,657666,86.78451,757815
6264,anapivotal,1,0.00013,657667,86.78464,757815
6265,Anassbzdd,1,0.00013,657668,86.78477,757815
6266,anatolii-kabanov,1,0.00013,657669,86.78490,757815
6267,anatolii-kotov,1,0.00013,657670,86.78503,757815
6268,andreapairon,1,0.00013,657671,86.78517,757815
6269,andrecunha,1,0.00013,657672,86.78530,757815
6270,andreipauliuc-ads,1,0.00013,657673,86.78543,757815
6271,andrei-rusu,1,0.00013,657674,86.78556,757815
6272,andreostrovsky,1,0.00013,657675,86.78569,757815
6273,andrew-pienso,1,0.00013,657676,86.78583,757815
6274,AndrewTanQB,1,0.00013,657677,86.78596,757815
6275,andrew-thought,1,0.00013,657678,86.78609,757815
6276,andrferreira,1,0.00013,657679,86.78622,757815
6277,andyk,1,0.00013,657680,86.78635,757815
6278,andykat,1,0.00013,657681,86.78648,757815
6279,andysingal,1,0.00013,657682,86.78662,757815
6280,angelinafromanyscale,1,0.00013,657683,86.78675,757815
6281,angelotc,1,0.00013,657684,86.78688,757815
6282,anggara-kaskus,1,0.00013,657685,86.78701,757815
6283,anhdangkhoa,1,0.00013,657686,86.78714,757815
6284,aniketmaurya,1,0.00013,657687,86.78728,757815
6285,anilchabba,1,0.00013,657688,86.78741,757815
6286,anilzeybek,1,0.00013,657689,86.78754,757815
6287,animesh,1,0.00013,657690,86.78767,757815
6288,Animesh452,1,0.00013,657691,86.78780,757815
6289,anirbanpranto,1,0.00013,657692,86.78794,757815
6290,anish-15,1,0.00013,657693,86.78807,757815
6291,ankitdhall,1,0.00013,657694,86.78820,757815
6292,ankitks123,1,0.00013,657695,86.78833,757815
6293,ankitshah009,1,0.00013,657696,86.78846,757815
6294,anksing1302,1,0.00013,657697,86.78860,757815
6295,ankur0493,1,0.00013,657698,86.78873,757815
6296,ankur-357,1,0.00013,657699,86.78886,757815
6297,annaprok,1,0.00013,657700,86.78899,757815
6298,Annivia,1,0.00013,657701,86.78912,757815
6299,annyan09023,1,0.00013,657702,86.78926,757815
6300,anonymousssssss,1,0.00013,657703,86.78939,757815
6301,anoop-ml,1,0.00013,657704,86.78952,757815
6302,anotherbugmaster,1,0.00013,657705,86.78965,757815
6303,anruijian,1,0.00013,657706,86.78978,757815
6304,anthony0727,1,0.00013,657707,86.78992,757815
6305,AnthonyAtSigma2,1,0.00013,657708,86.79005,757815
6306,antnsi,1,0.00013,657709,86.79018,757815
6307,antoni-jamiolkowski,1,0.00013,657710,86.79031,757815
6308,antonioaa1979,1,0.00013,657711,86.79044,757815
6309,AntonioGr7,1,0.00013,657712,86.79058,757815
6310,antoniopatrizio,1,0.00013,657713,86.79071,757815
6311,anton-malakhov,1,0.00013,657714,86.79084,757815
6312,AntonP84,1,0.00013,657715,86.79097,757815
6313,anuragkanungo,1,0.00013,657716,86.79110,757815
6314,Anurag-M1,1,0.00013,657717,86.79124,757815
6315,AnuragRaut08,1,0.00013,657718,86.79137,757815
6316,anyweez,1,0.00013,657719,86.79150,757815
6317,aondra17,1,0.00013,657720,86.79163,757815
6318,aoot,1,0.00013,657721,86.79176,757815
6319,apatel4746,1,0.00013,657722,86.79190,757815
6320,Apocalypse990923-qshi,1,0.00013,657723,86.79203,757815
6321,Apoiuty,1,0.00013,657724,86.79216,757815
6322,Apoorva64,1,0.00013,657725,86.79229,757815
6323,apoorva-machale,1,0.00013,657726,86.79242,757815
6324,apoorva-u-r,1,0.00013,657727,86.79255,757815
6325,aptlin,1,0.00013,657728,86.79269,757815
6326,aqemia-aymeric-alixe,1,0.00013,657729,86.79282,757815
6327,aralcimcim,1,0.00013,657730,86.79295,757815
6328,Aravind-11,1,0.00013,657731,86.79308,757815
6329,arazthexd,1,0.00013,657732,86.79321,757815
6330,Archana-Shinde1,1,0.00013,657733,86.79335,757815
6331,ArchieGertsman,1,0.00013,657734,86.79348,757815
6332,ArciAndres,1,0.00013,657735,86.79361,757815
6333,ardendertat,1,0.00013,657736,86.79374,757815
6334,arduinepo,1,0.00013,657737,86.79387,757815
6335,ArgonQQ,1,0.00013,657738,86.79401,757815
6336,Ariescow,1,0.00013,657739,86.79414,757815
6337,arihantsurana,1,0.00013,657740,86.79427,757815
6338,Arijit-crypt,1,0.00013,657741,86.79440,757815
6339,Arkaikus,1,0.00013,657742,86.79453,757815
6340,arkapal1,1,0.00013,657743,86.79467,757815
6341,ArkAung,1,0.00013,657744,86.79480,757815
6342,Armanasq,1,0.00013,657745,86.79493,757815
6343,Armandpl,1,0.00013,657746,86.79506,757815
6344,Armstrong2015,1,0.00013,657747,86.79519,757815
6345,arnaldog12,1,0.00013,657748,86.79533,757815
6346,ArnavBalyan,1,0.00013,657749,86.79546,757815
6347,arneyjfs,1,0.00013,657750,86.79559,757815
6348,aronium97,1,0.00013,657751,86.79572,757815
6349,arpesenti,1,0.00013,657752,86.79585,757815
6350,arsenvlad,1,0.00013,657753,86.79599,757815
6351,artemisart,1,0.00013,657754,86.79612,757815
6352,artemus717,1,0.00013,657755,86.79625,757815
6353,arthi-arumugam-git,1,0.00013,657756,86.79638,757815
6354,articblue,1,0.00013,657757,86.79651,757815
6355,ArtificialIdoit,1,0.00013,657758,86.79665,757815
6356,artiship,1,0.00013,657759,86.79678,757815
6357,Arturx47,1,0.00013,657760,86.79691,757815
6358,aruncse01,1,0.00013,657761,86.79704,757815
6359,AruparnaMaity,1,0.00013,657762,86.79717,757815
6360,arushi297,1,0.00013,657763,86.79731,757815
6361,arx7ti,1,0.00013,657764,86.79744,757815
6362,aryairani,1,0.00013,657765,86.79757,757815
6363,AsadRahim,1,0.00013,657766,86.79770,757815
6364,asaidarahas,1,0.00013,657767,86.79783,757815
6365,asalaria-cisco,1,0.00013,657768,86.79797,757815
6366,asavov-roku,1,0.00013,657769,86.79810,757815
6367,ash1995,1,0.00013,657770,86.79823,757815
6368,AshishKumar4,1,0.00013,657771,86.79836,757815
6369,ashoj,1,0.00013,657772,86.79849,757815
6370,ashok-arora,1,0.00013,657773,86.79862,757815
6371,ashraaghav,1,0.00013,657774,86.79876,757815
6372,ashwindcruz,1,0.00013,657775,86.79889,757815
6373,ashys2012,1,0.00013,657776,86.79902,757815
6374,asimovidick,1,0.00013,657777,86.79915,757815
6375,aslansd,1,0.00013,657778,86.79928,757815
6376,asrjy,1,0.00013,657779,86.79942,757815
6377,asr-sheep1,1,0.00013,657780,86.79955,757815
6378,AssassinTee,1,0.00013,657781,86.79968,757815
6379,AstridVanneste,1,0.00013,657782,86.79981,757815
6380,astronautas,1,0.00013,657783,86.79994,757815
6381,Asuka20,1,0.00013,657784,86.80008,757815
6382,aswanthkrishna,1,0.00013,657785,86.80021,757815
6383,asynchat,1,0.00013,657786,86.80034,757815
6384,atabakhafeez,1,0.00013,657787,86.80047,757815
6385,aTfure,1,0.00013,657788,86.80060,757815
6386,ATheCoder,1,0.00013,657789,86.80074,757815
6387,athewsey,1,0.00013,657790,86.80087,757815
6388,atomr3,1,0.00013,657791,86.80100,757815
6389,AugustoYao,1,0.00013,657792,86.80113,757815
6390,AustinDeric,1,0.00013,657793,86.80126,757815
6391,Austrie,1,0.00013,657794,86.80140,757815
6392,autel-wuye,1,0.00013,657795,86.80153,757815
6393,autosf9,1,0.00013,657796,86.80166,757815
6394,auvipy,1,0.00013,657797,86.80179,757815
6395,ava6969,1,0.00013,657798,86.80192,757815
6396,avi7611,1,0.00013,657799,86.80206,757815
6397,avicennax,1,0.00013,657800,86.80219,757815
6398,avi-directai,1,0.00013,657801,86.80232,757815
6399,avinashkumar-d,1,0.00013,657802,86.80245,757815
6400,awesmubarak,1,0.00013,657803,86.80258,757815
6401,axelahmer,1,0.00013,657804,86.80272,757815
6402,axu-git,1,0.00013,657805,86.80285,757815
6403,AyazSaiyed,1,0.00013,657806,86.80298,757815
6404,AydinGokce,1,0.00013,657807,86.80311,757815
6405,ayushdg,1,0.00013,657808,86.80324,757815
6406,ayushin,1,0.00013,657809,86.80338,757815
6407,Ayush-mishra-0-0,1,0.00013,657810,86.80351,757815
6408,ayushraina10,1,0.00013,657811,86.80364,757815
6409,azai91,1,0.00013,657812,86.80377,757815
6410,azin536,1,0.00013,657813,86.80390,757815
6411,azisi,1,0.00013,657814,86.80404,757815
6412,babu111,1,0.00013,657815,86.80417,757815
6413,backyes,1,0.00013,657816,86.80430,757815
6414,badboyoutar,1,0.00013,657817,86.80443,757815
6415,BaitingLuo,1,0.00013,657818,86.80456,757815
6416,bajramienes,1,0.00013,657819,86.80470,757815
6417,baleksey,1,0.00013,657820,86.80483,757815
6418,balladbang,1,0.00013,657821,86.80496,757815
6419,bananajoe182,1,0.00013,657822,86.80509,757815
6420,bangnh1,1,0.00013,657823,86.80522,757815
6421,baohg153,1,0.00013,657824,86.80535,757815
6422,baonq-me,1,0.00013,657825,86.80549,757815
6423,baoshuang,1,0.00013,657826,86.80562,757815
6424,baozhiming,1,0.00013,657827,86.80575,757815
6425,BaptisteLoquette,1,0.00013,657828,86.80588,757815
6426,barbetcalls,1,0.00013,657829,86.80601,757815
6427,barnabasharris,1,0.00013,657830,86.80615,757815
6428,barrettje,1,0.00013,657831,86.80628,757815
6429,bartbroere,1,0.00013,657832,86.80641,757815
6430,BartheG,1,0.00013,657833,86.80654,757815
6431,bash99,1,0.00013,657834,86.80667,757815
6432,bastianalt,1,0.00013,657835,86.80681,757815
6433,basujindal,1,0.00013,657836,86.80694,757815
6434,basveeling,1,0.00013,657837,86.80707,757815
6435,baswelsh,1,0.00013,657838,86.80720,757815
6436,Bat3an,1,0.00013,657839,86.80733,757815
6437,batman-do,1,0.00013,657840,86.80747,757815
6438,bauersystems,1,0.00013,657841,86.80760,757815
6439,bbartels,1,0.00013,657842,86.80773,757815
6440,beabevi,1,0.00013,657843,86.80786,757815
6441,beccabai,1,0.00013,657844,86.80799,757815
6442,beck-weber-ing,1,0.00013,657845,86.80813,757815
6443,before-Sunrise,1,0.00013,657846,86.80826,757815
6444,bektaskemal,1,0.00013,657847,86.80839,757815
6445,Bella722,1,0.00013,657848,86.80852,757815
6446,bendemott,1,0.00013,657849,86.80865,757815
6447,ben-directai,1,0.00013,657850,86.80879,757815
6448,benerain,1,0.00013,657851,86.80892,757815
6449,benfred,1,0.00013,657852,86.80905,757815
6450,bengladwell,1,0.00013,657853,86.80918,757815
6451,benglewis,1,0.00013,657854,86.80931,757815
6452,benhamlen,1,0.00013,657855,86.80945,757815
6453,BenjaminNatali,1,0.00013,657856,86.80958,757815
6454,benjaminpatrickevans,1,0.00013,657857,86.80971,757815
6455,BenjaminWinter,1,0.00013,657858,86.80984,757815
6456,benlevitas,1,0.00013,657859,86.80997,757815
6457,benliu91,1,0.00013,657860,86.81011,757815
6458,benman1,1,0.00013,657861,86.81024,757815
6459,ben-manes,1,0.00013,657862,86.81037,757815
6460,benoitpaillard,1,0.00013,657863,86.81050,757815
6461,bentotten,1,0.00013,657864,86.81063,757815
6462,Benyuel,1,0.00013,657865,86.81077,757815
6463,berangerd,1,0.00013,657866,86.81090,757815
6464,bergen288,1,0.00013,657867,86.81103,757815
6465,berger-stx,1,0.00013,657868,86.81116,757815
6466,bermeom,1,0.00013,657869,86.81129,757815
6467,berndhopp,1,0.00013,657870,86.81142,757815
6468,bestwooo,1,0.00013,657871,86.81156,757815
6469,betelguez,1,0.00013,657872,86.81169,757815
6470,bhaba-ranjan,1,0.00013,657873,86.81182,757815
6471,bhanumalhotra123,1,0.00013,657874,86.81195,757815
6472,bharaniabhishek123,1,0.00013,657875,86.81208,757815
6473,bharatjUber,1,0.00013,657876,86.81222,757815
6474,bharatpn,1,0.00013,657877,86.81235,757815
6475,bhavik66,1,0.00013,657878,86.81248,757815
6476,Bibabu330,1,0.00013,657879,86.81261,757815
6477,BigRiceBall,1,0.00013,657880,86.81274,757815
6478,biingxiing,1,0.00013,657881,86.81288,757815
6479,bilgeacun,1,0.00013,657882,86.81301,757815
6480,bilisun,1,0.00013,657883,86.81314,757815
6481,billadam28,1,0.00013,657884,86.81327,757815
6482,BillionClaw,1,0.00013,657885,86.81340,757815
6483,bill-oconnor-anyscale,1,0.00013,657886,86.81354,757815
6484,billyjason,1,0.00013,657887,86.81367,757815
6485,binaydhakal,1,0.00013,657888,86.81380,757815
6486,binmom,1,0.00013,657889,86.81393,757815
6487,birdmw-launch,1,0.00013,657890,86.81406,757815
6488,biswalc,1,0.00013,657891,86.81420,757815
6489,BitCalSaul,1,0.00013,657892,86.81433,757815
6490,Biu-G,1,0.00013,657893,86.81446,757815
6491,bjester,1,0.00013,657894,86.81459,757815
6492,bkaplowitz,1,0.00013,657895,86.81472,757815
6493,bkasper,1,0.00013,657896,86.81486,757815
6494,BKJackson,1,0.00013,657897,86.81499,757815
6495,bk-nf,1,0.00013,657898,86.81512,757815
6496,bkrosenz,1,0.00013,657899,86.81525,757815
6497,bL34cHig0,1,0.00013,657900,86.81538,757815
6498,Blackoutta,1,0.00013,657901,86.81552,757815
6499,BladeofDarken,1,0.00013,657902,86.81565,757815
6500,bladesaber,1,0.00013,657903,86.81578,757815
6501,BlaineHerring,1,0.00013,657904,86.81591,757815
6502,bllmo,1,0.00013,657905,86.81604,757815
6503,bloodymeli,1,0.00013,657906,86.81618,757815
6504,bluemonster0808,1,0.00013,657907,86.81631,757815
6505,bnemetchek2,1,0.00013,657908,86.81644,757815
6506,boba-and-beer,1,0.00013,657909,86.81657,757815
6507,bobbyscharmann,1,0.00013,657910,86.81670,757815
6508,BobvanSchendel,1,0.00013,657911,86.81684,757815
6509,bogdanstate,1,0.00013,657912,86.81697,757815
6510,Bona-ai,1,0.00013,657913,86.81710,757815
6511,bonnie-chow,1,0.00013,657914,86.81723,757815
6512,bonryu,1,0.00013,657915,86.81736,757815
6513,bonti69,1,0.00013,657916,86.81750,757815
6514,bopopescu,1,0.00013,657917,86.81763,757815
6515,borogreg,1,0.00013,657918,86.81776,757815
6516,bouncy-turtle,1,0.00013,657919,86.81789,757815
6517,boweima920601,1,0.00013,657920,86.81802,757815
6518,boyang-nlp,1,0.00013,657921,86.81815,757815
6519,bplotnick-humane,1,0.00013,657922,86.81829,757815
6520,bqiang-stackadapt,1,0.00013,657923,86.81842,757815
6521,bradleypick,1,0.00013,657924,86.81855,757815
6522,BradMoulderAlethea,1,0.00013,657925,86.81868,757815
6523,BrandonDotLin,1,0.00013,657926,86.81881,757815
6524,brandondube,1,0.00013,657927,86.81895,757815
6525,BrandonGel,1,0.00013,657928,86.81908,757815
6526,brandonros,1,0.00013,657929,86.81921,757815
6527,Break00,1,0.00013,657930,86.81934,757815
6528,brent-at-aam,1,0.00013,657931,86.81947,757815
6529,brenting,1,0.00013,657932,86.81961,757815
6530,breznak,1,0.00013,657933,86.81974,757815
6531,briancpark,1,0.00013,657934,86.81987,757815
6532,BrianF-tessera,1,0.00013,657935,86.82000,757815
6533,brian-yu,1,0.00013,657936,86.82013,757815
6534,broden-wanner,1,0.00013,657937,86.82027,757815
6535,brodequin-slaps,1,0.00013,657938,86.82040,757815
6536,brodyh,1,0.00013,657939,86.82053,757815
6537,brokensandals,1,0.00013,657940,86.82066,757815
6538,brukau,1,0.00013,657941,86.82079,757815
6539,brunnelu,1,0.00013,657942,86.82093,757815
6540,brunoalano,1,0.00013,657943,86.82106,757815
6541,bryanjuho,1,0.00013,657944,86.82119,757815
6542,bsipocz,1,0.00013,657945,86.82132,757815
6543,btang-stripe,1,0.00013,657946,86.82145,757815
6544,bug-catcher,1,0.00013,657947,86.82159,757815
6545,BUGLI27,1,0.00013,657948,86.82172,757815
6546,BugMaker-Boyan,1,0.00013,657949,86.82185,757815
6547,buotex,1,0.00013,657950,86.82198,757815
6548,burakbagdatli,1,0.00013,657951,86.82211,757815
6549,bures,1,0.00013,657952,86.82225,757815
6550,burglarralgrub,1,0.00013,657953,86.82238,757815
6551,busFred,1,0.00013,657954,86.82251,757815
6552,businesscazz,1,0.00013,657955,86.82264,757815
6553,by22Jy,1,0.00013,657956,86.82277,757815
6554,byptedance,1,0.00013,657957,86.82291,757815
6555,byronyi,1,0.00013,657958,86.82304,757815
6556,bywbilly,1,0.00013,657959,86.82317,757815
6557,bzudi,1,0.00013,657960,86.82330,757815
6558,c0dearm,1,0.00013,657961,86.82343,757815
6559,c3UdayKanwar,1,0.00013,657962,86.82357,757815
6560,cabbott-bdai,1,0.00013,657963,86.82370,757815
6561,Caeoon-Kaihong,1,0.00013,657964,86.82383,757815
6562,cagbal,1,0.00013,657965,86.82396,757815
6563,caglarcem,1,0.00013,657966,86.82409,757815
6564,caixiaofan,1,0.00013,657967,86.82422,757815
6565,caiyueliang,1,0.00013,657968,86.82436,757815
6566,calclavia,1,0.00013,657969,86.82449,757815
6567,calisro,1,0.00013,657970,86.82462,757815
6568,CallumMcMahon,1,0.00013,657971,86.82475,757815
6569,camenares,1,0.00013,657972,86.82488,757815
6570,CameronRutherford,1,0.00013,657973,86.82502,757815
6571,Camilochiang,1,0.00013,657974,86.82515,757815
6572,canboooo,1,0.00013,657975,86.82528,757815
6573,cane11,1,0.00013,657976,86.82541,757815
6574,canercak,1,0.00013,657977,86.82554,757815
6575,caoergou,1,0.00013,657978,86.82568,757815
6576,caorantj,1,0.00013,657979,86.82581,757815
6577,caowei012136,1,0.00013,657980,86.82594,757815
6578,caozhantao,1,0.00013,657981,86.82607,757815
6579,Capronir,1,0.00013,657982,86.82620,757815
6580,capyun,1,0.00013,657983,86.82634,757815
6581,CarlDegio,1,0.00013,657984,86.82647,757815
6582,carlosgino,1,0.00013,657985,86.82660,757815
6583,carlosgmartin,1,0.00013,657986,86.82673,757815
6584,carlosqwqqwq,1,0.00013,657987,86.82686,757815
6585,carlpe,1,0.00013,657988,86.82700,757815
6586,carvalhoamc,1,0.00013,657989,86.82713,757815
6587,Cascol-SCUT,1,0.00013,657990,86.82726,757815
6588,caseylai,1,0.00013,657991,86.82739,757815
6589,cassandeer,1,0.00013,657992,86.82752,757815
6590,catamartins,1,0.00013,657993,86.82766,757815
6591,Catherine-aka,1,0.00013,657994,86.82779,757815
6592,cathrinS,1,0.00013,657995,86.82792,757815
6593,catqaq,1,0.00013,657996,86.82805,757815
6594,cb0207,1,0.00013,657997,86.82818,757815
6595,cbames,1,0.00013,657998,86.82832,757815
6596,cbelsole,1,0.00013,657999,86.82845,757815
6597,cc13ny,1,0.00013,658000,86.82858,757815
6598,Cccccc0630,1,0.00013,658001,86.82871,757815
6599,ccll,1,0.00013,658002,86.82884,757815
6600,ccruttjr,1,0.00013,658003,86.82898,757815
6601,ccyyy1023,1,0.00013,658004,86.82911,757815
6602,cdelcacho-paradigma,1,0.00013,658005,86.82924,757815
6603,CedricVandelaer,1,0.00013,658006,86.82937,757815
6604,cemlyn007,1,0.00013,658007,86.82950,757815
6605,cermeng,1,0.00013,658008,86.82964,757815
6606,cfculhane,1,0.00013,658009,86.82977,757815
6607,cffyh,1,0.00013,658010,86.82990,757815
6608,cgair,1,0.00013,658011,86.83003,757815
6609,cgopalan,1,0.00013,658012,86.83016,757815
6610,cgraham3,1,0.00013,658013,86.83029,757815
6611,cgye96,1,0.00013,658014,86.83043,757815
6612,chadbreece,1,0.00013,658015,86.83056,757815
6613,chajath,1,0.00013,658016,86.83069,757815
6614,championsnet,1,0.00013,658017,86.83082,757815
6615,changqingla,1,0.00013,658018,86.83095,757815
6616,ChangyiYang,1,0.00013,658019,86.83109,757815
6617,Channyboy,1,0.00013,658020,86.83122,757815
6618,chaos-ad,1,0.00013,658021,86.83135,757815
6619,ChaosEternal,1,0.00013,658022,86.83148,757815
6620,chaoshunh,1,0.00013,658023,86.83161,757815
6621,chappers,1,0.00013,658024,86.83175,757815
6622,Chasingdreams6,1,0.00013,658025,86.83188,757815
6623,chasleslr,1,0.00013,658026,86.83201,757815
6624,chazzmoney,1,0.00013,658027,86.83214,757815
6625,cheind,1,0.00013,658028,86.83227,757815
6626,ChenchenHu007,1,0.00013,658029,86.83241,757815
6627,cheng123-123ng,1,0.00013,658030,86.83254,757815
6628,chengqianlisysu,1,0.00013,658031,86.83267,757815
6629,chenhaox,1,0.00013,658032,86.83280,757815
6630,ChenJiangxi,1,0.00013,658033,86.83293,757815
6631,chenpengxiang2015,1,0.00013,658034,86.83307,757815
6632,chenyue-max,1,0.00013,658035,86.83320,757815
6633,cheremovsky,1,0.00013,658036,86.83333,757815
6634,chestergan,1,0.00013,658037,86.83346,757815
6635,ChiamYu,1,0.00013,658038,86.83359,757815
6636,chiangqiqi,1,0.00013,658039,86.83373,757815
6637,chiaraf10,1,0.00013,658040,86.83386,757815
6638,Chickenmarkus,1,0.00013,658041,86.83399,757815
6639,chimmykk,1,0.00013,658042,86.83412,757815
6640,chiraggoyal11,1,0.00013,658043,86.83425,757815
6641,chjhuang,1,0.00013,658044,86.83439,757815
6642,choiikkyu,1,0.00013,658045,86.83452,757815
6643,chokevin8,1,0.00013,658046,86.83465,757815
6644,chphch,1,0.00013,658047,86.83478,757815
6645,chrisbitter,1,0.00013,658048,86.83491,757815
6646,chris-brightbeam,1,0.00013,658049,86.83505,757815
6647,chriscarrollsmith,1,0.00013,658050,86.83518,757815
6648,chrisfellowes-anyscale,1,0.00013,658051,86.83531,757815
6649,chrisheecho,1,0.00013,658052,86.83544,757815
6650,chrishon,1,0.00013,658053,86.83557,757815
6651,chrisjaimon2012,1,0.00013,658054,86.83571,757815
6652,chrisjb-dlg,1,0.00013,658055,86.83584,757815
6653,ChrisRawstone,1,0.00013,658056,86.83597,757815
6654,ChristCorbin,1,0.00013,658057,86.83610,757815
6655,christemporale,1,0.00013,658058,86.83623,757815
6656,christhomas412,1,0.00013,658059,86.83637,757815
6657,christianjcc,1,0.00013,658060,86.83650,757815
6658,christianvogellive,1,0.00013,658061,86.83663,757815
6659,christofer-f,1,0.00013,658062,86.83676,757815
6660,christopher-hsu,1,0.00013,658063,86.83689,757815
6661,christophpang6,1,0.00013,658064,86.83702,757815
6662,chromafunk,1,0.00013,658065,86.83716,757815
6663,ChucklesTheBeard,1,0.00013,658066,86.83729,757815
6664,chungen0126,1,0.00013,658067,86.83742,757815
6665,Chunpai,1,0.00013,658068,86.83755,757815
6666,chwflhs,1,0.00013,658069,86.83768,757815
6667,circlecrystal,1,0.00013,658070,86.83782,757815
6668,cirrostratus1,1,0.00013,658071,86.83795,757815
6669,CJosephides,1,0.00013,658072,86.83808,757815
6670,ck37,1,0.00013,658073,86.83821,757815
6671,C-K-Loan,1,0.00013,658074,86.83834,757815
6672,claire199705,1,0.00013,658075,86.83848,757815
6673,claudiusalp,1,0.00013,658076,86.83861,757815
6674,clearhanhui,1,0.00013,658077,86.83874,757815
6675,cli0,1,0.00013,658078,86.83887,757815
6676,Cli212,1,0.00013,658079,86.83900,757815
6677,CllsPy,1,0.00013,658080,86.83914,757815
6678,cloudengio,1,0.00013,658081,86.83927,757815
6679,Clouder0,1,0.00013,658082,86.83940,757815
6680,C-Luci,1,0.00013,658083,86.83953,757815
6681,cmdecker95,1,0.00013,658084,86.83966,757815
6682,cmertin,1,0.00013,658085,86.83980,757815
6683,cmg7111,1,0.00013,658086,86.83993,757815
6684,cmp0xff,1,0.00013,658087,86.84006,757815
6685,cnadell-trio,1,0.00013,658088,86.84019,757815
6686,cnarvaezmeli,1,0.00013,658089,86.84032,757815
6687,CNTRYROA,1,0.00013,658090,86.84046,757815
6688,Coder-Atul,1,0.00013,658091,86.84059,757815
6689,Codle,1,0.00013,658092,86.84072,757815
6690,Coefu,1,0.00013,658093,86.84085,757815
6691,cointreau,1,0.00013,658094,86.84098,757815
6692,Colafroth,1,0.00013,658095,86.84112,757815
6693,colindresj,1,0.00013,658096,86.84125,757815
6694,colineles,1,0.00013,658097,86.84138,757815
6695,colldata79,1,0.00013,658098,86.84151,757815
6696,ColorfulSS,1,0.00013,658099,86.84164,757815
6697,colourfulspring,1,0.00013,658100,86.84178,757815
6698,connorfuhrman,1,0.00013,658101,86.84191,757815
6699,constd,1,0.00013,658102,86.84204,757815
6700,cookiesss26,1,0.00013,658103,86.84217,757815
6701,CoralLeiCN,1,0.00013,658104,86.84230,757815
6702,corentinmarek,1,0.00013,658105,86.84244,757815
6703,cowboyjj,1,0.00013,658106,86.84257,757815
6704,cowhi,1,0.00013,658107,86.84270,757815
6705,cpnota,1,0.00013,658108,86.84283,757815
6706,CpyKing,1,0.00013,658109,86.84296,757815
6707,cq70605,1,0.00013,658110,86.84309,757815
6708,CrashLaker,1,0.00013,658111,86.84323,757815
6709,crazy-JiangDongHua,1,0.00013,658112,86.84336,757815
6710,crazyn2,1,0.00013,658113,86.84349,757815
6711,Crer-lu,1,0.00013,658114,86.84362,757815
6712,CrisNam77,1,0.00013,658115,86.84375,757815
6713,CRISPRCas,1,0.00013,658116,86.84389,757815
6714,Crispy13,1,0.00013,658117,86.84402,757815
6715,crptcusco,1,0.00013,658118,86.84415,757815
6716,csaparna,1,0.00013,658119,86.84428,757815
6717,csc2025,1,0.00013,658120,86.84441,757815
6718,csingley,1,0.00013,658121,86.84455,757815
6719,csjeney,1,0.00013,658122,86.84468,757815
6720,csking101,1,0.00013,658123,86.84481,757815
6721,ctargon,1,0.00013,658124,86.84494,757815
6722,ctrl-Felix,1,0.00013,658125,86.84507,757815
6723,CuriousG102,1,0.00013,658126,86.84521,757815
6724,curtis-anyscale,1,0.00013,658127,86.84534,757815
6725,cvarrichio,1,0.00013,658128,86.84547,757815
6726,cvignac,1,0.00013,658129,86.84560,757815
6727,cxy990729,1,0.00013,658130,86.84573,757815
6728,cyber42,1,0.00013,658131,86.84587,757815
6729,cyberjunk,1,0.00013,658132,86.84600,757815
6730,cynthiakwu,1,0.00013,658133,86.84613,757815
6731,dabauxi,1,0.00013,658134,86.84626,757815
6732,dacorvo,1,0.00013,658135,86.84639,757815
6733,DaeSeokSong,1,0.00013,658136,86.84653,757815
6734,DaeyangCho,1,0.00013,658137,86.84666,757815
6735,daipayandeb-brt,1,0.00013,658138,86.84679,757815
6736,DamienMatias,1,0.00013,658139,86.84692,757815
6737,damvantai,1,0.00013,658140,86.84705,757815
6738,danickzhu,1,0.00013,658141,86.84719,757815
6739,daniel347x,1,0.00013,658142,86.84732,757815
6740,daniel-acuna,1,0.00013,658143,86.84745,757815
6741,DanielAtt2000,1,0.00013,658144,86.84758,757815
6742,danielbichuetti,1,0.00013,658145,86.84771,757815
6743,danielbulhosa,1,0.00013,658146,86.84785,757815
6744,danielduckworth,1,0.00013,658147,86.84798,757815
6745,danieljanes,1,0.00013,658148,86.84811,757815
6746,daniellbraga,1,0.00013,658149,86.84824,757815
6747,danielwen002,1,0.00013,658150,86.84837,757815
6748,danigosa,1,0.00013,658151,86.84851,757815
6749,danihinjos,1,0.00013,658152,86.84864,757815
6750,DanMcInerney,1,0.00013,658153,86.84877,757815
6751,dannychua,1,0.00013,658154,86.84890,757815
6752,dano000,1,0.00013,658155,86.84903,757815
6753,Dan-RAI,1,0.00013,658156,86.84917,757815
6754,darcamo,1,0.00013,658157,86.84930,757815
6755,dariabk,1,0.00013,658158,86.84943,757815
6756,dariomas,1,0.00013,658159,86.84956,757815
6757,DarkDawn233,1,0.00013,658160,86.84969,757815
6758,DarkTechPirate,1,0.00013,658161,86.84982,757815
6759,DarnerDiaz,1,0.00013,658162,86.84996,757815
6760,darrenglow,1,0.00013,658163,86.85009,757815
6761,dartespl,1,0.00013,658164,86.85022,757815
6762,darthveda-ai,1,0.00013,658165,86.85035,757815
6763,DarylWM,1,0.00013,658166,86.85048,757815
6764,Dastyn,1,0.00013,658167,86.85062,757815
6765,datadoc24,1,0.00013,658168,86.85075,757815
6766,dataframing,1,0.00013,658169,86.85088,757815
6767,datascientist,1,0.00013,658170,86.85101,757815
6768,datlife,1,0.00013,658171,86.85114,757815
6769,datonefaridze,1,0.00013,658172,86.85128,757815
6770,Daucloud,1,0.00013,658173,86.85141,757815
6771,davemaguire,1,0.00013,658174,86.85154,757815
6772,David2011Hernandez,1,0.00013,658175,86.85167,757815
6773,davidbuniat,1,0.00013,658176,86.85180,757815
6774,davideger,1,0.00013,658177,86.85194,757815
6775,David-Ejiro,1,0.00013,658178,86.85207,757815
6776,davide-russo-tfs,1,0.00013,658179,86.85220,757815
6777,davidlarcher,1,0.00013,658180,86.85233,757815
6778,Davidmenamm,1,0.00013,658181,86.85246,757815
6779,davidmlw,1,0.00013,658182,86.85260,757815
6780,davidpelfree,1,0.00013,658183,86.85273,757815
6781,davidsblom,1,0.00013,658184,86.85286,757815
6782,david-waterworth,1,0.00013,658185,86.85299,757815
6783,DavRodSwede,1,0.00013,658186,86.85312,757815
6784,Dawdler-G,1,0.00013,658187,86.85326,757815
6785,daylen,1,0.00013,658188,86.85339,757815
6786,dberardo-com,1,0.00013,658189,86.85352,757815
6787,dburkhardt,1,0.00013,658190,86.85365,757815
6788,dc914337,1,0.00013,658191,86.85378,757815
6789,dcalsky,1,0.00013,658192,86.85392,757815
6790,dcavadia,1,0.00013,658193,86.85405,757815
6791,dcheney01,1,0.00013,658194,86.85418,757815
6792,dchou1618,1,0.00013,658195,86.85431,757815
6793,dcolley,1,0.00013,658196,86.85444,757815
6794,ddaskal,1,0.00013,658197,86.85458,757815
6795,dddraxxx,1,0.00013,658198,86.85471,757815
6796,ddl-kevin,1,0.00013,658199,86.85484,757815
6797,ddominet,1,0.00013,658200,86.85497,757815
6798,Deco354,1,0.00013,658201,86.85510,757815
6799,decodyng,1,0.00013,658202,86.85524,757815
6800,decrevi,1,0.00013,658203,86.85537,757815
6801,decster,1,0.00013,658204,86.85550,757815
6802,deepdad,1,0.00013,658205,86.85563,757815
6803,Deeper94,1,0.00013,658206,86.85576,757815
6804,deeplearningrobotics,1,0.00013,658207,86.85589,757815
6805,DeepRowLie,1,0.00013,658208,86.85603,757815
6806,deepwonwoo,1,0.00013,658209,86.85616,757815
6807,defangc23,1,0.00013,658210,86.85629,757815
6808,DefTruth,1,0.00013,658211,86.85642,757815
6809,del007,1,0.00013,658212,86.85655,757815
6810,delbao,1,0.00013,658213,86.85669,757815
6811,DelphianCalamity,1,0.00013,658214,86.85682,757815
6812,deltameter,1,0.00013,658215,86.85695,757815
6813,Delta-Sigma,1,0.00013,658216,86.85708,757815
6814,demian2435,1,0.00013,658217,86.85721,757815
6815,demiladef,1,0.00013,658218,86.85735,757815
6816,dengshidiet123,1,0.00013,658219,86.85748,757815
6817,denizyuret,1,0.00013,658220,86.85761,757815
6818,dentatar,1,0.00013,658221,86.85774,757815
6819,Deonixlive,1,0.00013,658222,86.85787,757815
6820,dermuesli,1,0.00013,658223,86.85801,757815
6821,derpberk,1,0.00013,658224,86.85814,757815
6822,Destron7,1,0.00013,658225,86.85827,757815
6823,DEUCE1957,1,0.00013,658226,86.85840,757815
6824,Dev-iL,1,0.00013,658227,86.85853,757815
6825,devin-astrumu,1,0.00013,658228,86.85867,757815
6826,devtyagi3909,1,0.00013,658229,86.85880,757815
6827,Dev-with-Mouzan,1,0.00013,658230,86.85893,757815
6828,dfm794,1,0.00013,658231,86.85906,757815
6829,dg4271,1,0.00013,658232,86.85919,757815
6830,dgdheeraj,1,0.00013,658233,86.85933,757815
6831,dgokeeffe,1,0.00013,658234,86.85946,757815
6832,dgshep,1,0.00013,658235,86.85959,757815
6833,dgutman,1,0.00013,658236,86.85972,757815
6834,dharmash,1,0.00013,658237,86.85985,757815
6835,dhavalgshah,1,0.00013,658238,86.85999,757815
6836,DhavalkumarPatel,1,0.00013,658239,86.86012,757815
6837,dhavalsalwala,1,0.00013,658240,86.86025,757815
6838,dhiedjaid-stack,1,0.00013,658241,86.86038,757815
6839,dhirajtobii,1,0.00013,658242,86.86051,757815
6840,Dhouti,1,0.00013,658243,86.86065,757815
6841,dhruva-jasper,1,0.00013,658244,86.86078,757815
6842,dhruvilshah3,1,0.00013,658245,86.86091,757815
6843,dhuang-esl,1,0.00013,658246,86.86104,757815
6844,DianaLi96,1,0.00013,658247,86.86117,757815
6845,DianWang86,1,0.00013,658248,86.86131,757815
6846,Dias2019,1,0.00013,658249,86.86144,757815
6847,dickren123,1,0.00013,658250,86.86157,757815
6848,D-Idan,1,0.00013,658251,86.86170,757815
6849,diegoclarity,1,0.00013,658252,86.86183,757815
6850,digitamaz,1,0.00013,658253,86.86196,757815
6851,dikwickley,1,0.00013,658254,86.86210,757815
6852,dileep-u-k,1,0.00013,658255,86.86223,757815
6853,dimakis,1,0.00013,658256,86.86236,757815
6854,dimbleby,1,0.00013,658257,86.86249,757815
6855,dimikout3,1,0.00013,658258,86.86262,757815
6856,DimitarSirakov,1,0.00013,658259,86.86276,757815
6857,Dimitri-WEI-Lingfeng,1,0.00013,658260,86.86289,757815
6858,dimzhead,1,0.00013,658261,86.86302,757815
6859,dineshbvadhia,1,0.00013,658262,86.86315,757815
6860,dineshyadav03,1,0.00013,658263,86.86328,757815
6861,Dipamc77,1,0.00013,658264,86.86342,757815
6862,dipampaul17,1,0.00013,658265,86.86355,757815
6863,dipshirajput,1,0.00013,658266,86.86368,757815
6864,dishkakrauch,1,0.00013,658267,86.86381,757815
6865,divad4686,1,0.00013,658268,86.86394,757815
6866,dive2tech,1,0.00013,658269,86.86408,757815
6867,divyanshk,1,0.00013,658270,86.86421,757815
6868,divyanshugit,1,0.00013,658271,86.86434,757815
6869,djogo16,1,0.00013,658272,86.86447,757815
6870,djollet,1,0.00013,658273,86.86460,757815
6871,dkondoetsy,1,0.00013,658274,86.86474,757815
6872,dlasecki,1,0.00013,658275,86.86487,757815
6873,dlio,1,0.00013,658276,86.86500,757815
6874,Dludora,1,0.00013,658277,86.86513,757815
6875,dmatlak,1,0.00013,658278,86.86526,757815
6876,dmitry-timofeev-nexxen,1,0.00013,658279,86.86540,757815
6877,dmoghnie,1,0.00013,658280,86.86553,757815
6878,dmumpuu,1,0.00013,658281,86.86566,757815
6879,dn1ftya,1,0.00013,658282,86.86579,757815
6880,dn-vcc,1,0.00013,658283,86.86592,757815
6881,dobbali,1,0.00013,658284,86.86606,757815
6882,dododo0611,1,0.00013,658285,86.86619,757815
6883,dogganon,1,0.00013,658286,86.86632,757815
6884,DOH-PJG1303,1,0.00013,658287,86.86645,757815
6885,dolanp83,1,0.00013,658288,86.86658,757815
6886,doliynyk-nference,1,0.00013,658289,86.86672,757815
6887,dom4ha,1,0.00013,658290,86.86685,757815
6888,DomagojKorais,1,0.00013,658291,86.86698,757815
6889,dominicshanshan,1,0.00013,658292,86.86711,757815
6890,DominikHil,1,0.00013,658293,86.86724,757815
6891,dominiquegarmier,1,0.00013,658294,86.86738,757815
6892,DongchaoChen,1,0.00013,658295,86.86751,757815
6893,dongchirua,1,0.00013,658296,86.86764,757815
6894,DoraYh,1,0.00013,658297,86.86777,757815
6895,dotaking2021,1,0.00013,658298,86.86790,757815
6896,douenergy,1,0.00013,658299,86.86804,757815
6897,douglasdavis,1,0.00013,658300,86.86817,757815
6898,dougpool,1,0.00013,658301,86.86830,757815
6899,Doul00,1,0.00013,658302,86.86843,757815
6900,doyoungim999,1,0.00013,658303,86.86856,757815
6901,dpfried,1,0.00013,658304,86.86869,757815
6902,dproctor,1,0.00013,658305,86.86883,757815
6903,dragno99,1,0.00013,658306,86.86896,757815
6904,DrArtemi,1,0.00013,658307,86.86909,757815
6905,DrCHall,1,0.00013,658308,86.86922,757815
6906,dreamerlzl,1,0.00013,658309,86.86935,757815
6907,Dreamsorcerer,1,0.00013,658310,86.86949,757815
6908,drelu,1,0.00013,658311,86.86962,757815
6909,drewm1980,1,0.00013,658312,86.86975,757815
6910,drewm23,1,0.00013,658313,86.86988,757815
6911,drewUCL,1,0.00013,658314,86.87001,757815
6912,driedler,1,0.00013,658315,86.87015,757815
6913,DrinkingMilktea,1,0.00013,658316,86.87028,757815
6914,Dris101,1,0.00013,658317,86.87041,757815
6915,drivkin,1,0.00013,658318,86.87054,757815
6916,drmarios,1,0.00013,658319,86.87067,757815
6917,drmeerkat,1,0.00013,658320,86.87081,757815
6918,dromare,1,0.00013,658321,86.87094,757815
6919,ds21194,1,0.00013,658322,86.87107,757815
6920,dschaehi,1,0.00013,658323,86.87120,757815
6921,dshnightmare,1,0.00013,658324,86.87133,757815
6922,dstamos,1,0.00013,658325,86.87147,757815
6923,dtimokhin12,1,0.00013,658326,86.87160,757815
6924,duanzhaol,1,0.00013,658327,86.87173,757815
6925,dubloom,1,0.00013,658328,86.87186,757815
6926,ducalpha,1,0.00013,658329,86.87199,757815
6927,ducthienbui97,1,0.00013,658330,86.87213,757815
6928,duenez,1,0.00013,658331,86.87226,757815
6929,dulacp,1,0.00013,658332,86.87239,757815
6930,dumitrescustefan,1,0.00013,658333,86.87252,757815
6931,dungnt35,1,0.00013,658334,86.87265,757815
6932,DuongVu39,1,0.00013,658335,86.87279,757815
6933,durgeksh,1,0.00013,658336,86.87292,757815
6934,dustingan,1,0.00013,658337,86.87305,757815
6935,dustinrb,1,0.00013,658338,86.87318,757815
6936,dustinul6,1,0.00013,658339,86.87331,757815
6937,Dv04,1,0.00013,658340,86.87345,757815
6938,dvreed77,1,0.00013,658341,86.87358,757815
6939,dvVenuto,1,0.00013,658342,86.87371,757815
6940,dwayne10,1,0.00013,658343,86.87384,757815
6941,dwilson1988,1,0.00013,658344,86.87397,757815
6942,dyami-andrews-e3,1,0.00013,658345,86.87411,757815
6943,DylanDKnight,1,0.00013,658346,86.87424,757815
6944,Dylan-Nico,1,0.00013,658347,86.87437,757815
6945,dylanprins,1,0.00013,658348,86.87450,757815
6946,dyld-w,1,0.00013,658349,86.87463,757815
6947,e3oroush,1,0.00013,658350,86.87476,757815
6948,EagerofLight,1,0.00013,658351,86.87490,757815
6949,easysoft2k15,1,0.00013,658352,86.87503,757815
6950,ebagdasa,1,0.00013,658353,86.87516,757815
6951,EC2EZ4RD,1,0.00013,658354,86.87529,757815
6952,EcchaBansalAgrawal,1,0.00013,658355,86.87542,757815
6953,ecurtin,1,0.00013,658356,86.87556,757815
6954,edbeeching,1,0.00013,658357,86.87569,757815
6955,eddiebergman,1,0.00013,658358,86.87582,757815
6956,Eddiesyn,1,0.00013,658359,86.87595,757815
6957,EddyJens,1,0.00013,658360,86.87608,757815
6958,Edenzzzz,1,0.00013,658361,86.87622,757815
6959,edmsimplicio,1,0.00013,658362,86.87635,757815
6960,edoarn,1,0.00013,658363,86.87648,757815
6961,Edouard59,1,0.00013,658364,86.87661,757815
6962,edvintb,1,0.00013,658365,86.87674,757815
6963,egeonat,1,0.00013,658366,86.87688,757815
6964,egorbn,1,0.00013,658367,86.87701,757815
6965,eidelen,1,0.00013,658368,86.87714,757815
6966,ejj,1,0.00013,658369,86.87727,757815
6967,ekdnam,1,0.00013,658370,86.87740,757815
6968,EKostinoudis,1,0.00013,658371,86.87754,757815
6969,elahehsabziyan,1,0.00013,658372,86.87767,757815
6970,elainechan01,1,0.00013,658373,86.87780,757815
6971,elch10,1,0.00013,658374,86.87793,757815
6972,ElenaBadilloG,1,0.00013,658375,86.87806,757815
6973,ElenaZamaraeva,1,0.00013,658376,86.87820,757815
6974,eleninisioti,1,0.00013,658377,86.87833,757815
6975,elephantum,1,0.00013,658378,86.87846,757815
6976,elin-bdai,1,0.00013,658379,86.87859,757815
6977,ElizabethAHunt,1,0.00013,658380,86.87872,757815
6978,ElizabethDuo,1,0.00013,658381,86.87886,757815
6979,elkan1788,1,0.00013,658382,86.87899,757815
6980,Elliot Barnwell,1,0.00013,658383,86.87912,757815
6981,elnikety,1,0.00013,658384,86.87925,757815
6982,elya5,1,0.00013,658385,86.87938,757815
6983,elysiumHL,1,0.00013,658386,86.87952,757815
6984,emacs18,1,0.00013,658387,86.87965,757815
6985,email2liyang,1,0.00013,658388,86.87978,757815
6986,emcyroyale,1,0.00013,658389,86.87991,757815
6987,emkornfield,1,0.00013,658390,86.88004,757815
6988,emmaai,1,0.00013,658391,86.88018,757815
6989,emramos,1,0.00013,658392,86.88031,757815
6990,emsidorov,1,0.00013,658393,86.88044,757815
6991,enaktes9-hub,1,0.00013,658394,86.88057,757815
6992,engiXP,1,0.00013,658395,86.88070,757815
6993,enikon,1,0.00013,658396,86.88084,757815
6994,EntropicMonkey,1,0.00013,658397,86.88097,757815
6995,envision253,1,0.00013,658398,86.88110,757815
6996,Enzo-Claeyssen,1,0.00013,658399,86.88123,757815
6997,EOakes,1,0.00013,658400,86.88136,757815
6998,eparisotto,1,0.00013,658401,86.88149,757815
6999,EpicLiem,1,0.00013,658402,86.88163,757815
7000,eppaneamd,1,0.00013,658403,86.88176,757815
7001,ereduled,1,0.00013,658404,86.88189,757815
7002,eren23,1,0.00013,658405,86.88202,757815
7003,ErenAta16,1,0.00013,658406,86.88215,757815
7004,erfaneshrati,1,0.00013,658407,86.88229,757815
7005,Eric2Hamel,1,0.00013,658408,86.88242,757815
7006,ericbugin1,1,0.00013,658409,86.88255,757815
7007,eric-downes,1,0.00013,658410,86.88268,757815
7008,ericg108,1,0.00013,658411,86.88281,757815
7009,EricHamelZilia,1,0.00013,658412,86.88295,757815
7010,ericharper,1,0.00013,658413,86.88308,757815
7011,erichsu0527,1,0.00013,658414,86.88321,757815
7012,ericlinear,1,0.00013,658415,86.88334,757815
7013,EricPfleiderer,1,0.00013,658416,86.88347,757815
7014,eriksf,1,0.00013,658417,86.88361,757815
7015,errord,1,0.00013,658418,86.88374,757815
7016,erwincoumans,1,0.00013,658419,86.88387,757815
7017,es94129,1,0.00013,658420,86.88400,757815
7018,Espad0,1,0.00013,658421,86.88413,757815
7019,EspenHa,1,0.00013,658422,86.88427,757815
7020,esttemanb,1,0.00013,658423,86.88440,757815
7021,estuday,1,0.00013,658424,86.88453,757815
7022,EtashGuha,1,0.00013,658425,86.88466,757815
7023,ethankoch4,1,0.00013,658426,86.88479,757815
7024,ethanyanjiali,1,0.00013,658427,86.88493,757815
7025,etorhub,1,0.00013,658428,86.88506,757815
7026,EtsuNDmA,1,0.00013,658429,86.88519,757815
7027,Eudoxier,1,0.00013,658430,86.88532,757815
7028,eugine5,1,0.00013,658431,86.88545,757815
7029,eureka0928,1,0.00013,658432,86.88559,757815
7030,eval-dev,1,0.00013,658433,86.88572,757815
7031,evanthomas,1,0.00013,658434,86.88585,757815
7032,everettVT,1,0.00013,658435,86.88598,757815
7033,everythingeverywhereao,1,0.00013,658436,86.88611,757815
7034,evneis,1,0.00013,658437,86.88625,757815
7035,ewald-florian,1,0.00013,658438,86.88638,757815
7036,EwoutH,1,0.00013,658439,86.88651,757815
7037,ewzeng,1,0.00013,658440,86.88664,757815
7038,expelliarms,1,0.00013,658441,86.88677,757815
7039,ezhang7423,1,0.00013,658442,86.88691,757815
7040,fabiob,1,0.00013,658443,86.88704,757815
7041,fabuzaid21,1,0.00013,658444,86.88717,757815
7042,fampiyush,1,0.00013,658445,86.88730,757815
7043,fanbinbu,1,0.00013,658446,86.88743,757815
7044,FangyangJz,1,0.00013,658447,86.88756,757815
7045,fangyeqing,1,0.00013,658448,86.88770,757815
7046,fangyuchu,1,0.00013,658449,86.88783,757815
7047,fanzhidongyzby,1,0.00013,658450,86.88796,757815
7048,faresbouzayen,1,0.00013,658451,86.88809,757815
7049,farmer00317558,1,0.00013,658452,86.88822,757815
7050,faroit,1,0.00013,658453,86.88836,757815
7051,farukcankaya,1,0.00013,658454,86.88849,757815
7052,fastlaner,1,0.00013,658455,86.88862,757815
7053,FastWind123,1,0.00013,658456,86.88875,757815
7054,FATIMA4U,1,0.00013,658457,86.88888,757815
7055,Fatima-khanjar,1,0.00013,658458,86.88902,757815
7056,fbvdka,1,0.00013,658459,86.88915,757815
7057,fchouteau,1,0.00013,658460,86.88928,757815
7058,fecet,1,0.00013,658461,86.88941,757815
7059,fedemarche,1,0.00013,658462,86.88954,757815
7060,federicosacerdoti,1,0.00013,658463,86.88968,757815
7061,feedanal,1,0.00013,658464,86.88981,757815
7062,feketedavid1012,1,0.00013,658465,86.88994,757815
7063,felipemonroy,1,0.00013,658466,86.89007,757815
7064,feliperazeek,1,0.00013,658467,86.89020,757815
7065,fenn,1,0.00013,658468,86.89034,757815
7066,fercook,1,0.00013,658469,86.89047,757815
7067,ferdiko,1,0.00013,658470,86.89060,757815
7068,FerdinandZhong,1,0.00013,658471,86.89073,757815
7069,ferhatmelih,1,0.00013,658472,86.89086,757815
7070,fernandocorreia-snorkel,1,0.00013,658473,86.89100,757815
7071,ferrantedev,1,0.00013,658474,86.89113,757815
7072,ferreirafabio,1,0.00013,658475,86.89126,757815
7073,ferrine,1,0.00013,658476,86.89139,757815
7074,ferstar,1,0.00013,658477,86.89152,757815
7075,feuyeux,1,0.00013,658478,86.89166,757815
7076,FFede0,1,0.00013,658479,86.89179,757815
7077,FFFFFFFHHHHHHH,1,0.00013,658480,86.89192,757815
7078,ffletcherr,1,0.00013,658481,86.89205,757815
7079,fhkong,1,0.00013,658482,86.89218,757815
7080,filip-halt,1,0.00013,658483,86.89232,757815
7081,finchjoe,1,0.00013,658484,86.89245,757815
7082,finity84,1,0.00013,658485,86.89258,757815
7083,Fiona-Waters,1,0.00013,658486,86.89271,757815
7084,firebook,1,0.00013,658487,86.89284,757815
7085,firejq,1,0.00013,658488,86.89298,757815
7086,fire-keeper,1,0.00013,658489,86.89311,757815
7087,fivemeyestore,1,0.00013,658490,86.89324,757815
7088,fivemtebex,1,0.00013,658491,86.89337,757815
7089,Fizzbb,1,0.00013,658492,86.89350,757815
7090,fjkdasilva,1,0.00013,658493,86.89363,757815
7091,florence-henry,1,0.00013,658494,86.89377,757815
7092,flo-ri-an,1,0.00013,658495,86.89390,757815
7093,fly3366,1,0.00013,658496,86.89403,757815
7094,flyingfalling,1,0.00013,658497,86.89416,757815
7095,flyingofftheshelves,1,0.00013,658498,86.89429,757815
7096,flytomato2020,1,0.00013,658499,86.89443,757815
7097,Fmak95,1,0.00013,658500,86.89456,757815
7098,fmxFranky,1,0.00013,658501,86.89469,757815
7099,FNG-2002,1,0.00013,658502,86.89482,757815
7100,fnw,1,0.00013,658503,86.89495,757815
7101,foc123,1,0.00013,658504,86.89509,757815
7102,fog-ketian,1,0.00013,658505,86.89522,757815
7103,FoioMikael,1,0.00013,658506,86.89535,757815
7104,fominskayage,1,0.00013,658507,86.89548,757815
7105,fordaz,1,0.00013,658508,86.89561,757815
7106,forestlee95,1,0.00013,658509,86.89575,757815
7107,forybm,1,0.00013,658510,86.89588,757815
7108,framctr,1,0.00013,658511,86.89601,757815
7109,framsouza,1,0.00013,658512,86.89614,757815
7110,francescov1,1,0.00013,658513,86.89627,757815
7111,franekbcorp,1,0.00013,658514,86.89641,757815
7112,frankier,1,0.00013,658515,86.89654,757815
7113,frank-lsf,1,0.00013,658516,86.89667,757815
7114,franreysaycon,1,0.00013,658517,86.89680,757815
7115,frazierbaker,1,0.00013,658518,86.89693,757815
7116,fredcallaway,1,0.00013,658519,86.89707,757815
7117,freddong,1,0.00013,658520,86.89720,757815
7118,freedom20200918,1,0.00013,658521,86.89733,757815
7119,FreemanDane,1,0.00013,658522,86.89746,757815
7120,freephys,1,0.00013,658523,86.89759,757815
7121,frenoid,1,0.00013,658524,86.89773,757815
7122,freol35241,1,0.00013,658525,86.89786,757815
7123,Fresh-Mint,1,0.00013,658526,86.89799,757815
7124,frivas-at-navteca,1,0.00013,658527,86.89812,757815
7125,froxec,1,0.00013,658528,86.89825,757815
7126,frozenxia,1,0.00013,658529,86.89839,757815
7127,fsafaei,1,0.00013,658530,86.89852,757815
7128,fstrub95-cohere,1,0.00013,658531,86.89865,757815
7129,ftdzh1994,1,0.00013,658532,86.89878,757815
7130,FuBaoLoong,1,0.00013,658533,86.89891,757815
7131,fuckingcrazy0711,1,0.00013,658534,86.89905,757815
7132,fudp,1,0.00013,658535,86.89918,757815
7133,functicons,1,0.00013,658536,86.89931,757815
7134,FunkyungJz,1,0.00013,658537,86.89944,757815
7135,furunding,1,0.00013,658538,86.89957,757815
7136,fustinose,1,0.00013,658539,86.89971,757815
7137,Gaaaaam,1,0.00013,658540,86.89984,757815
7138,gabrielmittag,1,0.00013,658541,86.89997,757815
7139,gadevishal9,1,0.00013,658542,86.90010,757815
7140,gadregayatri,1,0.00013,658543,86.90023,757815
7141,gaelgrissonnanche,1,0.00013,658544,86.90036,757815
7142,GaetanLepage,1,0.00013,658545,86.90050,757815
7143,gagasth,1,0.00013,658546,86.90063,757815
7144,Galois123,1,0.00013,658547,86.90076,757815
7145,galrapo,1,0.00013,658548,86.90089,757815
7146,ganisback,1,0.00013,658549,86.90102,757815
7147,ganlinzhang,1,0.00013,658550,86.90116,757815
7148,gao462,1,0.00013,658551,86.90129,757815
7149,GaoXinzhi,1,0.00013,658552,86.90142,757815
7150,GaramChoi2,1,0.00013,658553,86.90155,757815
7151,garibarba,1,0.00013,658554,86.90168,757815
7152,garricklw,1,0.00013,658555,86.90182,757815
7153,garrison,1,0.00013,658556,86.90195,757815
7154,GarrisonD,1,0.00013,658557,86.90208,757815
7155,Garyfallidis,1,0.00013,658558,86.90221,757815
7156,GaspTO,1,0.00013,658559,86.90234,757815
7157,gasteigerjo,1,0.00013,658560,86.90248,757815
7158,gatapia,1,0.00013,658561,86.90261,757815
7159,gauglertodd,1,0.00013,658562,86.90274,757815
7160,gaurav274,1,0.00013,658563,86.90287,757815
7161,gauss-clb,1,0.00013,658564,86.90300,757815
7162,GauthamBellamkonda,1,0.00013,658565,86.90314,757815
7163,gbrookshire,1,0.00013,658566,86.90327,757815
7164,gclouding,1,0.00013,658567,86.90340,757815
7165,gdevos010,1,0.00013,658568,86.90353,757815
7166,gdubs89,1,0.00013,658569,86.90366,757815
7167,Gefix,1,0.00013,658570,86.90380,757815
7168,gendrelom,1,0.00013,658571,86.90393,757815
7169,geniusadventurer,1,0.00013,658572,86.90406,757815
7170,genspire,1,0.00013,658573,86.90419,757815
7171,geoffreyangus,1,0.00013,658574,86.90432,757815
7172,geoffrey-g-delhomme,1,0.00013,658575,86.90446,757815
7173,Geoffreyvd1,1,0.00013,658576,86.90459,757815
7174,geofft,1,0.00013,658577,86.90472,757815
7175,George-Dammous,1,0.00013,658578,86.90485,757815
7176,georgestamatelis,1,0.00013,658579,86.90498,757815
7177,GeorgMiller,1,0.00013,658580,86.90512,757815
7178,GEOTCBRL,1,0.00013,658581,86.90525,757815
7179,gerardPlanella,1,0.00013,658582,86.90538,757815
7180,gerboland,1,0.00013,658583,86.90551,757815
7181,gershonavi,1,0.00013,658584,86.90564,757815
7182,GerTheMessiah,1,0.00013,658585,86.90578,757815
7183,Gerymak5,1,0.00013,658586,86.90591,757815
7184,geyang,1,0.00013,658587,86.90604,757815
7185,gg4u,1,0.00013,658588,86.90617,757815
7186,gg-aking,1,0.00013,658589,86.90630,757815
7187,ggamsso,1,0.00013,658590,86.90643,757815
7188,ggs27,1,0.00013,658591,86.90657,757815
7189,ggydush,1,0.00013,658592,86.90670,757815
7190,ghislainp,1,0.00013,658593,86.90683,757815
7191,GhostZey,1,0.00013,658594,86.90696,757815
7192,gibchikafa,1,0.00013,658595,86.90709,757815
7193,gilmorethomas,1,0.00013,658596,86.90723,757815
7194,girogisturua,1,0.00013,658597,86.90736,757815
7195,github142857,1,0.00013,658598,86.90749,757815
7196,GitHub-HongweiZhang,1,0.00013,658599,86.90762,757815
7197,G-JOEY,1,0.00013,658600,86.90775,757815
7198,gkostkowski,1,0.00013,658601,86.90789,757815
7199,gkourogiorgas,1,0.00013,658602,86.90802,757815
7200,glab1337,1,0.00013,658603,86.90815,757815
7201,gladisor,1,0.00013,658604,86.90828,757815
7202,gli-james-roland,1,0.00013,658605,86.90841,757815
7203,glowwormX,1,0.00013,658606,86.90855,757815
7204,glucard,1,0.00013,658607,86.90868,757815
7205,gmt20,1,0.00013,658608,86.90881,757815
7206,goelakash,1,0.00013,658609,86.90894,757815
7207,gogo03,1,0.00013,658610,86.90907,757815
7208,goingforstudying-ctrl,1,0.00013,658611,86.90921,757815
7209,gokuljs,1,0.00013,658612,86.90934,757815
7210,golanha,1,0.00013,658613,86.90947,757815
7211,GO-Loc-GO,1,0.00013,658614,86.90960,757815
7212,GonzagueHenri,1,0.00013,658615,86.90973,757815
7213,goodcheer,1,0.00013,658616,86.90987,757815
7214,good-sijin,1,0.00013,658617,86.91000,757815
7215,GopalGB,1,0.00013,658618,86.91013,757815
7216,gopiprasanthpotipireddy,1,0.00013,658619,86.91026,757815
7217,gorarakelyan,1,0.00013,658620,86.91039,757815
7218,gorbondiga,1,0.00013,658621,86.91053,757815
7219,gorogm,1,0.00013,658622,86.91066,757815
7220,gortali,1,0.00013,658623,86.91079,757815
7221,goudarzi,1,0.00013,658624,86.91092,757815
7222,gp4r,1,0.00013,658625,86.91105,757815
7223,gradientsky,1,0.00013,658626,86.91119,757815
7224,grandkarabas,1,0.00013,658627,86.91132,757815
7225,grbagwe,1,0.00013,658628,86.91145,757815
7226,greaber,1,0.00013,658629,86.91158,757815
7227,greermj,1,0.00013,658630,86.91171,757815
7228,gregordecristoforo,1,0.00013,658631,86.91185,757815
7229,gregoruar,1,0.00013,658632,86.91198,757815
7230,GregorZiegltrumAA,1,0.00013,658633,86.91211,757815
7231,gregschwartz,1,0.00013,658634,86.91224,757815
7232,gromovadarya90,1,0.00013,658635,86.91237,757815
7233,grumpydude,1,0.00013,658636,86.91251,757815
7234,gshtras,1,0.00013,658637,86.91264,757815
7235,Gstevenson3,1,0.00013,658638,86.91277,757815
7236,guapisolo,1,0.00013,658639,86.91290,757815
7237,gudaoxifeng2016,1,0.00013,658640,86.91303,757815
7238,gueraf,1,0.00013,658641,86.91316,757815
7239,guhaishuo,1,0.00013,658642,86.91330,757815
7240,gujju62,1,0.00013,658643,86.91343,757815
7241,gulmert89,1,0.00013,658644,86.91356,757815
7242,gumba3,1,0.00013,658645,86.91369,757815
7243,gunewar,1,0.00013,658646,86.91382,757815
7244,gunsodo,1,0.00013,658647,86.91396,757815
7245,guodongxiaren,1,0.00013,658648,86.91409,757815
7246,guofy-ai,1,0.00013,658649,86.91422,757815
7247,gurdipk,1,0.00013,658650,86.91435,757815
7248,guruprasadmelinkeri,1,0.00013,658651,86.91448,757815
7249,guruvishnuvardan,1,0.00013,658652,86.91462,757815
7250,guytenn,1,0.00013,658653,86.91475,757815
7251,gveda,1,0.00013,658654,86.91488,757815
7252,gw00260330,1,0.00013,658655,86.91501,757815
7253,gy2256,1,0.00013,658656,86.91514,757815
7254,GyChou,1,0.00013,658657,86.91528,757815
7255,Gyubin,1,0.00013,658658,86.91541,757815
7256,gyunoh,1,0.00013,658659,86.91554,757815
7257,Haakam21,1,0.00013,658660,86.91567,757815
7258,habibrk,1,0.00013,658661,86.91580,757815
7259,haderbacheamir,1,0.00013,658662,86.91594,757815
7260,hagh,1,0.00013,658663,86.91607,757815
7261,hagrid67,1,0.00013,658664,86.91620,757815
7262,hahdawg,1,0.00013,658665,86.91633,757815
7263,haidaodeweixiao,1,0.00013,658666,86.91646,757815
7264,haiyuni,1,0.00013,658667,86.91660,757815
7265,haizhongzheng,1,0.00013,658668,86.91673,757815
7266,hakan-metin,1,0.00013,658669,86.91686,757815
7267,hale,1,0.00013,658670,86.91699,757815
7268,Halopend,1,0.00013,658671,86.91712,757815
7269,Hambaobao,1,0.00013,658672,86.91726,757815
7270,HamidShojanazeri,1,0.00013,658673,86.91739,757815
7271,HamiiiS,1,0.00013,658674,86.91752,757815
7272,hamta,1,0.00013,658675,86.91765,757815
7273,hanif-rt,1,0.00013,658676,86.91778,757815
7274,hanish-sx,1,0.00013,658677,86.91792,757815
7275,hank179,1,0.00013,658678,86.91805,757815
7276,Hanqer,1,0.00013,658679,86.91818,757815
7277,HansBug,1,0.00013,658680,86.91831,757815
7278,hanslovsky,1,0.00013,658681,86.91844,757815
7279,HansvanHespen,1,0.00013,658682,86.91858,757815
7280,Han-taz,1,0.00013,658683,86.91871,757815
7281,hanvlv,1,0.00013,658684,86.91884,757815
7282,hanweidong,1,0.00013,658685,86.91897,757815
7283,hanxilikesunshine,1,0.00013,658686,86.91910,757815
7284,HanxunH,1,0.00013,658687,86.91923,757815
7285,Hanyu96,1,0.00013,658688,86.91937,757815
7286,Hanzala7788,1,0.00013,658689,86.91950,757815
7287,HaoningJiang-space,1,0.00013,658690,86.91963,757815
7288,HAPAVAN22,1,0.00013,658691,86.91976,757815
7289,HappyMistery,1,0.00013,658692,86.91989,757815
7290,harisankar95,1,0.00013,658693,86.92003,757815
7291,haritsahm,1,0.00013,658694,86.92016,757815
7292,harksodje,1,0.00013,658695,86.92029,757815
7293,haroldfabla2-hue,1,0.00013,658696,86.92042,757815
7294,harplife,1,0.00013,658697,86.92055,757815
7295,harrycoder28,1,0.00013,658698,86.92069,757815
7296,harryharrygo,1,0.00013,658699,86.92082,757815
7297,harryjordancma,1,0.00013,658700,86.92095,757815
7298,Harrypotterrrr,1,0.00013,658701,86.92108,757815
7299,harshadkhetpal,1,0.00013,658702,86.92121,757815
7300,Harshal662,1,0.00013,658703,86.92135,757815
7301,harshasiddartha,1,0.00013,658704,86.92148,757815
7302,harshita-kaushal,1,0.00013,658705,86.92161,757815
7303,harshitcompcode,1,0.00013,658706,86.92174,757815
7304,Harshitg,1,0.00013,658707,86.92187,757815
7305,harshpatel1242,1,0.00013,658708,86.92201,757815
7306,HarshVardhanSh,1,0.00013,658709,86.92214,757815
7307,hasansalimkanmaz,1,0.00013,658710,86.92227,757815
7308,HashRocketSyntax,1,0.00013,658711,86.92240,757815
7309,hasnain2808,1,0.00013,658712,86.92253,757815
7310,hasnainv,1,0.00013,658713,86.92267,757815
7311,hazelyu0215,1,0.00013,658714,86.92280,757815
7312,hbodory,1,0.00013,658715,86.92293,757815
7313,hdenganyscale,1,0.00013,658716,86.92306,757815
7314,Hdong179,1,0.00013,658717,86.92319,757815
7315,HeeebsInc,1,0.00013,658718,86.92333,757815
7316,heihei-nie,1,0.00013,658719,86.92346,757815
7317,heinrichreimer,1,0.00013,658720,86.92359,757815
7318,hellohawaii2,1,0.00013,658721,86.92372,757815
7319,hellovertex,1,0.00013,658722,86.92385,757815
7320,hengqujushi,1,0.00013,658723,86.92399,757815
7321,henryliu00,1,0.00013,658724,86.92412,757815
7322,HenryZJY,1,0.00013,658725,86.92425,757815
7323,HerculesJack,1,0.00013,658726,86.92438,757815
7324,hermitly,1,0.00013,658727,86.92451,757815
7325,hershelm,1,0.00013,658728,86.92465,757815
7326,hervature,1,0.00013,658729,86.92478,757815
7327,herve-alanaai,1,0.00013,658730,86.92491,757815
7328,hexamax,1,0.00013,658731,86.92504,757815
7329,heyfavour,1,0.00013,658732,86.92517,757815
7330,HeylenJonas,1,0.00013,658733,86.92530,757815
7331,hezhihaolala,1,0.00013,658734,86.92544,757815
7332,hg1112,1,0.00013,658735,86.92557,757815
7333,hhhhjun,1,0.00013,658736,86.92570,757815
7334,hhlei,1,0.00013,658737,86.92583,757815
7335,hhoke,1,0.00013,658738,86.92596,757815
7336,hibestil,1,0.00013,658739,86.92610,757815
7337,hiepbk,1,0.00013,658740,86.92623,757815
7338,hieubnt235,1,0.00013,658741,86.92636,757815
7339,hieuvous,1,0.00013,658742,86.92649,757815
7340,hifazibm,1,0.00013,658743,86.92662,757815
7341,hijkzzz,1,0.00013,658744,86.92676,757815
7342,hinsonan,1,0.00013,658745,86.92689,757815
7343,hippotilt,1,0.00013,658746,86.92702,757815
7344,hiramf,1,0.00013,658747,86.92715,757815
7345,HJ-TANG,1,0.00013,658748,86.92728,757815
7346,hjwiese,1,0.00013,658749,86.92742,757815
7347,hlamba-dm,1,0.00013,658750,86.92755,757815
7348,hliu2,1,0.00013,658751,86.92768,757815
7349,hlsafin,1,0.00013,658752,86.92781,757815
7350,hmania,1,0.00013,658753,86.92794,757815
7351,hmellor,1,0.00013,658754,86.92808,757815
7352,hnanacc,1,0.00013,658755,86.92821,757815
7353,hncswjj,1,0.00013,658756,86.92834,757815
7354,hnekoeiq,1,0.00013,658757,86.92847,757815
7355,hoangkhoiLE,1,0.00013,658758,86.92860,757815
7356,HoBeedzc,1,0.00013,658759,86.92874,757815
7357,hokhay,1,0.00013,658760,86.92887,757815
7358,holgern,1,0.00013,658761,86.92900,757815
7359,hollarob,1,0.00013,658762,86.92913,757815
7360,HomenShum,1,0.00013,658763,86.92926,757815
7361,hongha912,1,0.00013,658764,86.92940,757815
7362,hongjisung,1,0.00013,658765,86.92953,757815
7363,hongquW,1,0.00013,658766,86.92966,757815
7364,HongyiSun,1,0.00013,658767,86.92979,757815
7365,honnibal,1,0.00013,658768,86.92992,757815
7366,howardwu1,1,0.00013,658769,86.93006,757815
7367,howieeeeeeee,1,0.00013,658770,86.93019,757815
7368,Howuhh,1,0.00013,658771,86.93032,757815
7369,hoyeon1234,1,0.00013,658772,86.93045,757815
7370,hpaantee,1,0.00013,658773,86.93058,757815
7371,hseelawi,1,0.00013,658774,86.93072,757815
7372,hssandriss,1,0.00013,658775,86.93085,757815
7373,HT224,1,0.00013,658776,86.93098,757815
7374,huadubadaniao,1,0.00013,658777,86.93111,757815
7375,huagang669,1,0.00013,658778,86.93124,757815
7376,huangdi614,1,0.00013,658779,86.93138,757815
7377,hubbardp,1,0.00013,658780,86.93151,757815
7378,hub-il,1,0.00013,658781,86.93164,757815
7379,hugofe,1,0.00013,658782,86.93177,757815
7380,hugolytics,1,0.00013,658783,86.93190,757815
7381,huhaiqwer,1,0.00013,658784,86.93203,757815
7382,HuihuiTong,1,0.00013,658785,86.93217,757815
7383,Hukongtao,1,0.00013,658786,86.93230,757815
7384,humbinal,1,0.00013,658787,86.93243,757815
7385,humcasma,1,0.00013,658788,86.93256,757815
7386,humnrdble,1,0.00013,658789,86.93269,757815
7387,HUmutOzdemir,1,0.00013,658790,86.93283,757815
7388,huntcoder,1,0.00013,658791,86.93296,757815
7389,huntr-helper,1,0.00013,658792,86.93309,757815
7390,huyz-git,1,0.00013,658793,86.93322,757815
7391,huzhennan,1,0.00013,658794,86.93335,757815
7392,hvavhp,1,0.00013,658795,86.93349,757815
7393,hwchase17,1,0.00013,658796,86.93362,757815
7394,hwhsu1231,1,0.00013,658797,86.93375,757815
7395,hw-ju,1,0.00013,658798,86.93388,757815
7396,hwjung2,1,0.00013,658799,86.93401,757815
7397,hwuiwon,1,0.00013,658800,86.93415,757815
7398,hwzhuhao,1,0.00013,658801,86.93428,757815
7399,hxq2146041,1,0.00013,658802,86.93441,757815
7400,hyaofeng,1,0.00013,658803,86.93454,757815
7401,Hydraxx10,1,0.00013,658804,86.93467,757815
7402,hyeonjames,1,0.00013,658805,86.93481,757815
7403,hylent,1,0.00013,658806,86.93494,757815
7404,hyoonsoo,1,0.00013,658807,86.93507,757815
7405,hyrmec,1,0.00013,658808,86.93520,757815
7406,iacker,1,0.00013,658809,86.93533,757815
7407,iaindocherty,1,0.00013,658810,86.93547,757815
7408,iam-amey,1,0.00013,658811,86.93560,757815
7409,Iamfxz,1,0.00013,658812,86.93573,757815
7410,iamgmujtaba,1,0.00013,658813,86.93586,757815
7411,iamihgam,1,0.00013,658814,86.93599,757815
7412,IamJeffG,1,0.00013,658815,86.93613,757815
7413,iamlockelightning,1,0.00013,658816,86.93626,757815
7414,IamonFireee,1,0.00013,658817,86.93639,757815
7415,iamsiddhantsahu,1,0.00013,658818,86.93652,757815
7416,iamWing,1,0.00013,658819,86.93665,757815
7417,ian-andrich,1,0.00013,658820,86.93679,757815
7418,IanAtDazed,1,0.00013,658821,86.93692,757815
7419,iandanforth,1,0.00013,658822,86.93705,757815
7420,IanDJordan,1,0.00013,658823,86.93718,757815
7421,ianormy,1,0.00013,658824,86.93731,757815
7422,ian-whitestone,1,0.00013,658825,86.93745,757815
7423,iatkinson,1,0.00013,658826,86.93758,757815
7424,ibrottier,1,0.00013,658827,86.93771,757815
7425,icarusin,1,0.00013,658828,86.93784,757815
7426,icejean,1,0.00013,658829,86.93797,757815
7427,IceTheDev2,1,0.00013,658830,86.93810,757815
7428,ichbinram,1,0.00013,658831,86.93824,757815
7429,idc9,1,0.00013,658832,86.93837,757815
7430,idiotic-bird,1,0.00013,658833,86.93850,757815
7431,idorozenberg,1,0.00013,658834,86.93863,757815
7432,ienkovich,1,0.00013,658835,86.93876,757815
7433,iglimanaj,1,0.00013,658836,86.93890,757815
7434,igmorv-genesis,1,0.00013,658837,86.93903,757815
7435,igolant,1,0.00013,658838,86.93916,757815
7436,igoriokas,1,0.00013,658839,86.93929,757815
7437,igysfyads,1,0.00013,658840,86.93942,757815
7438,iiiiice-seabird,1,0.00013,658841,86.93956,757815
7439,iinc,1,0.00013,658842,86.93969,757815
7440,IISCAditayTripathi,1,0.00013,658843,86.93982,757815
7441,ijustcode,1,0.00013,658844,86.93995,757815
7442,ikedaosushi,1,0.00013,658845,86.94008,757815
7443,ilchenkoea,1,0.00013,658846,86.94022,757815
7444,IlluvatarEru,1,0.00013,658847,86.94035,757815
7445,illyakaynov,1,0.00013,658848,86.94048,757815
7446,ilml,1,0.00013,658849,86.94061,757815
7447,ilonademler,1,0.00013,658850,86.94074,757815
7448,ilyaozornov,1,0.00013,658851,86.94088,757815
7449,imaitland,1,0.00013,658852,86.94101,757815
7450,imaspol,1,0.00013,658853,86.94114,757815
7451,imilefch,1,0.00013,658854,86.94127,757815
7452,imnotpete,1,0.00013,658855,86.94140,757815
7453,inakleinbottle,1,0.00013,658856,86.94154,757815
7454,indigenica,1,0.00013,658857,86.94167,757815
7455,indraja03,1,0.00013,658858,86.94180,757815
7456,infherny,1,0.00013,658859,86.94193,757815
7457,ingyeoking13,1,0.00013,658860,86.94206,757815
7458,Injokerash,1,0.00013,658861,86.94220,757815
7459,InnovativeInventor,1,0.00013,658862,86.94233,757815
7460,insomniaaac,1,0.00013,658863,86.94246,757815
7461,ioannisa92,1,0.00013,658864,86.94259,757815
7462,Iooooot,1,0.00013,658865,86.94272,757815
7463,Iphykay,1,0.00013,658866,86.94286,757815
7464,Iqigai,1,0.00013,658867,86.94299,757815
7465,irasin,1,0.00013,658868,86.94312,757815
7466,irasit,1,0.00013,658869,86.94325,757815
7467,irena-grgic,1,0.00013,658870,86.94338,757815
7468,irenedea,1,0.00013,658871,86.94352,757815
7469,irepan,1,0.00013,658872,86.94365,757815
7470,irexyc,1,0.00013,658873,86.94378,757815
7471,IrinaOganezova,1,0.00013,658874,86.94391,757815
7472,ironv,1,0.00013,658875,86.94404,757815
7473,irustandi,1,0.00013,658876,86.94418,757815
7474,IsabelLafaia,1,0.00013,658877,86.94431,757815
7475,islwx,1,0.00013,658878,86.94444,757815
7476,itwasabhi,1,0.00013,658879,86.94457,757815
7477,iumyidol,1,0.00013,658880,86.94470,757815
7478,Ivanyan0516,1,0.00013,658881,86.94483,757815
7479,iwillwen,1,0.00013,658882,86.94497,757815
7480,iXanthos,1,0.00013,658883,86.94510,757815
7481,ixsanpe,1,0.00013,658884,86.94523,757815
7482,j0gi-18,1,0.00013,658885,86.94536,757815
7483,JackJHarris,1,0.00013,658886,86.94549,757815
7484,jacklove2run,1,0.00013,658887,86.94563,757815
7485,jack-parsons,1,0.00013,658888,86.94576,757815
7486,Jacob0226,1,0.00013,658889,86.94589,757815
7487,jacobandreas,1,0.00013,658890,86.94602,757815
7488,jacobdang,1,0.00013,658891,86.94615,757815
7489,jadams41,1,0.00013,658892,86.94629,757815
7490,jade710,1,0.00013,658893,86.94642,757815
7491,jadkins99,1,0.00013,658894,86.94655,757815
7492,JaeLiiin,1,0.00013,658895,86.94668,757815
7493,jahidhasanlinix,1,0.00013,658896,86.94681,757815
7494,jaidhyani,1,0.00013,658897,86.94695,757815
7495,jaimegonzalezj,1,0.00013,658898,86.94708,757815
7496,Jainish-S,1,0.00013,658899,86.94721,757815
7497,jakezhaojb,1,0.00013,658900,86.94734,757815
7498,jakobreinwald,1,0.00013,658901,86.94747,757815
7499,JakobStruye,1,0.00013,658902,86.94761,757815
7500,jaks19,1,0.00013,658903,86.94774,757815
7501,jalajthanakicactus,1,0.00013,658904,86.94787,757815
7502,jamesclark-Zapata,1,0.00013,658905,86.94800,757815
7503,JamesPorter0102,1,0.00013,658906,86.94813,757815
7504,jamestszhim,1,0.00013,658907,86.94827,757815
7505,jamiejackson,1,0.00013,658908,86.94840,757815
7506,jamindy,1,0.00013,658909,86.94853,757815
7507,jamjambles,1,0.00013,658910,86.94866,757815
7508,JAMMFam,1,0.00013,658911,86.94879,757815
7509,jamuus,1,0.00013,658912,86.94893,757815
7510,jandom,1,0.00013,658913,86.94906,757815
7511,janheinrichmerker,1,0.00013,658914,86.94919,757815
7512,JanKalkan,1,0.00013,658915,86.94932,757815
7513,jankomp,1,0.00013,658916,86.94945,757815
7514,Jan-M,1,0.00013,658917,86.94959,757815
7515,jan-matthis,1,0.00013,658918,86.94972,757815
7516,janne-alatalo,1,0.00013,658919,86.94985,757815
7517,janrope,1,0.00013,658920,86.94998,757815
7518,janukowitsch,1,0.00013,658921,86.95011,757815
7519,japsonzbz,1,0.00013,658922,86.95025,757815
7520,JarHMJ,1,0.00013,658923,86.95038,757815
7521,jarlva,1,0.00013,658924,86.95051,757815
7522,Jaroan,1,0.00013,658925,86.95064,757815
7523,jason-dai,1,0.00013,658926,86.95077,757815
7524,jasonfiacco,1,0.00013,658927,86.95090,757815
7525,JasperHG90,1,0.00013,658928,86.95104,757815
7526,jatinthotaka,1,0.00013,658929,86.95117,757815
7527,javasy,1,0.00013,658930,86.95130,757815
7528,jav-ed,1,0.00013,658931,86.95143,757815
7529,javigm98,1,0.00013,658932,86.95156,757815
7530,javimontero,1,0.00013,658933,86.95170,757815
7531,jax-25,1,0.00013,658934,86.95183,757815
7532,jaxnb,1,0.00013,658935,86.95196,757815
7533,jayceslesar,1,0.00013,658936,86.95209,757815
7534,jayelm,1,0.00013,658937,86.95222,757815
7535,jaymanjunath,1,0.00013,658938,86.95236,757815
7536,jayteaftw,1,0.00013,658939,86.95249,757815
7537,jb3618columbia,1,0.00013,658940,86.95262,757815
7538,jbass-ra,1,0.00013,658941,86.95275,757815
7539,jbn,1,0.00013,658942,86.95288,757815
7540,jbohnslav,1,0.00013,658943,86.95302,757815
7541,jbsmithj1981,1,0.00013,658944,86.95315,757815
7542,jchemp,1,0.00013,658945,86.95328,757815
7543,jclab-joseph,1,0.00013,658946,86.95341,757815
7544,jcmgray,1,0.00013,658947,86.95354,757815
7545,jcoffi-ghlabs,1,0.00013,658948,86.95368,757815
7546,jcushman,1,0.00013,658949,86.95381,757815
7547,jdain33,1,0.00013,658950,86.95394,757815
7548,jdebache,1,0.00013,658951,86.95407,757815
7549,jdominguez408,1,0.00013,658952,86.95420,757815
7550,jdpena,1,0.00013,658953,86.95434,757815
7551,jdrusso,1,0.00013,658954,86.95447,757815
7552,jdry1729,1,0.00013,658955,86.95460,757815
7553,jednymslowem,1,0.00013,658956,86.95473,757815
7554,jeethridge,1,0.00013,658957,86.95486,757815
7555,jeff303,1,0.00013,658958,86.95500,757815
7556,jeff-cook,1,0.00013,658959,86.95513,757815
7557,Jeffjewett27,1,0.00013,658960,86.95526,757815
7558,jeffreykennethli,1,0.00013,658961,86.95539,757815
7559,jeffreylutz,1,0.00013,658962,86.95552,757815
7560,jeffreywillert,1,0.00013,658963,86.95566,757815
7561,jeffyjf,1,0.00013,658964,86.95579,757815
7562,jeffysam6,1,0.00013,658965,86.95592,757815
7563,JelledFro,1,0.00013,658966,86.95605,757815
7564,Jemoka,1,0.00013,658967,86.95618,757815
7565,jenhaoyang,1,0.00013,658968,86.95632,757815
7566,jeniscodes,1,0.00013,658969,86.95645,757815
7567,JenishPatel99,1,0.00013,658970,86.95658,757815
7568,jenny-yang-ai,1,0.00013,658971,86.95671,757815
7569,jeremy-anyscale,1,0.00013,658972,86.95684,757815
7570,jeremyforest,1,0.00013,658973,86.95697,757815
7571,jeremylaier-tc,1,0.00013,658974,86.95711,757815
7572,JeremySMorgan,1,0.00013,658975,86.95724,757815
7573,jerinka,1,0.00013,658976,86.95737,757815
7574,jeroenboeye,1,0.00013,658977,86.95750,757815
7575,JerryChaox,1,0.00013,658978,86.95763,757815
7576,jerryli27,1,0.00013,658979,86.95777,757815
7577,JesperDramsch,1,0.00013,658980,86.95790,757815
7578,jesperschlegel,1,0.00013,658981,86.95803,757815
7579,jessegrabowski,1,0.00013,658982,86.95816,757815
7580,jfperren-r2,1,0.00013,658983,86.95829,757815
7581,j-f-r,1,0.00013,658984,86.95843,757815
7582,jfuechsl,1,0.00013,658985,86.95856,757815
7583,jharrang,1,0.00013,658986,86.95869,757815
7584,jhayes-py,1,0.00013,658987,86.95882,757815
7585,jhchee,1,0.00013,658988,86.95895,757815
7586,jhn-nt,1,0.00013,658989,86.95909,757815
7587,Jiamian-Wang,1,0.00013,658990,86.95922,757815
7588,jiangqi-tong,1,0.00013,658991,86.95935,757815
7589,jiangsongHW,1,0.00013,658992,86.95948,757815
7590,jianjew,1,0.00013,658993,86.95961,757815
7591,jianki1314,1,0.00013,658994,86.95975,757815
7592,JianmingTONG,1,0.00013,658995,86.95988,757815
7593,jiaxin26,1,0.00013,658996,86.96001,757815
7594,jieguangzhou,1,0.00013,658997,86.96014,757815
7595,ji-huazhong,1,0.00013,658998,86.96027,757815
7596,jimburtoft,1,0.00013,658999,86.96041,757815
7597,jimmyshah83,1,0.00013,659000,86.96054,757815
7598,jimone1,1,0.00013,659001,86.96067,757815
7599,jims1990,1,0.00013,659002,86.96080,757815
7600,jimzers,1,0.00013,659003,86.96093,757815
7601,jindal2309,1,0.00013,659004,86.96107,757815
7602,jingjiwuwei,1,0.00013,659005,86.96120,757815
7603,jingqiong,1,0.00013,659006,86.96133,757815
7604,JingZhang918,1,0.00013,659007,86.96146,757815
7605,jingzhaoo,1,0.00013,659008,86.96159,757815
7606,jingzhaoou,1,0.00013,659009,86.96173,757815
7607,jinnovation,1,0.00013,659010,86.96186,757815
7608,JJMinton,1,0.00013,659011,86.96199,757815
7609,Jjschwartz,1,0.00013,659012,86.96212,757815
7610,jjwsteele,1,0.00013,659013,86.96225,757815
7611,jkcarney,1,0.00013,659014,86.96239,757815
7612,jkhlr,1,0.00013,659015,86.96252,757815
7613,JKy151800,1,0.00013,659016,86.96265,757815
7614,jlin816,1,0.00013,659017,86.96278,757815
7615,jmccarthy-lila,1,0.00013,659018,86.96291,757815
7616,jmsi,1,0.00013,659019,86.96305,757815
7617,jmuncaster,1,0.00013,659020,86.96318,757815
7618,jn12-29,1,0.00013,659021,86.96331,757815
7619,JobJob,1,0.00013,659022,86.96344,757815
7620,joe-schwartz-certara,1,0.00013,659023,86.96357,757815
7621,Johan154,1,0.00013,659024,86.96370,757815
7622,johanbrunius,1,0.00013,659025,86.96384,757815
7623,JohannKaspar,1,0.00013,659026,86.96397,757815
7624,johncleveland,1,0.00013,659027,86.96410,757815
7625,johnmcerillo,1,0.00013,659028,86.96423,757815
7626,johnnycrab,1,0.00013,659029,86.96436,757815
7627,Johnnykoch02,1,0.00013,659030,86.96450,757815
7628,jonasverschueren,1,0.00013,659031,86.96463,757815
7629,jonathan-laurent,1,0.00013,659032,86.96476,757815
7630,jonathanmiller2,1,0.00013,659033,86.96489,757815
7631,JonathanvanWestendorp,1,0.00013,659034,86.96502,757815
7632,jonathn,1,0.00013,659035,86.96516,757815
7633,jonathonyan,1,0.00013,659036,86.96529,757815
7634,Jonesmove,1,0.00013,659037,86.96542,757815
7635,jonfritz,1,0.00013,659038,86.96555,757815
7636,jonmmease,1,0.00013,659039,86.96568,757815
7637,jonmorton,1,0.00013,659040,86.96582,757815
7638,joonleesky,1,0.00013,659041,86.96595,757815
7639,joseph-bergin,1,0.00013,659042,86.96608,757815
7640,JosephChotard,1,0.00013,659043,86.96621,757815
7641,josephlucas-arc,1,0.00013,659044,86.96634,757815
7642,joseph-x-li,1,0.00013,659045,86.96648,757815
7643,joshdevins,1,0.00013,659046,86.96661,757815
7644,JoshHilliker,1,0.00013,659047,86.96674,757815
7645,josh-holder,1,0.00013,659048,86.96687,757815
7646,joshmyersdean,1,0.00013,659049,86.96700,757815
7647,joshuaspear,1,0.00013,659050,86.96714,757815
7648,JoshuaZe,1,0.00013,659051,86.96727,757815
7649,josiahlaivins,1,0.00013,659052,86.96740,757815
7650,josiahyan,1,0.00013,659053,86.96753,757815
7651,Joylessss,1,0.00013,659054,86.96766,757815
7652,jpatidar30,1,0.00013,659055,86.96780,757815
7653,jppgks,1,0.00013,659056,86.96793,757815
7654,jrandall,1,0.00013,659057,86.96806,757815
7655,jritten,1,0.00013,659058,86.96819,757815
7656,jrrpanix,1,0.00013,659059,86.96832,757815
7657,js8544,1,0.00013,659060,86.96846,757815
7658,JSchapke,1,0.00013,659061,86.96859,757815
7659,jschweiz,1,0.00013,659062,86.96872,757815
7660,J-shang,1,0.00013,659063,86.96885,757815
7661,jsoft88,1,0.00013,659064,86.96898,757815
7662,jspisak,1,0.00013,659065,86.96912,757815
7663,Jspujol,1,0.00013,659066,86.96925,757815
7664,jstamand,1,0.00013,659067,86.96938,757815
7665,jsu,1,0.00013,659068,86.96951,757815
7666,jsztompka,1,0.00013,659069,86.96964,757815
7667,Jthon-lab,1,0.00013,659070,86.96977,757815
7668,jtimdwyer,1,0.00013,659071,86.96991,757815
7669,juanm4morales,1,0.00013,659072,86.97004,757815
7670,juanma9613,1,0.00013,659073,86.97017,757815
7671,JuanMaParraU,1,0.00013,659074,86.97030,757815
7672,Juenjie,1,0.00013,659075,86.97043,757815
7673,juhannc,1,0.00013,659076,86.97057,757815
7674,julesdehon,1,0.00013,659077,86.97070,757815
7675,JulianKlug,1,0.00013,659078,86.97083,757815
7676,JuliaWasala,1,0.00013,659079,86.97096,757815
7677,julietnasar,1,0.00013,659080,86.97109,757815
7678,JuliusBairaktaris,1,0.00013,659081,86.97123,757815
7679,JuliusSchwartz,1,0.00013,659082,86.97136,757815
7680,junbridge,1,0.00013,659083,86.97149,757815
7681,junehyuck-park,1,0.00013,659084,86.97162,757815
7682,junhuihuang,1,0.00013,659085,86.97175,757815
7683,junyeop,1,0.00013,659086,86.97189,757815
7684,justinkeung1018,1,0.00013,659087,86.97202,757815
7685,justinwangx,1,0.00013,659088,86.97215,757815
7686,justinxia6dot5,1,0.00013,659089,86.97228,757815
7687,jvanheugten,1,0.00013,659090,86.97241,757815
7688,jvenant,1,0.00013,659091,86.97255,757815
7689,JVillella,1,0.00013,659092,86.97268,757815
7690,jwde,1,0.00013,659093,86.97281,757815
7691,jwlarocque,1,0.00013,659094,86.97294,757815
7692,jwsut128231,1,0.00013,659095,86.97307,757815
7693,jx-fan,1,0.00013,659096,86.97321,757815
7694,jyericlin,1,0.00013,659097,86.97334,757815
7695,jyp0802,1,0.00013,659098,86.97347,757815
7696,jzxycsjzy,1,0.00013,659099,86.97360,757815
7697,K0alaLiu,1,0.00013,659100,86.97373,757815
7698,k6l3,1,0.00013,659101,86.97387,757815
7699,kachadx,1,0.00013,659102,86.97400,757815
7700,kai314,1,0.00013,659103,86.97413,757815
7701,kaiwenzha,1,0.00013,659104,86.97426,757815
7702,Kaixhin,1,0.00013,659105,86.97439,757815
7703,kaixin96,1,0.00013,659106,86.97453,757815
7704,kajc10,1,0.00013,659107,86.97466,757815
7705,kalkite,1,0.00013,659108,86.97479,757815
7706,kamilmlodzikowski,1,0.00013,659109,86.97492,757815
7707,KamilMroczek,1,0.00013,659110,86.97505,757815
7708,kamrankausar,1,0.00013,659111,86.97519,757815
7709,kannan-scalers-ai,1,0.00013,659112,86.97532,757815
7710,kanusahai,1,0.00013,659113,86.97545,757815
7711,karansampath,1,0.00013,659114,86.97558,757815
7712,KarimFarid1,1,0.00013,659115,86.97571,757815
7713,KarlJosef,1,0.00013,659116,86.97585,757815
7714,karlkurzer,1,0.00013,659117,86.97598,757815
7715,kartik-lamkhade,1,0.00013,659118,86.97611,757815
7716,kashiwachen,1,0.00013,659119,86.97624,757815
7717,kathirengg,1,0.00013,659120,86.97637,757815
7718,Katomoto,1,0.00013,659121,86.97650,757815
7719,kaveti,1,0.00013,659122,86.97664,757815
7720,Kawai1Ace,1,0.00013,659123,86.97677,757815
7721,kawshik8,1,0.00013,659124,86.97690,757815
7722,kayatsenko,1,0.00013,659125,86.97703,757815
7723,Kayn-2019,1,0.00013,659126,86.97716,757815
7724,kayou12,1,0.00013,659127,86.97730,757815
7725,kb007,1,0.00013,659128,86.97743,757815
7726,kbmannnn,1,0.00013,659129,86.97756,757815
7727,kc-ml2,1,0.00013,659130,86.97769,757815
7728,kdu4108,1,0.00013,659131,86.97782,757815
7729,keepitsane,1,0.00013,659132,86.97796,757815
7730,keety,1,0.00013,659133,86.97809,757815
7731,kekeblom,1,0.00013,659134,86.97822,757815
7732,kellyyke,1,0.00013,659135,86.97835,757815
7733,kendosparco91,1,0.00013,659136,86.97848,757815
7734,kevalsp,1,0.00013,659137,86.97862,757815
7735,kevduong1,1,0.00013,659138,86.97875,757815
7736,kevingreer,1,0.00013,659139,86.97888,757815
7737,KevinGrey,1,0.00013,659140,86.97901,757815
7738,Kevin-Li-2025,1,0.00013,659141,86.97914,757815
7739,kevinlu1248,1,0.00013,659142,86.97928,757815
7740,Kevin-wangyu,1,0.00013,659143,86.97941,757815
7741,kevinwelty,1,0.00013,659144,86.97954,757815
7742,kevinyancn,1,0.00013,659145,86.97967,757815
7743,KevinYang21,1,0.00013,659146,86.97980,757815
7744,kewenkang,1,0.00013,659147,86.97994,757815
7745,keyile,1,0.00013,659148,86.98007,757815
7746,kf-zhang,1,0.00013,659149,86.98020,757815
7747,KGKallasmaa,1,0.00013,659150,86.98033,757815
7748,khaendler,1,0.00013,659151,86.98046,757815
7749,KHC831,1,0.00013,659152,86.98060,757815
7750,khmyznikov,1,0.00013,659153,86.98073,757815
7751,khorshidisamira,1,0.00013,659154,86.98086,757815
7752,khshah6,1,0.00013,659155,86.98099,757815
7753,kifarid,1,0.00013,659156,86.98112,757815
7754,KiloNovemberDelta,1,0.00013,659157,86.98126,757815
7755,KimberlyNgai,1,0.00013,659158,86.98139,757815
7756,KimChow,1,0.00013,659159,86.98152,757815
7757,kimjoyc,1,0.00013,659160,86.98165,757815
7758,KingBright,1,0.00013,659161,86.98178,757815
7759,KinnariyaMamaTanha,1,0.00013,659162,86.98192,757815
7760,Ki-Seki,1,0.00013,659163,86.98205,757815
7761,kislaypoddar00001,1,0.00013,659164,86.98218,757815
7762,Kittiwin-Kumlungmak,1,0.00013,659165,86.98231,757815
7763,kiwoongyoon,1,0.00013,659166,86.98244,757815
7764,KiyoIchikawa,1,0.00013,659167,86.98257,757815
7765,kjabon,1,0.00013,659168,86.98271,757815
7766,KJinze,1,0.00013,659169,86.98284,757815
7767,klae01,1,0.00013,659170,86.98297,757815
7768,klazuka,1,0.00013,659171,86.98310,757815
7769,klebster2,1,0.00013,659172,86.98323,757815
7770,klemensnoga,1,0.00013,659173,86.98337,757815
7771,klicperajo,1,0.00013,659174,86.98350,757815
7772,KMayank29,1,0.00013,659175,86.98363,757815
7773,Kn15263ss,1,0.00013,659176,86.98376,757815
7774,knods3k,1,0.00013,659177,86.98389,757815
7775,koaning,1,0.00013,659178,86.98403,757815
7776,kokkalisko,1,0.00013,659179,86.98416,757815
7777,kongjy,1,0.00013,659180,86.98429,757815
7778,konradkalita,1,0.00013,659181,86.98442,757815
7779,korbonits,1,0.00013,659182,86.98455,757815
7780,KormiSK,1,0.00013,659183,86.98469,757815
7781,koshachya-myata,1,0.00013,659184,86.98482,757815
7782,kouhinn,1,0.00013,659185,86.98495,757815
7783,KPCOFGS,1,0.00013,659186,86.98508,757815
7784,kpetersen-hf,1,0.00013,659187,86.98521,757815
7785,kpitzen,1,0.00013,659188,86.98535,757815
7786,kprafull,1,0.00013,659189,86.98548,757815
7787,kr11,1,0.00013,659190,86.98561,757815
7788,KrishnaKishore123,1,0.00013,659191,86.98574,757815
7789,krisjin,1,0.00013,659192,86.98587,757815
7790,kristof9851,1,0.00013,659193,86.98601,757815
7791,KristoferHansson,1,0.00013,659194,86.98614,757815
7792,kruzel,1,0.00013,659195,86.98627,757815
7793,KrystofS,1,0.00013,659196,86.98640,757815
7794,krzwaraksa,1,0.00013,659197,86.98653,757815
7795,krzysztof-gre,1,0.00013,659198,86.98667,757815
7796,kschmaus,1,0.00013,659199,86.98680,757815
7797,ksn-alameda,1,0.00013,659200,86.98693,757815
7798,ksnof,1,0.00013,659201,86.98706,757815
7799,kssanthosh,1,0.00013,659202,86.98719,757815
7800,ksterx,1,0.00013,659203,86.98733,757815
7801,Ktakuya332C,1,0.00013,659204,86.98746,757815
7802,Ku3agi,1,0.00013,659205,86.98759,757815
7803,kuantian-zhang,1,0.00013,659206,86.98772,757815
7804,kuddai,1,0.00013,659207,86.98785,757815
7805,kuihao,1,0.00013,659208,86.98799,757815
7806,KujoJoestar,1,0.00013,659209,86.98812,757815
7807,kunalchamoli,1,0.00013,659210,86.98825,757815
7808,kuonangzhe,1,0.00013,659211,86.98838,757815
7809,kushal-sa,1,0.00013,659212,86.98851,757815
7810,kvnkho,1,0.00013,659213,86.98864,757815
7811,kvnloo,1,0.00013,659214,86.98878,757815
7812,kwohting,1,0.00013,659215,86.98891,757815
7813,kwongtn,1,0.00013,659216,86.98904,757815
7814,kyillene,1,0.00013,659217,86.98917,757815
7815,KyleKoon,1,0.00013,659218,86.98930,757815
7816,kylewamer,1,0.00013,659219,86.98944,757815
7817,kylin-zhou,1,0.00013,659220,86.98957,757815
7818,Kyrish,1,0.00013,659221,86.98970,757815
7819,lagrassa,1,0.00013,659222,86.98983,757815
7820,LahiLuk,1,0.00013,659223,86.98996,757815
7821,Laiaborrell,1,0.00013,659224,86.99010,757815
7822,lailing2000,1,0.00013,659225,86.99023,757815
7823,LAITRUNGMINHDUC,1,0.00013,659226,86.99036,757815
7824,Lakshmisekar,1,0.00013,659227,86.99049,757815
7825,lalalapotter,1,0.00013,659228,86.99062,757815
7826,lamhoangtung,1,0.00013,659229,86.99076,757815
7827,LanxinL,1,0.00013,659230,86.99089,757815
7828,LasithEranga,1,0.00013,659231,86.99102,757815
7829,lasp73,1,0.00013,659232,86.99115,757815
7830,LauraMaassen,1,0.00013,659233,86.99128,757815
7831,laurentgo,1,0.00013,659234,86.99142,757815
7832,LaurenYTaylor,1,0.00013,659235,86.99155,757815
7833,lavanyashukla,1,0.00013,659236,86.99168,757815
7834,laxman-6sense,1,0.00013,659237,86.99181,757815
7835,lazysboat,1,0.00013,659238,86.99194,757815
7836,lbge,1,0.00013,659239,86.99208,757815
7837,LC-JiaZhaorong,1,0.00013,659240,86.99221,757815
7838,L-csky,1,0.00013,659241,86.99234,757815
7839,lc-thomas,1,0.00013,659242,86.99247,757815
7840,ldk300,1,0.00013,659243,86.99260,757815
7841,LEChaney,1,0.00013,659244,86.99274,757815
7842,leelakrishna,1,0.00013,659245,86.99287,757815
7843,leetesua,1,0.00013,659246,86.99300,757815
7844,lefig,1,0.00013,659247,86.99313,757815
7845,legout,1,0.00013,659248,86.99326,757815
7846,lelayf,1,0.00013,659249,86.99340,757815
7847,LeLoMAu,1,0.00013,659250,86.99353,757815
7848,LenzoAB,1,0.00013,659251,86.99366,757815
7849,leo6022,1,0.00013,659252,86.99379,757815
7850,LeoDu0314,1,0.00013,659253,86.99392,757815
7851,Leonardo767,1,0.00013,659254,86.99406,757815
7852,leoricmaster,1,0.00013,659255,86.99419,757815
7853,leotorres6771-afk,1,0.00013,659256,86.99432,757815
7854,Leo-xh,1,0.00013,659257,86.99445,757815
7855,leoyuppieqnew,1,0.00013,659258,86.99458,757815
7856,LeslieWongCV,1,0.00013,659259,86.99472,757815
7857,LeSphax,1,0.00013,659260,86.99485,757815
7858,lethanhman0000,1,0.00013,659261,86.99498,757815
7859,levscaut,1,0.00013,659262,86.99511,757815
7860,levy,1,0.00013,659263,86.99524,757815
7861,lfermoselle-bdai,1,0.00013,659264,86.99537,757815
7862,lgarbarini,1,0.00013,659265,86.99551,757815
7863,lgerrets,1,0.00013,659266,86.99564,757815
7864,LGSDEVS,1,0.00013,659267,86.99577,757815
7865,lhoestq,1,0.00013,659268,86.99590,757815
7866,LiamMa,1,0.00013,659269,86.99603,757815
7867,liangjh2001,1,0.00013,659270,86.99617,757815
7868,liangzp,1,0.00013,659271,86.99630,757815
7869,liboqiao1234,1,0.00013,659272,86.99643,757815
7870,lichuang,1,0.00013,659273,86.99656,757815
7871,lihang-peloton,1,0.00013,659274,86.99669,757815
7872,lihuibng,1,0.00013,659275,86.99683,757815
7873,LikvidJozsi,1,0.00013,659276,86.99696,757815
7874,lileishitou,1,0.00013,659277,86.99709,757815
7875,lily-gao,1,0.00013,659278,86.99722,757815
7876,LilyShevchenko,1,0.00013,659279,86.99735,757815
7877,limenutt,1,0.00013,659280,86.99749,757815
7878,limyenkai,1,0.00013,659281,86.99762,757815
7879,linchpinlin,1,0.00013,659282,86.99775,757815
7880,lindu2770,1,0.00013,659283,86.99788,757815
7881,Linlinzhao,1,0.00013,659284,86.99801,757815
7882,Linn3a,1,0.00013,659285,86.99815,757815
7883,linusbiostat,1,0.00013,659286,86.99828,757815
7884,lionkunonly,1,0.00013,659287,86.99841,757815
7885,liquidnode,1,0.00013,659288,86.99854,757815
7886,lishiqianhugh,1,0.00013,659289,86.99867,757815
7887,littlecatheart,1,0.00013,659290,86.99881,757815
7888,littlesevenmo,1,0.00013,659291,86.99894,757815
7889,little-shiba,1,0.00013,659292,86.99907,757815
7890,littlethumb123,1,0.00013,659293,86.99920,757815
7891,LiuHao625,1,0.00013,659294,86.99933,757815
7892,liujilei156231,1,0.00013,659295,86.99947,757815
7893,LIUKAI0815,1,0.00013,659296,86.99960,757815
7894,liu-shaojun,1,0.00013,659297,86.99973,757815
7895,Liusixuuu,1,0.00013,659298,86.99986,757815
7896,liuxh2603,1,0.00013,659299,86.99999,757815
7897,liuxh62,1,0.00013,659300,87.00013,757815
7898,liuyixin-louis,1,0.00013,659301,87.00026,757815
7899,liuzhy71,1,0.00013,659302,87.00039,757815
7900,lizeyan,1,0.00013,659303,87.00052,757815
7901,LjessonS,1,0.00013,659304,87.00065,757815
7902,llango,1,0.00013,659305,87.00079,757815
7903,llkongs,1,0.00013,659306,87.00092,757815
7904,lllAlexanderlll,1,0.00013,659307,87.00105,757815
7905,Lmathesen,1,0.00013,659308,87.00118,757815
7906,lmx760581375,1,0.00013,659309,87.00131,757815
7907,lobachevzky,1,0.00013,659310,87.00144,757815
7908,LoganZz,1,0.00013,659311,87.00158,757815
7909,lolitsgab,1,0.00013,659312,87.00171,757815
7910,lomas,1,0.00013,659313,87.00184,757815
7911,LondonAppDev,1,0.00013,659314,87.00197,757815
7912,LopezCastroRoberto,1,0.00013,659315,87.00210,757815
7913,LorenzoBottaccioli,1,0.00013,659316,87.00224,757815
7914,LorenzoCevolani,1,0.00013,659317,87.00237,757815
7915,LorenzoMattia,1,0.00013,659318,87.00250,757815
7916,Lorry1123,1,0.00013,659319,87.00263,757815
7917,LosSherl,1,0.00013,659320,87.00276,757815
7918,Lothiraldan,1,0.00013,659321,87.00290,757815
7919,louis-shao-ts,1,0.00013,659322,87.00303,757815
7920,Louis-Zhu,1,0.00013,659323,87.00316,757815
7921,lovesthaitea,1,0.00013,659324,87.00329,757815
7922,lpfhs,1,0.00013,659325,87.00342,757815
7923,lq2030,1,0.00013,659326,87.00356,757815
7924,lrnv,1,0.00013,659327,87.00369,757815
7925,lrsheldon,1,0.00013,659328,87.00382,757815
7926,ls3030,1,0.00013,659329,87.00395,757815
7927,lsb,1,0.00013,659330,87.00408,757815
7928,lsisoft,1,0.00013,659331,87.00422,757815
7929,lssr,1,0.00013,659332,87.00435,757815
7930,LSX-Sneakerprogrammer,1,0.00013,659333,87.00448,757815
7931,luca310795,1,0.00013,659334,87.00461,757815
7932,lucafossen,1,0.00013,659335,87.00474,757815
7933,lucasalavapena,1,0.00013,659336,87.00488,757815
7934,lucasescucha,1,0.00013,659337,87.00501,757815
7935,lucaspeng12138,1,0.00013,659338,87.00514,757815
7936,luckyyangrun,1,0.00013,659339,87.00527,757815
7937,LudoHackathon,1,0.00013,659340,87.00540,757815
7938,LuisFelipeLeivaH,1,0.00013,659341,87.00554,757815
7939,luizanao,1,0.00013,659342,87.00567,757815
7940,lukasheuer,1,0.00013,659343,87.00580,757815
7941,lukaszkn,1,0.00013,659344,87.00593,757815
7942,lukaszsurfer,1,0.00013,659345,87.00606,757815
7943,lukaszwawrzyk,1,0.00013,659346,87.00620,757815
7944,lulugoodcoder,1,0.00013,659347,87.00633,757815
7945,luminoctum,1,0.00013,659348,87.00646,757815
7946,lunce-lab,1,0.00013,659349,87.00659,757815
7947,luoqm6,1,0.00013,659350,87.00672,757815
7948,luozhengdong,1,0.00013,659351,87.00686,757815
7949,Luozujian,1,0.00013,659352,87.00699,757815
7950,lupan2005,1,0.00013,659353,87.00712,757815
7951,Luukgr,1,0.00013,659354,87.00725,757815
7952,lvhuiwei,1,0.00013,659355,87.00738,757815
7953,lvoursl,1,0.00013,659356,87.00752,757815
7954,lvyanru8200,1,0.00013,659357,87.00765,757815
7955,lw394,1,0.00013,659358,87.00778,757815
7956,lwx25,1,0.00013,659359,87.00791,757815
7957,lx38324,1,0.00013,659360,87.00804,757815
7958,lynnliu030,1,0.00013,659361,87.00817,757815
7959,LY-today,1,0.00013,659362,87.00831,757815
7960,lyx0213,1,0.00013,659363,87.00844,757815
7961,L-Z-7,1,0.00013,659364,87.00857,757815
7962,lzy37ld,1,0.00013,659365,87.00870,757815
7963,m3at,1,0.00013,659366,87.00883,757815
7964,ma002726,1,0.00013,659367,87.00897,757815
7965,maartens1991,1,0.00013,659368,87.00910,757815
7966,mach881040,1,0.00013,659369,87.00923,757815
7967,Mackee123ed,1,0.00013,659370,87.00936,757815
7968,macsmitty,1,0.00013,659371,87.00949,757815
7969,MadcowD,1,0.00013,659372,87.00963,757815
7970,maddy2u,1,0.00013,659373,87.00976,757815
7971,MadFunMaker,1,0.00013,659374,87.00989,757815
7972,madhavi1102,1,0.00013,659375,87.01002,757815
7973,madScientist10,1,0.00013,659376,87.01015,757815
7974,madsenwattiq,1,0.00013,659377,87.01029,757815
7975,MAFLIXD,1,0.00013,659378,87.01042,757815
7976,magaboomchen,1,0.00013,659379,87.01055,757815
7977,magdapoppins,1,0.00013,659380,87.01068,757815
7978,mageofboy,1,0.00013,659381,87.01081,757815
7979,magerstein,1,0.00013,659382,87.01095,757815
7980,maggielkx,1,0.00013,659383,87.01108,757815
7981,Magicskys,1,0.00013,659384,87.01121,757815
7982,Mahaha22,1,0.00013,659385,87.01134,757815
7983,mahanh,1,0.00013,659386,87.01147,757815
7984,mahao18cm,1,0.00013,659387,87.01161,757815
7985,MahdiALLALA,1,0.00013,659388,87.01174,757815
7986,mahdibeit,1,0.00013,659389,87.01187,757815
7987,mahmedk,1,0.00013,659390,87.01200,757815
7988,MajedurRahman,1,0.00013,659391,87.01213,757815
7989,Makan-Ar,1,0.00013,659392,87.01227,757815
7990,makisdash,1,0.00013,659393,87.01240,757815
7991,MaksymPetyak,1,0.00013,659394,87.01253,757815
7992,Malathi15,1,0.00013,659395,87.01266,757815
7993,maldil,1,0.00013,659396,87.01279,757815
7994,malhotra18,1,0.00013,659397,87.01293,757815
7995,man469,1,0.00013,659398,87.01306,757815
7996,manasvitickoo17,1,0.00013,659399,87.01319,757815
7997,manatax,1,0.00013,659400,87.01332,757815
7998,mangeshkaslikar,1,0.00013,659401,87.01345,757815
7999,mangohehe,1,0.00013,659402,87.01359,757815
8000,mangopy,1,0.00013,659403,87.01372,757815
8001,MannXo,1,0.00013,659404,87.01385,757815
8002,ManosMagnus,1,0.00013,659405,87.01398,757815
8003,Mansuete,1,0.00013,659406,87.01411,757815
8004,mansur007,1,0.00013,659407,87.01424,757815
8005,ManuelMorente,1,0.00013,659408,87.01438,757815
8006,manyuanbin,1,0.00013,659409,87.01451,757815
8007,Mao771,1,0.00013,659410,87.01464,757815
8008,maofagui,1,0.00013,659411,87.01477,757815
8009,maraoz,1,0.00013,659412,87.01490,757815
8010,marcelo-antonio-nunes,1,0.00013,659413,87.01504,757815
8011,marcmm,1,0.00013,659414,87.01517,757815
8012,Marco-Macedo,1,0.00013,659415,87.01530,757815
8013,MarcSpeckmann,1,0.00013,659416,87.01543,757815
8014,Marcus-Anestad,1,0.00013,659417,87.01556,757815
8015,marian-code,1,0.00013,659418,87.01570,757815
8016,marifamd,1,0.00013,659419,87.01583,757815
8017,marisbasha,1,0.00013,659420,87.01596,757815
8018,MarkCarbonell98,1,0.00013,659421,87.01609,757815
8019,markf94,1,0.00013,659422,87.01622,757815
8020,markoov,1,0.00013,659423,87.01636,757815
8021,marksimi,1,0.00013,659424,87.01649,757815
8022,marksirvine,1,0.00013,659425,87.01662,757815
8023,markwu010,1,0.00013,659426,87.01675,757815
8024,Mark-Wu2003,1,0.00013,659427,87.01688,757815
8025,MarlonAbeykoon,1,0.00013,659428,87.01702,757815
8026,MARMOTatZJU,1,0.00013,659429,87.01715,757815
8027,MartinBubel,1,0.00013,659430,87.01728,757815
8028,MartinGraive,1,0.00013,659431,87.01741,757815
8029,Martin-happy,1,0.00013,659432,87.01754,757815
8030,MartinLeedotOrg,1,0.00013,659433,87.01768,757815
8031,Martin-Molinero,1,0.00013,659434,87.01781,757815
8032,marunava21,1,0.00013,659435,87.01794,757815
8033,marvinxu-free,1,0.00013,659436,87.01807,757815
8034,MarylineChen,1,0.00013,659437,87.01820,757815
8035,marysbitcoins,1,0.00013,659438,87.01834,757815
8036,masariello,1,0.00013,659439,87.01847,757815
8037,m-a-sch,1,0.00013,659440,87.01860,757815
8038,MaskRay,1,0.00013,659441,87.01873,757815
8039,masterdezign,1,0.00013,659442,87.01886,757815
8040,MasterXiong,1,0.00013,659443,87.01900,757815
8041,matake01,1,0.00013,659444,87.01913,757815
8042,matanster,1,0.00013,659445,87.01926,757815
8043,matejpekar,1,0.00013,659446,87.01939,757815
8044,mathewdhogan,1,0.00013,659447,87.01952,757815
8045,MatiasCovarrubias,1,0.00013,659448,87.01966,757815
8046,Matkicail,1,0.00013,659449,87.01979,757815
8047,matrixoneken,1,0.00013,659450,87.01992,757815
8048,MattDelac,1,0.00013,659451,87.02005,757815
8049,mattsgithub,1,0.00013,659452,87.02018,757815
8050,MattSkiff,1,0.00013,659453,87.02031,757815
8051,maurerle,1,0.00013,659454,87.02045,757815
8052,MauricioGS99,1,0.00013,659455,87.02058,757815
8053,mavam,1,0.00013,659456,87.02071,757815
8054,Maverobot,1,0.00013,659457,87.02084,757815
8055,maxall41,1,0.00013,659458,87.02097,757815
8056,maximilianreimer,1,0.00013,659459,87.02111,757815
8057,maxiwelian,1,0.00013,659460,87.02124,757815
8058,maxjr82,1,0.00013,659461,87.02137,757815
8059,maxsnijders,1,0.00013,659462,87.02150,757815
8060,maxwass,1,0.00013,659463,87.02163,757815
8061,maybe-otski,1,0.00013,659464,87.02177,757815
8062,Mayurji,1,0.00013,659465,87.02190,757815
8063,mayyank-dpa,1,0.00013,659466,87.02203,757815
8064,mbalassi,1,0.00013,659467,87.02216,757815
8065,mbelalsh,1,0.00013,659468,87.02229,757815
8066,Mbmfc,1,0.00013,659469,87.02243,757815
8067,mbtx2,1,0.00013,659470,87.02256,757815
8068,mburaksayici,1,0.00013,659471,87.02269,757815
8069,mbusch-regis,1,0.00013,659472,87.02282,757815
8070,mcd01,1,0.00013,659473,87.02295,757815
8071,mces89,1,0.00013,659474,87.02309,757815
8072,mcflem06,1,0.00013,659475,87.02322,757815
8073,mcharlou,1,0.00013,659476,87.02335,757815
8074,mdalvi,1,0.00013,659477,87.02348,757815
8075,mdr223,1,0.00013,659478,87.02361,757815
8076,mdwint,1,0.00013,659479,87.02375,757815
8077,mean-world,1,0.00013,659480,87.02388,757815
8078,meastham,1,0.00013,659481,87.02401,757815
8079,mecotiere,1,0.00013,659482,87.02414,757815
8080,medakk,1,0.00013,659483,87.02427,757815
8081,MedhaviMonish,1,0.00013,659484,87.02441,757815
8082,Medkne,1,0.00013,659485,87.02454,757815
8083,medram,1,0.00013,659486,87.02467,757815
8084,meghendra6,1,0.00013,659487,87.02480,757815
8085,mehdouch,1,0.00013,659488,87.02493,757815
8086,MehulBatra,1,0.00013,659489,87.02507,757815
8087,meijiesky,1,0.00013,659490,87.02520,757815
8088,mengjie09,1,0.00013,659491,87.02533,757815
8089,MeravHL,1,0.00013,659492,87.02546,757815
8090,merrymercy,1,0.00013,659493,87.02559,757815
8091,metalcycling,1,0.00013,659494,87.02573,757815
8092,Metalcycling,1,0.00013,659495,87.02586,757815
8093,mez171,1,0.00013,659496,87.02599,757815
8094,mezuzza,1,0.00013,659497,87.02612,757815
8095,mforhad,1,0.00013,659498,87.02625,757815
8096,mg2015started,1,0.00013,659499,87.02639,757815
8097,mgharbi,1,0.00013,659500,87.02652,757815
8098,mgrange1998,1,0.00013,659501,87.02665,757815
8099,mhauskn,1,0.00013,659502,87.02678,757815
8100,mhgump,1,0.00013,659503,87.02691,757815
8101,miannini,1,0.00013,659504,87.02704,757815
8102,micahcarroll,1,0.00013,659505,87.02718,757815
8103,micaleel,1,0.00013,659506,87.02731,757815
8104,michael0521,1,0.00013,659507,87.02744,757815
8105,michaelarman,1,0.00013,659508,87.02757,757815
8106,michaelhoyer,1,0.00013,659509,87.02770,757815
8107,michaelliutt,1,0.00013,659510,87.02784,757815
8108,michael-loewenstein,1,0.00013,659511,87.02797,757815
8109,michael-pryor,1,0.00013,659512,87.02810,757815
8110,MichaelRazum,1,0.00013,659513,87.02823,757815
8111,michaelrwarner,1,0.00013,659514,87.02836,757815
8112,michaelzimmet,1,0.00013,659515,87.02850,757815
8113,michalgregor,1,0.00013,659516,87.02863,757815
8114,MichalPitr,1,0.00013,659517,87.02876,757815
8115,michcald,1,0.00013,659518,87.02889,757815
8116,mickare,1,0.00013,659519,87.02902,757815
8117,Microgorath,1,0.00013,659520,87.02916,757815
8118,mightyking7,1,0.00013,659521,87.02929,757815
8119,miguel-angel-monjas,1,0.00013,659522,87.02942,757815
8120,MiguelTerraNeves,1,0.00013,659523,87.02955,757815
8121,miguelwon,1,0.00013,659524,87.02968,757815
8122,mihaic,1,0.00013,659525,87.02982,757815
8123,MihailSalnikov,1,0.00013,659526,87.02995,757815
8124,MihaMuskinja,1,0.00013,659527,87.03008,757815
8125,mike179179,1,0.00013,659528,87.03021,757815
8126,mike-athene,1,0.00013,659529,87.03034,757815
8127,mikebranski,1,0.00013,659530,87.03048,757815
8128,mikeguyon98,1,0.00013,659531,87.03061,757815
8129,mikemikimike,1,0.00013,659532,87.03074,757815
8130,mikepcw,1,0.00013,659533,87.03087,757815
8131,mikeweltevrede,1,0.00013,659534,87.03100,757815
8132,Mikkel84,1,0.00013,659535,87.03114,757815
8133,mikkelfj,1,0.00013,659536,87.03127,757815
8134,MiksVasiljevs,1,0.00013,659537,87.03140,757815
8135,MiladInk,1,0.00013,659538,87.03153,757815
8136,milind7777,1,0.00013,659539,87.03166,757815
8137,millermuttu,1,0.00013,659540,87.03180,757815
8138,miloszwatroba,1,0.00013,659541,87.03193,757815
8139,miluoalbert,1,0.00013,659542,87.03206,757815
8140,mimosapudical,1,0.00013,659543,87.03219,757815
8141,mincai,1,0.00013,659544,87.03232,757815
8142,mindful-time,1,0.00013,659545,87.03246,757815
8143,Ming1309,1,0.00013,659546,87.03259,757815
8144,mingfeisun,1,0.00013,659547,87.03272,757815
8145,mingju88D,1,0.00013,659548,87.03285,757815
8146,Mingrui-Yu,1,0.00013,659549,87.03298,757815
8147,minitr,1,0.00013,659550,87.03311,757815
8148,minosvasilias,1,0.00013,659551,87.03325,757815
8149,minus--,1,0.00013,659552,87.03338,757815
8150,Minxiangliu,1,0.00013,659553,87.03351,757815
8151,mirajull,1,0.00013,659554,87.03364,757815
8152,misbahfhm,1,0.00013,659555,87.03377,757815
8153,misiekzap,1,0.00013,659556,87.03391,757815
8154,Missourl,1,0.00013,659557,87.03404,757815
8155,mitanshu7,1,0.00013,659558,87.03417,757815
8156,mittag,1,0.00013,659559,87.03430,757815
8157,mixxen,1,0.00013,659560,87.03443,757815
8158,mJones00,1,0.00013,659561,87.03457,757815
8159,mjsonofharry,1,0.00013,659562,87.03470,757815
8160,mjspeck,1,0.00013,659563,87.03483,757815
8161,mjuric,1,0.00013,659564,87.03496,757815
8162,mkarbo,1,0.00013,659565,87.03509,757815
8163,mkeckjr,1,0.00013,659566,87.03523,757815
8164,mklifo,1,0.00013,659567,87.03536,757815
8165,mkolyaei,1,0.00013,659568,87.03549,757815
8166,mkvakic-srce,1,0.00013,659569,87.03562,757815
8167,mlappelbaum,1,0.00013,659570,87.03575,757815
8168,mlubej,1,0.00013,659571,87.03589,757815
8169,mmbejani,1,0.00013,659572,87.03602,757815
8170,mmcclean-aws,1,0.00013,659573,87.03615,757815
8171,mmisono,1,0.00013,659574,87.03628,757815
8172,mmustafasenoglu,1,0.00013,659575,87.03641,757815
8173,mntan3,1,0.00013,659576,87.03655,757815
8174,mochangheng,1,0.00013,659577,87.03668,757815
8175,moganli,1,0.00013,659578,87.03681,757815
8176,mohammad1234,1,0.00013,659579,87.03694,757815
8177,moiz-naeem,1,0.00013,659580,87.03707,757815
8178,Mo-Jiao,1,0.00013,659581,87.03721,757815
8179,moni9t6,1,0.00013,659582,87.03734,757815
8180,MonkeyCMonkeyD0,1,0.00013,659583,87.03747,757815
8181,MonliH,1,0.00013,659584,87.03760,757815
8182,monney,1,0.00013,659585,87.03773,757815
8183,MonolithFoundation,1,0.00013,659586,87.03787,757815
8184,monsieurzhang,1,0.00013,659587,87.03800,757815
8185,Morefrees,1,0.00013,659588,87.03813,757815
8186,MoritzWillmann,1,0.00013,659589,87.03826,757815
8187,mortbopet,1,0.00013,659590,87.03839,757815
8188,mortenhoyer,1,0.00013,659591,87.03853,757815
8189,MortezaIsvand,1,0.00013,659592,87.03866,757815
8190,Mortimerp9,1,0.00013,659593,87.03879,757815
8191,moured,1,0.00013,659594,87.03892,757815
8192,mrbazzik,1,0.00013,659595,87.03905,757815
8193,MrDarcy1,1,0.00013,659596,87.03919,757815
8194,mrdrms,1,0.00013,659597,87.03932,757815
8195,mreyarea-fy,1,0.00013,659598,87.03945,757815
8196,mrfox321,1,0.00013,659599,87.03958,757815
8197,mrhoody,1,0.00013,659600,87.03971,757815
8198,mriganktiwari,1,0.00013,659601,87.03984,757815
8199,MrityunjoyS,1,0.00013,659602,87.03998,757815
8200,MrNeoBlue,1,0.00013,659603,87.04011,757815
8201,mronda,1,0.00013,659604,87.04024,757815
8202,mrrobby,1,0.00013,659605,87.04037,757815
8203,msaaduet98,1,0.00013,659606,87.04050,757815
8204,msamadony,1,0.00013,659607,87.04064,757815
8205,m-samland,1,0.00013,659608,87.04077,757815
8206,msat59,1,0.00013,659609,87.04090,757815
8207,mshunshin,1,0.00013,659610,87.04103,757815
8208,msingh0101,1,0.00013,659611,87.04116,757815
8209,mskoh52,1,0.00013,659612,87.04130,757815
8210,ms-lolo,1,0.00013,659613,87.04143,757815
8211,msloma144,1,0.00013,659614,87.04156,757815
8212,msminhas93,1,0.00013,659615,87.04169,757815
8213,mstfbl,1,0.00013,659616,87.04182,757815
8214,msw0126,1,0.00013,659617,87.04196,757815
8215,mthnguyen01,1,0.00013,659618,87.04209,757815
8216,mtkumar123,1,0.00013,659619,87.04222,757815
8217,mturk24,1,0.00013,659620,87.04235,757815
8218,mucheng2035,1,0.00013,659621,87.04248,757815
8219,mucstdio,1,0.00013,659622,87.04262,757815
8220,mudassirshiekh,1,0.00013,659623,87.04275,757815
8221,Muennighoff,1,0.00013,659624,87.04288,757815
8222,MuhammadHadiofficial,1,0.00013,659625,87.04301,757815
8223,MuhammadSaif700,1,0.00013,659626,87.04314,757815
8224,MuliMuri,1,0.00013,659627,87.04328,757815
8225,mullerhe,1,0.00013,659628,87.04341,757815
8226,munro,1,0.00013,659629,87.04354,757815
8227,Murphy-OrangeMud,1,0.00013,659630,87.04367,757815
8228,musicaudience,1,0.00013,659631,87.04380,757815
8229,mustafaKus,1,0.00013,659632,87.04394,757815
8230,mustafaKus02,1,0.00013,659633,87.04407,757815
8231,mv96,1,0.00013,659634,87.04420,757815
8232,mvccn,1,0.00013,659635,87.04433,757815
8233,mvillarreal14,1,0.00013,659636,87.04446,757815
8234,mvphilip,1,0.00013,659637,87.04460,757815
8235,mwc360,1,0.00013,659638,87.04473,757815
8236,mwhittaker,1,0.00013,659639,87.04486,757815
8237,mwilby-dendra,1,0.00013,659640,87.04499,757815
8238,mx8435,1,0.00013,659641,87.04512,757815
8239,mxuran,1,0.00013,659642,87.04526,757815
8240,Mystorius,1,0.00013,659643,87.04539,757815
8241,mytharcher,1,0.00013,659644,87.04552,757815
8242,mzy2240,1,0.00013,659645,87.04565,757815
8243,n0kovo,1,0.00013,659646,87.04578,757815
8244,n12c,1,0.00013,659647,87.04591,757815
8245,nabeelpredmac,1,0.00013,659648,87.04605,757815
8246,nadav-jac,1,0.00013,659649,87.04618,757815
8247,Nagnus,1,0.00013,659650,87.04631,757815
8248,NaIwo,1,0.00013,659651,87.04644,757815
8249,naixor,1,0.00013,659652,87.04657,757815
8250,najamrehman,1,0.00013,659653,87.04671,757815
8251,najaweed,1,0.00013,659654,87.04684,757815
8252,naji-s,1,0.00013,659655,87.04697,757815
8253,nalyat,1,0.00013,659656,87.04710,757815
8254,namhhnguyen,1,0.00013,659657,87.04723,757815
8255,namiyousef,1,0.00013,659658,87.04737,757815
8256,NaNAGISaSA,1,0.00013,659659,87.04750,757815
8257,nanohanno,1,0.00013,659660,87.04763,757815
8258,narendranathchalla,1,0.00013,659661,87.04776,757815
8259,naren-ponder,1,0.00013,659662,87.04789,757815
8260,naresheslavath60,1,0.00013,659663,87.04803,757815
8261,narukihto,1,0.00013,659664,87.04816,757815
8262,NasserBenabderrazikSonos,1,0.00013,659665,87.04829,757815
8263,NastiyaM,1,0.00013,659666,87.04842,757815
8264,nateewall,1,0.00013,659667,87.04855,757815
8265,nateyoder,1,0.00013,659668,87.04869,757815
8266,nathanin,1,0.00013,659669,87.04882,757815
8267,nathanredmond123,1,0.00013,659670,87.04895,757815
8268,natmod,1,0.00013,659671,87.04908,757815
8269,NaveenVinayakS,1,0.00013,659672,87.04921,757815
8270,nayash,1,0.00013,659673,87.04935,757815
8271,nbao0208,1,0.00013,659674,87.04948,757815
8272,NBTrong,1,0.00013,659675,87.04961,757815
8273,nd7141,1,0.00013,659676,87.04974,757815
8274,NEB93,1,0.00013,659677,87.04987,757815
8275,nebraswarsi,1,0.00013,659678,87.05001,757815
8276,neex,1,0.00013,659679,87.05014,757815
8277,nemo9cby,1,0.00013,659680,87.05027,757815
8278,NemoAir,1,0.00013,659681,87.05040,757815
8279,neocxi,1,0.00013,659682,87.05053,757815
8280,NeoLaurens,1,0.00013,659683,87.05067,757815
8281,NeonRST,1,0.00013,659684,87.05080,757815
8282,neumann-nico,1,0.00013,659685,87.05093,757815
8283,nexoracontrol-ops,1,0.00013,659686,87.05106,757815
8284,nfusionz,1,0.00013,659687,87.05119,757815
8285,NguyenAn05,1,0.00013,659688,87.05133,757815
8286,Nguyennnm,1,0.00013,659689,87.05146,757815
8287,ngzk-tsubasa,1,0.00013,659690,87.05159,757815
8288,nhaocalgary,1,0.00013,659691,87.05172,757815
8289,nhha1602,1,0.00013,659692,87.05185,757815
8290,Nick346-surf,1,0.00013,659693,87.05198,757815
8291,nickhil-g,1,0.00013,659694,87.05212,757815
8292,NicolasSchuler,1,0.00013,659695,87.05225,757815
8293,NicoleRichards1998,1,0.00013,659696,87.05238,757815
8294,nidhishs,1,0.00013,659697,87.05251,757815
8295,niels-phare,1,0.00013,659698,87.05264,757815
8296,nielsson4711,1,0.00013,659699,87.05278,757815
8297,Nier4Ryu,1,0.00013,659700,87.05291,757815
8298,nightlessbaron,1,0.00013,659701,87.05304,757815
8299,nihar1982,1,0.00013,659702,87.05317,757815
8300,nihirv,1,0.00013,659703,87.05330,757815
8301,NikAleksFed,1,0.00013,659704,87.05344,757815
8302,NikhilKothari,1,0.00013,659705,87.05357,757815
8303,nikikotecha,1,0.00013,659706,87.05370,757815
8304,Nikita-Dudorov,1,0.00013,659707,87.05383,757815
8305,NikolayTV,1,0.00013,659708,87.05396,757815
8306,Nik-Reddy,1,0.00013,659709,87.05410,757815
8307,NIK-TIGER-BILL,1,0.00013,659710,87.05423,757815
8308,nikunjgit,1,0.00013,659711,87.05436,757815
8309,nilabha,1,0.00013,659712,87.05449,757815
8310,NilakshanKunananthaseelan,1,0.00013,659713,87.05462,757815
8311,nilsec,1,0.00013,659714,87.05476,757815
8312,nilsmelchert,1,0.00013,659715,87.05489,757815
8313,nima20002000,1,0.00013,659716,87.05502,757815
8314,nima-rezaeian-ai,1,0.00013,659717,87.05515,757815
8315,ninamiolane,1,0.00013,659718,87.05528,757815
8316,ninnghazad,1,0.00013,659719,87.05542,757815
8317,Niqnil,1,0.00013,659720,87.05555,757815
8318,nirnayroy,1,0.00013,659721,87.05568,757815
8319,NirZarrabi,1,0.00013,659722,87.05581,757815
8320,nisarkhanatwork,1,0.00013,659723,87.05594,757815
8321,nitin-ppnp,1,0.00013,659724,87.05608,757815
8322,nitsan57,1,0.00013,659725,87.05621,757815
8323,nityanandkore,1,0.00013,659726,87.05634,757815
8324,NJannasch,1,0.00013,659727,87.05647,757815
8325,njgerner,1,0.00013,659728,87.05660,757815
8326,nkaenzig,1,0.00013,659729,87.05674,757815
8327,nlinc1905,1,0.00013,659730,87.05687,757815
8328,n-mat,1,0.00013,659731,87.05700,757815
8329,nnmt2810,1,0.00013,659732,87.05713,757815
8330,noachr,1,0.00013,659733,87.05726,757815
8331,noahshpak,1,0.00013,659734,87.05740,757815
8332,nonameforpirate2,1,0.00013,659735,87.05753,757815
8333,Noobzik,1,0.00013,659736,87.05766,757815
8334,NoOverflow,1,0.00013,659737,87.05779,757815
8335,no-ponomarev,1,0.00013,659738,87.05792,757815
8336,NorwegianGoat,1,0.00013,659739,87.05806,757815
8337,notjacobjun,1,0.00013,659740,87.05819,757815
8338,npitsillos,1,0.00013,659741,87.05832,757815
8339,nrclaudio,1,0.00013,659742,87.05845,757815
8340,nrhodes-asapp,1,0.00013,659743,87.05858,757815
8341,nsaadhvi,1,0.00013,659744,87.05871,757815
8342,nschrader,1,0.00013,659745,87.05885,757815
8343,nthai,1,0.00013,659746,87.05898,757815
8344,nthnluu,1,0.00013,659747,87.05911,757815
8345,nthoang124,1,0.00013,659748,87.05924,757815
8346,ntindle,1,0.00013,659749,87.05937,757815
8347,ntlm1686,1,0.00013,659750,87.05951,757815
8348,ntsang-riot,1,0.00013,659751,87.05964,757815
8349,NUIST-elite,1,0.00013,659752,87.05977,757815
8350,nuocbiendang12,1,0.00013,659753,87.05990,757815
8351,nybbles,1,0.00013,659754,87.06003,757815
8352,nyngwang,1,0.00013,659755,87.06017,757815
8353,nyumaple,1,0.00013,659756,87.06030,757815
8354,OAfzal,1,0.00013,659757,87.06043,757815
8355,oakca,1,0.00013,659758,87.06056,757815
8356,oakkas,1,0.00013,659759,87.06069,757815
8357,ocassetti,1,0.00013,659760,87.06083,757815
8358,oeway,1,0.00013,659761,87.06096,757815
8359,off99555,1,0.00013,659762,87.06109,757815
8360,offendo,1,0.00013,659763,87.06122,757815
8361,okvlam,1,0.00013,659764,87.06135,757815
8362,Olamyy,1,0.00013,659765,87.06149,757815
8363,oldmonk101,1,0.00013,659766,87.06162,757815
8364,Olexandr88,1,0.00013,659767,87.06175,757815
8365,oliver29520,1,0.00013,659768,87.06188,757815
8366,oliversefrin,1,0.00013,659769,87.06201,757815
8367,Oliver-ss,1,0.00013,659770,87.06215,757815
8368,olivetree123,1,0.00013,659771,87.06228,757815
8369,olivierp9,1,0.00013,659772,87.06241,757815
8370,ollieglass,1,0.00013,659773,87.06254,757815
8371,olublessed,1,0.00013,659774,87.06267,757815
8372,Omkar4141,1,0.00013,659775,87.06281,757815
8373,omlomloml,1,0.00013,659776,87.06294,757815
8374,OmriLevyTau,1,0.00013,659777,87.06307,757815
8375,omry,1,0.00013,659778,87.06320,757815
8376,omsrisagar,1,0.00013,659779,87.06333,757815
8377,omurammm,1,0.00013,659780,87.06347,757815
8378,oncleJules,1,0.00013,659781,87.06360,757815
8379,onestardao,1,0.00013,659782,87.06373,757815
8380,onthebed,1,0.00013,659783,87.06386,757815
8381,oooart,1,0.00013,659784,87.06399,757815
8382,oooooio,1,0.00013,659785,87.06413,757815
8383,ophiry,1,0.00013,659786,87.06426,757815
8384,orangeH25,1,0.00013,659787,87.06439,757815
8385,orrorcol,1,0.00013,659788,87.06452,757815
8386,orvindemsy,1,0.00013,659789,87.06465,757815
8387,os-a2,1,0.00013,659790,87.06478,757815
8388,osanseviero,1,0.00013,659791,87.06492,757815
8389,oshriPP,1,0.00013,659792,87.06505,757815
8390,ossun,1,0.00013,659793,87.06518,757815
8391,otaviomguerra,1,0.00013,659794,87.06531,757815
8392,OtjuGit,1,0.00013,659795,87.06544,757815
8393,otrivedi,1,0.00013,659796,87.06558,757815
8394,ottofabian,1,0.00013,659797,87.06571,757815
8395,Ouadada,1,0.00013,659798,87.06584,757815
8396,ouissamam,1,0.00013,659799,87.06597,757815
8397,Oveennaat,1,0.00013,659800,87.06610,757815
8398,owoo919,1,0.00013,659801,87.06624,757815
8399,p4ck3t0,1,0.00013,659802,87.06637,757815
8400,paaragon,1,0.00013,659803,87.06650,757815
8401,pableeto,1,0.00013,659804,87.06663,757815
8402,pablogranolabar,1,0.00013,659805,87.06676,757815
8403,pablogsal,1,0.00013,659806,87.06690,757815
8404,pablohidalgoxoople,1,0.00013,659807,87.06703,757815
8405,pablojim,1,0.00013,659808,87.06716,757815
8406,Pabloleec,1,0.00013,659809,87.06729,757815
8407,PaddyK,1,0.00013,659810,87.06742,757815
8408,paipeline,1,0.00013,659811,87.06756,757815
8409,Paippi,1,0.00013,659812,87.06769,757815
8410,Pandapip1,1,0.00013,659813,87.06782,757815
8411,pantelis,1,0.00013,659814,87.06795,757815
8412,PaoPaoYue,1,0.00013,659815,87.06808,757815
8413,papelypluma,1,0.00013,659816,87.06822,757815
8414,papi386,1,0.00013,659817,87.06835,757815
8415,papilloncode,1,0.00013,659818,87.06848,757815
8416,pardisb,1,0.00013,659819,87.06861,757815
8417,parnurzeal,1,0.00013,659820,87.06874,757815
8418,parthvnp,1,0.00013,659821,87.06888,757815
8419,patelilesh32,1,0.00013,659822,87.06901,757815
8420,patina27,1,0.00013,659823,87.06914,757815
8421,patopipp,1,0.00013,659824,87.06927,757815
8422,PatrickFeeney,1,0.00013,659825,87.06940,757815
8423,PatricYan,1,0.00013,659826,87.06954,757815
8424,PatTheSilent,1,0.00013,659827,87.06967,757815
8425,PaulEcoffet,1,0.00013,659828,87.06980,757815
8426,pauleikis,1,0.00013,659829,87.06993,757815
8427,paulfryzel,1,0.00013,659830,87.07006,757815
8428,pavanramkumar,1,0.00013,659831,87.07020,757815
8429,pavelbatyr,1,0.00013,659832,87.07033,757815
8430,pawan-kalligudda,1,0.00013,659833,87.07046,757815
8431,PawelFaron,1,0.00013,659834,87.07059,757815
8432,Pcjmmc,1,0.00013,659835,87.07072,757815
8433,pd2871,1,0.00013,659836,87.07086,757815
8434,pdred,1,0.00013,659837,87.07099,757815
8435,pdwi2020,1,0.00013,659838,87.07112,757815
8436,Peauntyang,1,0.00013,659839,87.07125,757815
8437,pedropgusmao,1,0.00013,659840,87.07138,757815
8438,PeishiJiang,1,0.00013,659841,87.07151,757815
8439,p-enel,1,0.00013,659842,87.07165,757815
8440,PENGUINLIONG,1,0.00013,659843,87.07178,757815
8441,penhauer,1,0.00013,659844,87.07191,757815
8442,penolove,1,0.00013,659845,87.07204,757815
8443,pentschev,1,0.00013,659846,87.07217,757815
8444,percevalw,1,0.00013,659847,87.07231,757815
8445,Pernicies27,1,0.00013,659848,87.07244,757815
8446,peterhcyuen,1,0.00013,659849,87.07257,757815
8447,peterochek,1,0.00013,659850,87.07270,757815
8448,PetrBo,1,0.00013,659851,87.07283,757815
8449,PetrDvoracek,1,0.00013,659852,87.07297,757815
8450,pfcqlj,1,0.00013,659853,87.07310,757815
8451,pgesel-rai,1,0.00013,659854,87.07323,757815
8452,phamhuongtra,1,0.00013,659855,87.07336,757815
8453,PharrellWANG,1,0.00013,659856,87.07349,757815
8454,PHclaw,1,0.00013,659857,87.07363,757815
8455,phetdam,1,0.00013,659858,87.07376,757815
8456,Phibonaccip,1,0.00013,659859,87.07389,757815
8457,PhilipMachineLearning,1,0.00013,659860,87.07402,757815
8458,philippds,1,0.00013,659861,87.07415,757815
8459,philippGraf,1,0.00013,659862,87.07429,757815
8460,PhillipDowney,1,0.00013,659863,87.07442,757815
8461,philsuess,1,0.00013,659864,87.07455,757815
8462,pia-ai,1,0.00013,659865,87.07468,757815
8463,PiaoR,1,0.00013,659866,87.07481,757815
8464,pickymodel,1,0.00013,659867,87.07495,757815
8465,PieReissyet,1,0.00013,659868,87.07508,757815
8466,PieroMacaluso,1,0.00013,659869,87.07521,757815
8467,pierrepeng94-ai,1,0.00013,659870,87.07534,757815
8468,pierre-sigwalt,1,0.00013,659871,87.07547,757815
8469,Pierrick-Pochelu,1,0.00013,659872,87.07561,757815
8470,PietroFerr,1,0.00013,659873,87.07574,757815
8471,pietrolesci,1,0.00013,659874,87.07587,757815
8472,pietromosca1994,1,0.00013,659875,87.07600,757815
8473,piggybox,1,0.00013,659876,87.07613,757815
8474,pikawika,1,0.00013,659877,87.07627,757815
8475,pinak-p,1,0.00013,659878,87.07640,757815
8476,piotrzaleckicr,1,0.00013,659879,87.07653,757815
8477,pitaWu,1,0.00013,659880,87.07666,757815
8478,pjh4993,1,0.00013,659881,87.07679,757815
8479,pkgajulapalli,1,0.00013,659882,87.07693,757815
8480,pksukumar,1,0.00013,659883,87.07706,757815
8481,Pkulyte,1,0.00013,659884,87.07719,757815
8482,platers,1,0.00013,659885,87.07732,757815
8483,pleaseupgradegrpcio,1,0.00013,659886,87.07745,757815
8484,pleiadesian,1,0.00013,659887,87.07758,757815
8485,plv,1,0.00013,659888,87.07772,757815
8486,PMende,1,0.00013,659889,87.07785,757815
8487,p-mishra1,1,0.00013,659890,87.07798,757815
8488,pmoct,1,0.00013,659891,87.07811,757815
8489,pmy0721,1,0.00013,659892,87.07824,757815
8490,pn12,1,0.00013,659893,87.07838,757815
8491,PNaughton,1,0.00013,659894,87.07851,757815
8492,pni-mft,1,0.00013,659895,87.07864,757815
8493,pnp91,1,0.00013,659896,87.07877,757815
8494,pokecheater,1,0.00013,659897,87.07890,757815
8495,poldpold,1,0.00013,659898,87.07904,757815
8496,pollackscience,1,0.00013,659899,87.07917,757815
8497,poodlewars,1,0.00013,659900,87.07930,757815
8498,poquetlpnb,1,0.00013,659901,87.07943,757815
8499,poutyface,1,0.00013,659902,87.07956,757815
8500,pouyahmdn,1,0.00013,659903,87.07970,757815
8501,p-queue,1,0.00013,659904,87.07983,757815
8502,Prab-27,1,0.00013,659905,87.07996,757815
8503,pragun-ananda,1,0.00013,659906,87.08009,757815
8504,prajwal1210,1,0.00013,659907,87.08022,757815
8505,prakanth97,1,0.00013,659908,87.08036,757815
8506,prakharcode,1,0.00013,659909,87.08049,757815
8507,pranav-vempati,1,0.00013,659910,87.08062,757815
8508,pranaymodukuru,1,0.00013,659911,87.08075,757815
8509,PraneshMP,1,0.00013,659912,87.08088,757815
8510,pranith7,1,0.00013,659913,87.08102,757815
8511,prannaykhtech,1,0.00013,659914,87.08115,757815
8512,pranoy-ray,1,0.00013,659915,87.08128,757815
8513,PrateekKumar1709,1,0.00013,659916,87.08141,757815
8514,PratimaGupta,1,0.00013,659917,87.08154,757815
8515,pratos,1,0.00013,659918,87.08168,757815
8516,praveenblr32,1,0.00013,659919,87.08181,757815
8517,prayaspatnaik21,1,0.00013,659920,87.08194,757815
8518,prd-nguyen-vo,1,0.00013,659921,87.08207,757815
8519,PREJANV,1,0.00013,659922,87.08220,757815
8520,Prettyyyyyyyyy,1,0.00013,659923,87.08234,757815
8521,prime-eugene,1,0.00013,659924,87.08247,757815
8522,prinshul,1,0.00013,659925,87.08260,757815
8523,priyamDalmia,1,0.00013,659926,87.08273,757815
8524,prob1995,1,0.00013,659927,87.08286,757815
8525,proboscis,1,0.00013,659928,87.08300,757815
8526,prog-le,1,0.00013,659929,87.08313,757815
8527,proofconcept39,1,0.00013,659930,87.08326,757815
8528,proteos,1,0.00013,659931,87.08339,757815
8529,prudhvin,1,0.00013,659932,87.08352,757815
8530,psaab,1,0.00013,659933,87.08365,757815
8531,psirenny,1,0.00013,659934,87.08379,757815
8532,psklavos1,1,0.00013,659935,87.08392,757815
8533,psteinb,1,0.00013,659936,87.08405,757815
8534,pteric,1,0.00013,659937,87.08418,757815
8535,pulnarayana1,1,0.00013,659938,87.08431,757815
8536,pvmilk,1,0.00013,659939,87.08445,757815
8537,PWhiddy,1,0.00013,659940,87.08458,757815
8538,pyemma,1,0.00013,659941,87.08471,757815
8539,pygongnlp,1,0.00013,659942,87.08484,757815
8540,pythoncrazy,1,0.00013,659943,87.08497,757815
8541,PythonFZ,1,0.00013,659944,87.08511,757815
8542,pythonking6,1,0.00013,659945,87.08524,757815
8543,pzdkn,1,0.00013,659946,87.08537,757815
8544,qassandra,1,0.00013,659947,87.08550,757815
8545,qazi0,1,0.00013,659948,87.08563,757815
8546,qianxuyidian-2018,1,0.00013,659949,87.08577,757815
8547,qiaqiatic,1,0.00013,659950,87.08590,757815
8548,qidi1,1,0.00013,659951,87.08603,757815
8549,qingqiuhe,1,0.00013,659952,87.08616,757815
8550,QingxianLai,1,0.00013,659953,87.08629,757815
8551,QinHuoBin,1,0.00013,659954,87.08643,757815
8552,QiuZiXian,1,0.00013,659955,87.08656,757815
8553,Qiwei97,1,0.00013,659956,87.08669,757815
8554,Qsgz2023ji5ban,1,0.00013,659957,87.08682,757815
8555,quamernasim,1,0.00013,659958,87.08695,757815
8556,QuantumMecha,1,0.00013,659959,87.08709,757815
8557,quao627,1,0.00013,659960,87.08722,757815
8558,quarkpt,1,0.00013,659961,87.08735,757815
8559,quarkzou,1,0.00013,659962,87.08748,757815
8560,QuartoTR,1,0.00013,659963,87.08761,757815
8561,quinnarnold,1,0.00013,659964,87.08775,757815
8562,qureshizawar,1,0.00013,659965,87.08788,757815
8563,qwasko1212,1,0.00013,659966,87.08801,757815
8564,QWQyyy,1,0.00013,659967,87.08814,757815
8565,RaananHadar,1,0.00013,659968,87.08827,757815
8566,raddessi,1,0.00013,659969,87.08841,757815
8567,radi2015,1,0.00013,659970,87.08854,757815
8568,radix0000,1,0.00013,659971,87.08867,757815
8569,RA-DL,1,0.00013,659972,87.08880,757815
8570,rafif-kewmann,1,0.00013,659973,87.08893,757815
8571,raghuvarranvh,1,0.00013,659974,87.08907,757815
8572,rahulbansod519,1,0.00013,659975,87.08920,757815
8573,Rajamohanreddyai,1,0.00013,659976,87.08933,757815
8574,rajatkb,1,0.00013,659977,87.08946,757815
8575,rajexp,1,0.00013,659978,87.08959,757815
8576,rajpatel-fgrovep,1,0.00013,659979,87.08973,757815
8577,rajveer100704,1,0.00013,659980,87.08986,757815
8578,rakataprime,1,0.00013,659981,87.08999,757815
8579,rakeshrm,1,0.00013,659982,87.09012,757815
8580,ramesh-shah75551,1,0.00013,659983,87.09025,757815
8581,RangerNJU,1,0.00013,659984,87.09038,757815
8582,rani-copilot,1,0.00013,659985,87.09052,757815
8583,ranjanprasad96,1,0.00013,659986,87.09065,757815
8584,RaphINSA7,1,0.00013,659987,87.09078,757815
8585,raphtown,1,0.00013,659988,87.09091,757815
8586,raviranak,1,0.00013,659989,87.09104,757815
8587,ravishtiwari-labs,1,0.00013,659990,87.09118,757815
8588,RaviSolanki01,1,0.00013,659991,87.09131,757815
8589,Ray-0403,1,0.00013,659992,87.09144,757815
8590,raycharleston,1,0.00013,659993,87.09157,757815
8591,rbao2018,1,0.00013,659994,87.09170,757815
8592,rbeauchemin,1,0.00013,659995,87.09184,757815
8593,rbhattacharjee-cyber,1,0.00013,659996,87.09197,757815
8594,rbutts-1980,1,0.00013,659997,87.09210,757815
8595,RCdeWit,1,0.00013,659998,87.09223,757815
8596,rchernan-dell,1,0.00013,659999,87.09236,757815
8597,rdeaton-freenome,1,0.00013,660000,87.09250,757815
8598,rdonkin,1,0.00013,660001,87.09263,757815
8599,reactivetype,1,0.00013,660002,87.09276,757815
8600,reasv,1,0.00013,660003,87.09289,757815
8601,recursix,1,0.00013,660004,87.09302,757815
8602,red1239109-cmd,1,0.00013,660005,87.09316,757815
8603,redhatdean,1,0.00013,660006,87.09329,757815
8604,ReedZyd,1,0.00013,660007,87.09342,757815
8605,Reemyos,1,0.00013,660008,87.09355,757815
8606,rein1685,1,0.00013,660009,87.09368,757815
8607,renhehehe,1,0.00013,660010,87.09382,757815
8608,RenShuhuai-Andy,1,0.00013,660011,87.09395,757815
8609,rentom,1,0.00013,660012,87.09408,757815
8610,Repeater9,1,0.00013,660013,87.09421,757815
8611,repelstiltskin,1,0.00013,660014,87.09434,757815
8612,ResidentChief,1,0.00013,660015,87.09448,757815
8613,ressibm,1,0.00013,660016,87.09461,757815
8614,resuly,1,0.00013,660017,87.09474,757815
8615,revantt,1,0.00013,660018,87.09487,757815
8616,revealAi,1,0.00013,660019,87.09500,757815
8617,revit13,1,0.00013,660020,87.09514,757815
8618,rgplaza,1,0.00013,660021,87.09527,757815
8619,ricdeblasis,1,0.00013,660022,87.09540,757815
8620,ricemouse,1,0.00013,660023,87.09553,757815
8621,richardliao,1,0.00013,660024,87.09566,757815
8622,richzw,1,0.00013,660025,87.09580,757815
8623,rickdoq,1,0.00013,660026,87.09593,757815
8624,ricky-ma,1,0.00013,660027,87.09606,757815
8625,ricsonc,1,0.00013,660028,87.09619,757815
8626,rifnyrachman,1,0.00013,660029,87.09632,757815
8627,rikkigouda,1,0.00013,660030,87.09645,757815
8628,rip2503,1,0.00013,660031,87.09659,757815
8629,risboo6909,1,0.00013,660032,87.09672,757815
8630,riteshkr54,1,0.00013,660033,87.09685,757815
8631,ritiksingh100,1,0.00013,660034,87.09698,757815
8632,rivergold,1,0.00013,660035,87.09711,757815
8633,RiWieland,1,0.00013,660036,87.09725,757815
8634,RixinLiu,1,0.00013,660037,87.09738,757815
8635,rk1a,1,0.00013,660038,87.09751,757815
8636,rkelly712,1,0.00013,660039,87.09764,757815
8637,rkruegs123,1,0.00013,660040,87.09777,757815
8638,rkwant-latai,1,0.00013,660041,87.09791,757815
8639,rlnsanz,1,0.00013,660042,87.09804,757815
8640,rmaihge,1,0.00013,660043,87.09817,757815
8641,rmalone1097,1,0.00013,660044,87.09830,757815
8642,rmcsqrd,1,0.00013,660045,87.09843,757815
8643,rmsander,1,0.00013,660046,87.09857,757815
8644,robbypambudi,1,0.00013,660047,87.09870,757815
8645,robertmash2,1,0.00013,660048,87.09883,757815
8646,RobFirth,1,0.00013,660049,87.09896,757815
8647,robmoore,1,0.00013,660050,87.09909,757815
8648,RockStone,1,0.00013,660051,87.09923,757815
8649,rodalbuyeh,1,0.00013,660052,87.09936,757815
8650,roetsa,1,0.00013,660053,87.09949,757815
8651,rohan-1303,1,0.00013,660054,87.09962,757815
8652,RohanAhluwalia,1,0.00013,660055,87.09975,757815
8653,rohan-r-kulkarni,1,0.00013,660056,87.09989,757815
8654,rohantalwadia,1,0.00013,660057,87.10002,757815
8655,rohash123,1,0.00013,660058,87.10015,757815
8656,rohitashbishnoi91,1,0.00013,660059,87.10028,757815
8657,rohitboakde94,1,0.00013,660060,87.10041,757815
8658,rohithill,1,0.00013,660061,87.10055,757815
8659,rohitspujari,1,0.00013,660062,87.10068,757815
8660,RomanCohere,1,0.00013,660063,87.10081,757815
8661,rominf,1,0.00013,660064,87.10094,757815
8662,ron190,1,0.00013,660065,87.10107,757815
8663,RonAd-1,1,0.00013,660066,87.10121,757815
8664,Rosenberg37,1,0.00013,660067,87.10134,757815
8665,roshansridhar,1,0.00013,660068,87.10147,757815
8666,rossstump,1,0.00013,660069,87.10160,757815
8667,rostyboost,1,0.00013,660070,87.10173,757815
8668,roulbac,1,0.00013,660071,87.10187,757815
8669,RoushanakRahmat,1,0.00013,660072,87.10200,757815
8670,rovedream,1,0.00013,660073,87.10213,757815
8671,roverkinz,1,0.00013,660074,87.10226,757815
8672,roydagan,1,0.00013,660075,87.10239,757815
8673,Roymprog,1,0.00013,660076,87.10253,757815
8674,rozsasarpi,1,0.00013,660077,87.10266,757815
8675,rpathade,1,0.00013,660078,87.10279,757815
8676,RRRajput,1,0.00013,660079,87.10292,757815
8677,rsantanna,1,0.00013,660080,87.10305,757815
8678,RSBhoomika,1,0.00013,660081,87.10318,757815
8679,rschiewer,1,0.00013,660082,87.10332,757815
8680,rsgrewal-aws,1,0.00013,660083,87.10345,757815
8681,RSkavuri,1,0.00013,660084,87.10358,757815
8682,RUANLASS,1,0.00013,660085,87.10371,757815
8683,rubayetalamnse,1,0.00013,660086,87.10384,757815
8684,rubick1896,1,0.00013,660087,87.10398,757815
8685,Rubydesic,1,0.00013,660088,87.10411,757815
8686,RuiLi-5413,1,0.00013,660089,87.10424,757815
8687,ruleGreen,1,0.00013,660090,87.10437,757815
8688,runderwoodcr14,1,0.00013,660091,87.10450,757815
8689,ruoruoniao,1,0.00013,660092,87.10464,757815
8690,rusiaaman,1,0.00013,660093,87.10477,757815
8691,RvlxHunter,1,0.00013,660094,87.10490,757815
8692,rwa,1,0.00013,660095,87.10503,757815
8693,rwanderc,1,0.00013,660096,87.10516,757815
8694,Rx-11,1,0.00013,660097,87.10530,757815
8695,ryaghmaie1,1,0.00013,660098,87.10543,757815
8696,RyanCodrai,1,0.00013,660099,87.10556,757815
8697,ryanlmelvin,1,0.00013,660100,87.10569,757815
8698,ryanmspangler,1,0.00013,660101,87.10582,757815
8699,ryanolson,1,0.00013,660102,87.10596,757815
8700,ryansun96,1,0.00013,660103,87.10609,757815
8701,ryo118,1,0.00013,660104,87.10622,757815
8702,sa1g,1,0.00013,660105,87.10635,757815
8703,sabyUWO,1,0.00013,660106,87.10648,757815
8704,sadatnfs,1,0.00013,660107,87.10662,757815
8705,sadrafh,1,0.00013,660108,87.10675,757815
8706,saeidb71,1,0.00013,660109,87.10688,757815
8707,safaieabolfazl,1,0.00013,660110,87.10701,757815
8708,safdark,1,0.00013,660111,87.10714,757815
8709,safersephy,1,0.00013,660112,87.10728,757815
8710,sagaranyscale,1,0.00013,660113,87.10741,757815
8711,sagnik3788,1,0.00013,660114,87.10754,757815
8712,sahewat,1,0.00013,660115,87.10767,757815
8713,sahikagenc,1,0.00013,660116,87.10780,757815
8714,saibalmars,1,0.00013,660117,87.10794,757815
8715,Sai-Suraj-27,1,0.00013,660118,87.10807,757815
8716,SaiTejaMutchi,1,0.00013,660119,87.10820,757815
8717,SaiVinay007,1,0.00013,660120,87.10833,757815
8718,saketh-bandi,1,0.00013,660121,87.10846,757815
8719,sakhanej,1,0.00013,660122,87.10860,757815
8720,sakuray,1,0.00013,660123,87.10873,757815
8721,salaki,1,0.00013,660124,87.10886,757815
8722,Salehbigdeli,1,0.00013,660125,87.10899,757815
8723,salman1993,1,0.00013,660126,87.10912,757815
8724,salmanea,1,0.00013,660127,87.10925,757815
8725,salotz-sitx,1,0.00013,660128,87.10939,757815
8726,salqadri,1,0.00013,660129,87.10952,757815
8727,samanvithms2002,1,0.00013,660130,87.10965,757815
8728,samarthsarin,1,0.00013,660131,87.10978,757815
8729,samatix,1,0.00013,660132,87.10991,757815
8730,sameet96,1,0.00013,660133,87.11005,757815
8731,samgoldman97,1,0.00013,660134,87.11018,757815
8732,Sampan S Nayak,1,0.00013,660135,87.11031,757815
8733,sams-data,1,0.00013,660136,87.11044,757815
8734,SamuelBroughton,1,0.00013,660137,87.11057,757815
8735,samuelkaufman,1,0.00013,660138,87.11071,757815
8736,samvelyan,1,0.00013,660139,87.11084,757815
8737,samyakjain10,1,0.00013,660140,87.11097,757815
8738,samyuyagati,1,0.00013,660141,87.11110,757815
8739,sandeepkumar-skb,1,0.00013,660142,87.11123,757815
8740,sanderland,1,0.00013,660143,87.11137,757815
8741,SandorSeres,1,0.00013,660144,87.11150,757815
8742,sanjana-narayanan,1,0.00013,660145,87.11163,757815
8743,sanyoggupta,1,0.00013,660146,87.11176,757815
8744,sarckk,1,0.00013,660147,87.11189,757815
8745,SashankBalusu,1,0.00013,660148,87.11203,757815
8746,sashkent3,1,0.00013,660149,87.11216,757815
8747,satishdash,1,0.00013,660150,87.11229,757815
8748,satyarao-epi,1,0.00013,660151,87.11242,757815
8749,saubhagya-anyscale,1,0.00013,660152,87.11255,757815
8750,saulzar,1,0.00013,660153,87.11269,757815
8751,SaumyaAtLyric,1,0.00013,660154,87.11282,757815
8752,Sayam753,1,0.00013,660155,87.11295,757815
8753,sayanbiswas59,1,0.00013,660156,87.11308,757815
8754,sbag-cmt,1,0.00013,660157,87.11321,757815
8755,Sbargaoui,1,0.00013,660158,87.11335,757815
8756,sbarman-mi9,1,0.00013,660159,87.11348,757815
8757,SC12138,1,0.00013,660160,87.11361,757815
8758,sc779733661,1,0.00013,660161,87.11374,757815
8759,scai-splunk,1,0.00013,660162,87.11387,757815
8760,Scalsol,1,0.00013,660163,87.11401,757815
8761,scarrazza,1,0.00013,660164,87.11414,757815
8762,scheckley,1,0.00013,660165,87.11427,757815
8763,schen-apple,1,0.00013,660166,87.11440,757815
8764,schnappi17,1,0.00013,660167,87.11453,757815
8765,schuhschuh,1,0.00013,660168,87.11467,757815
8766,schwab,1,0.00013,660169,87.11480,757815
8767,Schweini-PEK,1,0.00013,660170,87.11493,757815
8768,SCMusson,1,0.00013,660171,87.11506,757815
8769,scotfang,1,0.00013,660172,87.11519,757815
8770,scruel,1,0.00013,660173,87.11532,757815
8771,sdahdah,1,0.00013,660174,87.11546,757815
8772,sdcope3,1,0.00013,660175,87.11559,757815
8773,sdk21,1,0.00013,660176,87.11572,757815
8774,sdpkjc,1,0.00013,660177,87.11585,757815
8775,sdr2002,1,0.00013,660178,87.11598,757815
8776,seabnavin19,1,0.00013,660179,87.11612,757815
8777,seacloudy,1,0.00013,660180,87.11625,757815
8778,seanhandley,1,0.00013,660181,87.11638,757815
8779,sean-xiang-applovin,1,0.00013,660182,87.11651,757815
8780,seanxlliu,1,0.00013,660183,87.11664,757815
8781,seastar105,1,0.00013,660184,87.11678,757815
8782,sebastian-sosa,1,0.00013,660185,87.11691,757815
8783,sebtac,1,0.00013,660186,87.11704,757815
8784,seelam,1,0.00013,660187,87.11717,757815
8785,SehrishMuhammad,1,0.00013,660188,87.11730,757815
8786,semi-yalp,1,0.00013,660189,87.11744,757815
8787,semoal,1,0.00013,660190,87.11757,757815
8788,seokjin1013,1,0.00013,660191,87.11770,757815
8789,seonggwonyoon,1,0.00013,660192,87.11783,757815
8790,SepehrKazemian-IC,1,0.00013,660193,87.11796,757815
8791,sephirxth,1,0.00013,660194,87.11810,757815
8792,serbinsh,1,0.00013,660195,87.11823,757815
8793,serdarcw,1,0.00013,660196,87.11836,757815
8794,serendipity800,1,0.00013,660197,87.11849,757815
8795,SergeCroise,1,0.00013,660198,87.11862,757815
8796,sergey-datadog,1,0.00013,660199,87.11876,757815
8797,sergey-serebryakov,1,0.00013,660200,87.11889,757815
8798,sergiovalmac,1,0.00013,660201,87.11902,757815
8799,sergun,1,0.00013,660202,87.11915,757815
8800,sevenpen,1,0.00013,660203,87.11928,757815
8801,sfc-gh-bhan,1,0.00013,660204,87.11942,757815
8802,sfc-gh-dpetersohn,1,0.00013,660205,87.11955,757815
8803,sfc-gh-pjoziak,1,0.00013,660206,87.11968,757815
8804,sfc-gh-zhwang,1,0.00013,660207,87.11981,757815
8805,SGevorg,1,0.00013,660208,87.11994,757815
8806,sgillen,1,0.00013,660209,87.12008,757815
8807,ShadenSmith,1,0.00013,660210,87.12021,757815
8808,Shadow-Alex,1,0.00013,660211,87.12034,757815
8809,shadowcollecter,1,0.00013,660212,87.12047,757815
8810,shahnazari,1,0.00013,660213,87.12060,757815
8811,shaisabm,1,0.00013,660214,87.12074,757815
8812,shajeeck,1,0.00013,660215,87.12087,757815
8813,shallys,1,0.00013,660216,87.12100,757815
8814,ShamCondor,1,0.00013,660217,87.12113,757815
8815,sharchit23,1,0.00013,660218,87.12126,757815
8816,sharidd,1,0.00013,660219,87.12140,757815
8817,SharlynOUO,1,0.00013,660220,87.12153,757815
8818,sharpe5,1,0.00013,660221,87.12166,757815
8819,sharsha315,1,0.00013,660222,87.12179,757815
8820,shashwat-nks,1,0.00013,660223,87.12192,757815
8821,shavvimalND,1,0.00013,660224,87.12205,757815
8822,shawn-augmentcode,1,0.00013,660225,87.12219,757815
8823,shawn-xxu,1,0.00013,660226,87.12232,757815
8824,sheetalsatheesh,1,0.00013,660227,87.12245,757815
8825,shengchao-y,1,0.00013,660228,87.12258,757815
8826,shiangyonglooi,1,0.00013,660229,87.12271,757815
8827,shijy07,1,0.00013,660230,87.12285,757815
8828,shink,1,0.00013,660231,87.12298,757815
8829,shinoss,1,0.00013,660232,87.12311,757815
8830,shirellm,1,0.00013,660233,87.12324,757815
8831,shishir-narayan,1,0.00013,660234,87.12337,757815
8832,shivam-dubey-1,1,0.00013,660235,87.12351,757815
8833,shivaniarbat,1,0.00013,660236,87.12364,757815
8834,shivanikush,1,0.00013,660237,87.12377,757815
8835,shivanip14,1,0.00013,660238,87.12390,757815
8836,Shivapunit,1,0.00013,660239,87.12403,757815
8837,shiviAgrawal1,1,0.00013,660240,87.12417,757815
8838,shivraj95,1,0.00013,660241,87.12430,757815
8839,shnayder,1,0.00013,660242,87.12443,757815
8840,shoaibkhanz,1,0.00013,660243,87.12456,757815
8841,shopigarner,1,0.00013,660244,87.12469,757815
8842,shoyer,1,0.00013,660245,87.12483,757815
8843,shreyanssethi,1,0.00013,660246,87.12496,757815
8844,ShreyaR,1,0.00013,660247,87.12509,757815
8845,shreyaspotnis,1,0.00013,660248,87.12522,757815
8846,shuangkun,1,0.00013,660249,87.12535,757815
8847,shubham039,1,0.00013,660250,87.12549,757815
8848,shubhamdagar9854,1,0.00013,660251,87.12562,757815
8849,shubhbuz,1,0.00013,660252,87.12575,757815
8850,shujchen-oracle,1,0.00013,660253,87.12588,757815
8851,shwetha-s-poojary,1,0.00013,660254,87.12601,757815
8852,SiddhantSadangi,1,0.00013,660255,87.12615,757815
8853,sidharrth2002,1,0.00013,660256,87.12628,757815
8854,sidphbot,1,0.00013,660257,87.12641,757815
8855,siess223,1,0.00013,660258,87.12654,757815
8856,sigal23,1,0.00013,660259,87.12667,757815
8857,Sigma-Verma,1,0.00013,660260,87.12681,757815
8858,silverbacknet,1,0.00013,660261,87.12694,757815
8859,SimonBoothroyd,1,0.00013,660262,87.12707,757815
8860,simonChoi034,1,0.00013,660263,87.12720,757815
8861,SimonHashtag,1,0.00013,660264,87.12733,757815
8862,Simon-ldd,1,0.00013,660265,87.12747,757815
8863,simonschoe,1,0.00013,660266,87.12760,757815
8864,simsimiSION,1,0.00013,660267,87.12773,757815
8865,singh-jayant,1,0.00013,660268,87.12786,757815
8866,sirius5871,1,0.00013,660269,87.12799,757815
8867,sirs05,1,0.00013,660270,87.12812,757815
8868,sisrfeng,1,0.00013,660271,87.12826,757815
8869,Sithael,1,0.00013,660272,87.12839,757815
8870,siva23367,1,0.00013,660273,87.12852,757815
8871,sivakishoresk,1,0.00013,660274,87.12865,757815
8872,siyarvurucu,1,0.00013,660275,87.12878,757815
8873,sjiang647,1,0.00013,660276,87.12892,757815
8874,sjiang95,1,0.00013,660277,87.12905,757815
8875,sjxAndy,1,0.00013,660278,87.12918,757815
8876,skerres,1,0.00013,660279,87.12931,757815
8877,skkuai,1,0.00013,660280,87.12944,757815
8878,skourta,1,0.00013,660281,87.12958,757815
8879,skrawn,1,0.00013,660282,87.12971,757815
8880,skvark,1,0.00013,660283,87.12984,757815
8881,slala2121,1,0.00013,660284,87.12997,757815
8882,sleepwalker2017,1,0.00013,660285,87.13010,757815
8883,slnc,1,0.00013,660286,87.13024,757815
8884,sluo0,1,0.00013,660287,87.13037,757815
8885,Small93,1,0.00013,660288,87.13050,757815
8886,smartkiwi,1,0.00013,660289,87.13063,757815
8887,smdabdoub,1,0.00013,660290,87.13076,757815
8888,smestern,1,0.00013,660291,87.13090,757815
8889,smithatv,1,0.00013,660292,87.13103,757815
8890,snps-ravinu,1,0.00013,660293,87.13116,757815
8891,sobiodum,1,0.00013,660294,87.13129,757815
8892,sobirpangode,1,0.00013,660295,87.13142,757815
8893,socar-humphrey,1,0.00013,660296,87.13156,757815
8894,socorrgn75,1,0.00013,660297,87.13169,757815
8895,sofietorfs,1,0.00013,660298,87.13182,757815
8896,sofyanajridi,1,0.00013,660299,87.13195,757815
8897,Solaris-star,1,0.00013,660300,87.13208,757815
8898,SoleIdol,1,0.00013,660301,87.13222,757815
8899,SoloGao,1,0.00013,660302,87.13235,757815
8900,soloman1124,1,0.00013,660303,87.13248,757815
8901,somuai,1,0.00013,660304,87.13261,757815
8902,sonny3690,1,0.00013,660305,87.13274,757815
8903,soodankit91,1,0.00013,660306,87.13288,757815
8904,Soto-Jnthan,1,0.00013,660307,87.13301,757815
8905,souptikji,1,0.00013,660308,87.13314,757815
8906,spchamp,1,0.00013,660309,87.13327,757815
8907,speglich,1,0.00013,660310,87.13340,757815
8908,Spin8Cycle,1,0.00013,660311,87.13354,757815
8909,spinezhang,1,0.00013,660312,87.13367,757815
8910,spyrosavl,1,0.00013,660313,87.13380,757815
8911,Sridhar1030,1,0.00013,660314,87.13393,757815
8912,SrikarChittemsetty,1,0.00013,660315,87.13406,757815
8913,SrikarVanavasam,1,0.00013,660316,87.13420,757815
8914,Sri-nidhi,1,0.00013,660317,87.13433,757815
8915,srivarshpaladugu,1,0.00013,660318,87.13446,757815
8916,ssharma,1,0.00013,660319,87.13459,757815
8917,ssmall41,1,0.00013,660320,87.13472,757815
8918,ssykiotis,1,0.00013,660321,87.13485,757815
8919,stan1astrumu,1,0.00013,660322,87.13499,757815
8920,starovoitovs,1,0.00013,660323,87.13512,757815
8921,starstream,1,0.00013,660324,87.13525,757815
8922,statxc,1,0.00013,660325,87.13538,757815
8923,stayhungry7,1,0.00013,660326,87.13551,757815
8924,steadynotion,1,0.00013,660327,87.13565,757815
8925,stefanomalfytech,1,0.00013,660328,87.13578,757815
8926,stellaywu,1,0.00013,660329,87.13591,757815
8927,stephaniegott,1,0.00013,660330,87.13604,757815
8928,Stephen-Hao,1,0.00013,660331,87.13617,757815
8929,stepjam,1,0.00013,660332,87.13631,757815
8930,Stergios13,1,0.00013,660333,87.13644,757815
8931,steve7an,1,0.00013,660334,87.13657,757815
8932,Steven-Ireland,1,0.00013,660335,87.13670,757815
8933,StevenKessler,1,0.00013,660336,87.13683,757815
8934,stg609,1,0.00013,660337,87.13697,757815
8935,stoep,1,0.00013,660338,87.13710,757815
8936,StrangeTcy,1,0.00013,660339,87.13723,757815
8937,strickvl,1,0.00013,660340,87.13736,757815
8938,strifecro1,1,0.00013,660341,87.13749,757815
8939,StrongerXi,1,0.00013,660342,87.13763,757815
8940,Struggle1992,1,0.00013,660343,87.13776,757815
8941,stsievert,1,0.00013,660344,87.13789,757815
8942,stuart-clark-45,1,0.00013,660345,87.13802,757815
8943,SubaMoorthy,1,0.00013,660346,87.13815,757815
8944,subpath,1,0.00013,660347,87.13829,757815
8945,SuchethaChintha,1,0.00013,660348,87.13842,757815
8946,Sud0x67,1,0.00013,660349,87.13855,757815
8947,sud474,1,0.00013,660350,87.13868,757815
8948,sudhanshu456,1,0.00013,660351,87.13881,757815
8949,sudhirpatil,1,0.00013,660352,87.13895,757815
8950,sudujr,1,0.00013,660353,87.13908,757815
8951,sugoyal,1,0.00013,660354,87.13921,757815
8952,suixin1424,1,0.00013,660355,87.13934,757815
8953,sullivancolin,1,0.00013,660356,87.13947,757815
8954,suman724,1,0.00013,660357,87.13961,757815
8955,sumansuhag,1,0.00013,660358,87.13974,757815
8956,SumanthDatta-Kony,1,0.00013,660359,87.13987,757815
8957,summa-code,1,0.00013,660360,87.14000,757815
8958,SunCherry,1,0.00013,660361,87.14013,757815
8959,Sundar0989,1,0.00013,660362,87.14027,757815
8960,SunLightFor6,1,0.00013,660363,87.14040,757815
8961,SunnyWangGitHub,1,0.00013,660364,87.14053,757815
8962,sunyakun,1,0.00013,660365,87.14066,757815
8963,suochensheng,1,0.00013,660366,87.14079,757815
8964,supercocoa7654,1,0.00013,660367,87.14092,757815
8965,SuperKam91,1,0.00013,660368,87.14106,757815
8966,superkido511,1,0.00013,660369,87.14119,757815
8967,superkirill,1,0.00013,660370,87.14132,757815
8968,supersglzc,1,0.00013,660371,87.14145,757815
8969,supraja-968,1,0.00013,660372,87.14158,757815
8970,sureshmoligi,1,0.00013,660373,87.14172,757815
8971,surreal-xiyichan,1,0.00013,660374,87.14185,757815
8972,SuryaaSeran,1,0.00013,660375,87.14198,757815
8973,sushkov-r,1,0.00013,660376,87.14211,757815
8974,svartalf,1,0.00013,660377,87.14224,757815
8975,svduplessis,1,0.00013,660378,87.14238,757815
8976,swagshaw,1,0.00013,660379,87.14251,757815
8977,swaroop1012,1,0.00013,660380,87.14264,757815
8978,SwaroopKolasani,1,0.00013,660381,87.14277,757815
8979,SwathiMalempati,1,0.00013,660382,87.14290,757815
8980,swoldemichael,1,0.00013,660383,87.14304,757815
8981,swyatt7,1,0.00013,660384,87.14317,757815
8982,sxnityq,1,0.00013,660385,87.14330,757815
8983,syed881,1,0.00013,660386,87.14343,757815
8984,syed-ahmed,1,0.00013,660387,87.14356,757815
8985,sylv01,1,0.00013,660388,87.14370,757815
8986,sylvain471,1,0.00013,660389,87.14383,757815
8987,sylvoslee,1,0.00013,660390,87.14396,757815
8988,syncroswitch,1,0.00013,660391,87.14409,757815
8989,SynthoJosip,1,0.00013,660392,87.14422,757815
8990,szelenka,1,0.00013,660393,87.14436,757815
8991,tadejsv,1,0.00013,660394,87.14449,757815
8992,taha-yassine,1,0.00013,660395,87.14462,757815
8993,tahhnik,1,0.00013,660396,87.14475,757815
8994,taivop,1,0.00013,660397,87.14488,757815
8995,talesa,1,0.00013,660398,87.14502,757815
8996,talhaanwarch,1,0.00013,660399,87.14515,757815
8997,TalTaiber,1,0.00013,660400,87.14528,757815
8998,tangsmall,1,0.00013,660401,87.14541,757815
8999,tanguy-s,1,0.00013,660402,87.14554,757815
9000,Tansha173,1,0.00013,660403,87.14568,757815
9001,TarekAloui,1,0.00013,660404,87.14581,757815
9002,tarunhike,1,0.00013,660405,87.14594,757815
9003,tarunsamanta2k20,1,0.00013,660406,87.14607,757815
9004,tasdomas,1,0.00013,660407,87.14620,757815
9005,Tatiats7,1,0.00013,660408,87.14634,757815
9006,Tavish9,1,0.00013,660409,87.14647,757815
9007,taziksh,1,0.00013,660410,87.14660,757815
9008,TBastiani,1,0.00013,660411,87.14673,757815
9009,tberghane,1,0.00013,660412,87.14686,757815
9010,tbumi,1,0.00013,660413,87.14699,757815
9011,tc3oliver,1,0.00013,660414,87.14713,757815
9012,tchaton,1,0.00013,660415,87.14726,757815
9013,tdoublep,1,0.00013,660416,87.14739,757815
9014,techvslife,1,0.00013,660417,87.14752,757815
9015,teddy309,1,0.00013,660418,87.14765,757815
9016,tedspare,1,0.00013,660419,87.14779,757815
9017,tehis,1,0.00013,660420,87.14792,757815
9018,tejasae-afk,1,0.00013,660421,87.14805,757815
9019,Telemaco019,1,0.00013,660422,87.14818,757815
9020,telemmaite,1,0.00013,660423,87.14831,757815
9021,Tenoke,1,0.00013,660424,87.14845,757815
9022,teopopescu,1,0.00013,660425,87.14858,757815
9023,terryzhao127,1,0.00013,660426,87.14871,757815
9024,tetsuya1102,1,0.00013,660427,87.14884,757815
9025,tfriedel,1,0.00013,660428,87.14897,757815
9026,tg-bill,1,0.00013,660429,87.14911,757815
9027,tginart,1,0.00013,660430,87.14924,757815
9028,thakoreh,1,0.00013,660431,87.14937,757815
9029,thangbui,1,0.00013,660432,87.14950,757815
9030,tharradine,1,0.00013,660433,87.14963,757815
9031,thatGreekGuy96,1,0.00013,660434,87.14977,757815
9032,thbuerg,1,0.00013,660435,87.14990,757815
9033,thealmightygrant,1,0.00013,660436,87.15003,757815
9034,TheAlpha1550,1,0.00013,660437,87.15016,757815
9035,TheaperDeng,1,0.00013,660438,87.15029,757815
9036,TheBloodthirster,1,0.00013,660439,87.15043,757815
9037,the-cross-art,1,0.00013,660440,87.15056,757815
9038,thedatamonk,1,0.00013,660441,87.15069,757815
9039,theearthwanderer,1,0.00013,660442,87.15082,757815
9040,TheGreatFrankie,1,0.00013,660443,87.15095,757815
9041,thehhmdb,1,0.00013,660444,87.15109,757815
9042,theicfire,1,0.00013,660445,87.15122,757815
9043,thejamesmarq,1,0.00013,660446,87.15135,757815
9044,thejasvi-ks,1,0.00013,660447,87.15148,757815
9045,TheNeuralBit,1,0.00013,660448,87.15161,757815
9046,theoad,1,0.00013,660449,87.15175,757815
9047,Theo-Fan,1,0.00013,660450,87.15188,757815
9048,theonlygusti,1,0.00013,660451,87.15201,757815
9049,theophilee,1,0.00013,660452,87.15214,757815
9050,ThePhenomen,1,0.00013,660453,87.15227,757815
9051,theshadow76,1,0.00013,660454,87.15241,757815
9052,theSoenke,1,0.00013,660455,87.15254,757815
9053,thexiang,1,0.00013,660456,87.15267,757815
9054,thien-enouvo,1,0.00013,660457,87.15280,757815
9055,ThioJoe,1,0.00013,660458,87.15293,757815
9056,thkt2110,1,0.00013,660459,87.15307,757815
9057,thodson-usgs,1,0.00013,660460,87.15320,757815
9058,thomascros,1,0.00013,660461,87.15333,757815
9059,thomasf1,1,0.00013,660462,87.15346,757815
9060,thomas-gale,1,0.00013,660463,87.15359,757815
9061,thomashossler,1,0.00013,660464,87.15372,757815
9062,thomas-koller,1,0.00013,660465,87.15386,757815
9063,thomas-ward27,1,0.00013,660466,87.15399,757815
9064,thomas-young-2013,1,0.00013,660467,87.15412,757815
9065,thombirch,1,0.00013,660468,87.15425,757815
9066,thondeboer,1,0.00013,660469,87.15438,757815
9067,thooria,1,0.00013,660470,87.15452,757815
9068,Thuongcdv123,1,0.00013,660471,87.15465,757815
9069,Ti1mmy,1,0.00013,660472,87.15478,757815
9070,tianbin-jiang,1,0.00013,660473,87.15491,757815
9071,tianshihan818,1,0.00013,660474,87.15504,757815
9072,tiantengfei,1,0.00013,660475,87.15518,757815
9073,tianyangbest,1,0.00013,660476,87.15531,757815
9074,tianyma,1,0.00013,660477,87.15544,757815
9075,TianZhengjie-lxc,1,0.00013,660478,87.15557,757815
9076,TillBeemelmanns,1,0.00013,660479,87.15570,757815
9077,Tim11011,1,0.00013,660480,87.15584,757815
9078,timborden,1,0.00013,660481,87.15597,757815
9079,timf34,1,0.00013,660482,87.15610,757815
9080,timforr,1,0.00013,660483,87.15623,757815
9081,timho102003,1,0.00013,660484,87.15636,757815
9082,timmmah,1,0.00013,660485,87.15650,757815
9083,timothy003,1,0.00013,660486,87.15663,757815
9084,TimSchmeier,1,0.00013,660487,87.15676,757815
9085,timurcarstensen,1,0.00013,660488,87.15689,757815
9086,tinahbu,1,0.00013,660489,87.15702,757815
9087,Tina-Lijie-Liu,1,0.00013,660490,87.15716,757815
9088,tinducvo,1,0.00013,660491,87.15729,757815
9089,TingFeng-7,1,0.00013,660492,87.15742,757815
9090,TingNLP,1,0.00013,660493,87.15755,757815
9091,tirdtoon,1,0.00013,660494,87.15768,757815
9092,tjader,1,0.00013,660495,87.15782,757815
9093,tjuHaoXiaotian,1,0.00013,660496,87.15795,757815
9094,tjwebb,1,0.00013,660497,87.15808,757815
9095,tlangerak,1,0.00013,660498,87.15821,757815
9096,tlyhenry,1,0.00013,660499,87.15834,757815
9097,tmathew0309,1,0.00013,660500,87.15848,757815
9098,TM-C,1,0.00013,660501,87.15861,757815
9099,tmoer,1,0.00013,660502,87.15874,757815
9100,tmontana,1,0.00013,660503,87.15887,757815
9101,tmsss,1,0.00013,660504,87.15900,757815
9102,tobiasdekker92,1,0.00013,660505,87.15914,757815
9103,tobiasemrich,1,0.00013,660506,87.15927,757815
9104,Toekan,1,0.00013,660507,87.15940,757815
9105,tokiinan5,1,0.00013,660508,87.15953,757815
9106,Tomas0413,1,0.00013,660509,87.15966,757815
9107,tomasikp,1,0.00013,660510,87.15979,757815
9108,tommyly201,1,0.00013,660511,87.15993,757815
9109,TomOrth,1,0.00013,660512,87.16006,757815
9110,tomprimozic,1,0.00013,660513,87.16019,757815
9111,tonal,1,0.00013,660514,87.16032,757815
9112,Tongyuang,1,0.00013,660515,87.16045,757815
9113,tonmoy-saikia,1,0.00013,660516,87.16059,757815
9114,tonygracious,1,0.00013,660517,87.16072,757815
9115,tonyhkassab,1,0.00013,660518,87.16085,757815
9116,tonyhong007,1,0.00013,660519,87.16098,757815
9117,tonyhoo,1,0.00013,660520,87.16111,757815
9118,ToposFinance,1,0.00013,660521,87.16125,757815
9119,totaro-equi,1,0.00013,660522,87.16138,757815
9120,tpatpa,1,0.00013,660523,87.16151,757815
9121,Tr0ubad0ur,1,0.00013,660524,87.16164,757815
9122,trahxam,1,0.00013,660525,87.16177,757815
9123,TransitGym,1,0.00013,660526,87.16191,757815
9124,treeguard,1,0.00013,660527,87.16204,757815
9125,trent,1,0.00013,660528,87.16217,757815
9126,tretos53,1,0.00013,660529,87.16230,757815
9127,trevatatsuharatev54-netizen,1,0.00013,660530,87.16243,757815
9128,trigaten,1,0.00013,660531,87.16257,757815
9129,tringuyen2,1,0.00013,660532,87.16270,757815
9130,trirpi,1,0.00013,660533,87.16283,757815
9131,trnhattan,1,0.00013,660534,87.16296,757815
9132,TrNhDuong,1,0.00013,660535,87.16309,757815
9133,trongtz,1,0.00013,660536,87.16323,757815
9134,troyyyang,1,0.00013,660537,87.16336,757815
9135,trungnhutphan,1,0.00013,660538,87.16349,757815
9136,trzy,1,0.00013,660539,87.16362,757815
9137,Tsesterh,1,0.00013,660540,87.16375,757815
9138,TsykunovDmitriy,1,0.00013,660541,87.16389,757815
9139,tty666,1,0.00013,660542,87.16402,757815
9140,TulipDu,1,0.00013,660543,87.16415,757815
9141,tumzied,1,0.00013,660544,87.16428,757815
9142,Tunneller,1,0.00013,660545,87.16441,757815
9143,tushar-nitave,1,0.00013,660546,87.16455,757815
9144,twangnh,1,0.00013,660547,87.16468,757815
9145,twillkens,1,0.00013,660548,87.16481,757815
9146,twkim112,1,0.00013,660549,87.16494,757815
9147,tylerfreckmann,1,0.00013,660550,87.16507,757815
9148,tylerwmarrs,1,0.00013,660551,87.16521,757815
9149,tymss,1,0.00013,660552,87.16534,757815
9150,typangaa,1,0.00013,660553,87.16547,757815
9151,Tzishi,1,0.00013,660554,87.16560,757815
9152,tzyodear,1,0.00013,660555,87.16573,757815
9153,ucasFL,1,0.00013,660556,87.16587,757815
9154,ufukyilmaz,1,0.00013,660557,87.16600,757815
9155,uli-weltersbach,1,0.00013,660558,87.16613,757815
9156,ulrikah,1,0.00013,660559,87.16626,757815
9157,ultrahighsuper,1,0.00013,660560,87.16639,757815
9158,umairaalvi4843-hub,1,0.00013,660561,87.16652,757815
9159,umarbutler,1,0.00013,660562,87.16666,757815
9160,unclebenel,1,0.00013,660563,87.16679,757815
9161,undfined,1,0.00013,660564,87.16692,757815
9162,unfrgivn,1,0.00013,660565,87.16705,757815
9163,unlimblue,1,0.00013,660566,87.16718,757815
9164,upczsh,1,0.00013,660567,87.16732,757815
9165,urcwsp,1,0.00013,660568,87.16745,757815
9166,urw7rs,1,0.00013,660569,87.16758,757815
9167,user683,1,0.00013,660570,87.16771,757815
9168,userbot2000,1,0.00013,660571,87.16784,757815
9169,usingamgad,1,0.00013,660572,87.16798,757815
9170,VadimGouskov,1,0.00013,660573,87.16811,757815
9171,vahid-g,1,0.00013,660574,87.16824,757815
9172,vahidqo,1,0.00013,660575,87.16837,757815
9173,vaibhav-entrupy,1,0.00013,660576,87.16850,757815
9174,vaibhavkhanduja,1,0.00013,660577,87.16864,757815
9175,vaibhavnaikprojects,1,0.00013,660578,87.16877,757815
9176,valer1435,1,0.00013,660579,87.16890,757815
9177,valliscooper,1,0.00013,660580,87.16903,757815
9178,vannitorelli,1,0.00013,660581,87.16916,757815
9179,vanveele,1,0.00013,660582,87.16930,757815
9180,varshithvvs,1,0.00013,660583,87.16943,757815
9181,VarunJoshi10,1,0.00013,660584,87.16956,757815
9182,VasilijKolomiets,1,0.00013,660585,87.16969,757815
9183,Vasiliy-b,1,0.00013,660586,87.16982,757815
9184,vassilok1-hs,1,0.00013,660587,87.16996,757815
9185,vaxherra,1,0.00013,660588,87.17009,757815
9186,vbbjq,1,0.00013,660589,87.17022,757815
9187,v-borges,1,0.00013,660590,87.17035,757815
9188,vcim,1,0.00013,660591,87.17048,757815
9189,vec2k4,1,0.00013,660592,87.17062,757815
9190,VeigarJia,1,0.00013,660593,87.17075,757815
9191,velicanerdem,1,0.00013,660594,87.17088,757815
9192,VenezianoMauro,1,0.00013,660595,87.17101,757815
9193,venk-na,1,0.00013,660596,87.17114,757815
9194,VenomPaco,1,0.00013,660597,87.17128,757815
9195,veqtor,1,0.00013,660598,87.17141,757815
9196,verigle,1,0.00013,660599,87.17154,757815
9197,veritas9872,1,0.00013,660600,87.17167,757815
9198,vermouth1992,1,0.00013,660601,87.17180,757815
9199,verobianca,1,0.00013,660602,87.17194,757815
9200,vertfreeber,1,0.00013,660603,87.17207,757815
9201,Vezzp,1,0.00013,660604,87.17220,757815
9202,vggupta,1,0.00013,660605,87.17233,757815
9203,vgurev,1,0.00013,660606,87.17246,757815
9204,victor7246,1,0.00013,660607,87.17259,757815
9205,victor-ab,1,0.00013,660608,87.17273,757815
9206,victorsage,1,0.00013,660609,87.17286,757815
9207,victorserbu2709,1,0.00013,660610,87.17299,757815
9208,vidhyat98,1,0.00013,660611,87.17312,757815
9209,Viibrant,1,0.00013,660612,87.17325,757815
9210,vijayi1,1,0.00013,660613,87.17339,757815
9211,vikasmav,1,0.00013,660614,87.17352,757815
9212,VikParuchuri,1,0.00013,660615,87.17365,757815
9213,vikramahuja1001,1,0.00013,660616,87.17378,757815
9214,viktor-haag,1,0.00013,660617,87.17391,757815
9215,vilmire,1,0.00013,660618,87.17405,757815
9216,vincent-163,1,0.00013,660619,87.17418,757815
9217,vincentccc,1,0.00013,660620,87.17431,757815
9218,vincentliuheyang,1,0.00013,660621,87.17444,757815
9219,vincent-lous,1,0.00013,660622,87.17457,757815
9220,vincentteyssier,1,0.00013,660623,87.17471,757815
9221,vincere-mori,1,0.00013,660624,87.17484,757815
9222,VinceShieh,1,0.00013,660625,87.17497,757815
9223,ving666,1,0.00013,660626,87.17510,757815
9224,VinHylme,1,0.00013,660627,87.17523,757815
9225,vinothm14,1,0.00013,660628,87.17537,757815
9226,violetguos,1,0.00013,660629,87.17550,757815
9227,VIPTankz,1,0.00013,660630,87.17563,757815
9228,VirginieBfd,1,0.00013,660631,87.17576,757815
9229,VishalGawade1,1,0.00013,660632,87.17589,757815
9230,visibledmitrii,1,0.00013,660633,87.17603,757815
9231,vital121,1,0.00013,660634,87.17616,757815
9232,vitobellini,1,0.00013,660635,87.17629,757815
9233,vivek4march,1,0.00013,660636,87.17642,757815
9234,vivym,1,0.00013,660637,87.17655,757815
9235,vjaramillo,1,0.00013,660638,87.17669,757815
9236,vjayarag,1,0.00013,660639,87.17682,757815
9237,vjsairam,1,0.00013,660640,87.17695,757815
9238,vkurenkov,1,0.00013,660641,87.17708,757815
9239,vladimirrim,1,0.00013,660642,87.17721,757815
9240,vlin-lgtm,1,0.00013,660643,87.17735,757815
9241,vmagdin,1,0.00013,660644,87.17748,757815
9242,Vman909,1,0.00013,660645,87.17761,757815
9243,voe09,1,0.00013,660646,87.17774,757815
9244,volcano303,1,0.00013,660647,87.17787,757815
9245,voljumet,1,0.00013,660648,87.17801,757815
9246,volodymyrPivoshenko,1,0.00013,660649,87.17814,757815
9247,Vomgnar,1,0.00013,660650,87.17827,757815
9248,vovacf201,1,0.00013,660651,87.17840,757815
9249,VOvchinnikov,1,0.00013,660652,87.17853,757815
9250,vp-instabase,1,0.00013,660653,87.17866,757815
9251,vrepede,1,0.00013,660654,87.17880,757815
9252,vs9205,1,0.00013,660655,87.17893,757815
9253,vszal,1,0.00013,660656,87.17906,757815
9254,vtao2,1,0.00013,660657,87.17919,757815
9255,vtdung23,1,0.00013,660658,87.17932,757815
9256,VuKe77,1,0.00013,660659,87.17946,757815
9257,vvv-tech,1,0.00013,660660,87.17959,757815
9258,VWpm,1,0.00013,660661,87.17972,757815
9259,vwxyzjn,1,0.00013,660662,87.17985,757815
9260,w601sxs,1,0.00013,660663,87.17998,757815
9261,wakandan,1,0.00013,660664,87.18012,757815
9262,Wakings,1,0.00013,660665,87.18025,757815
9263,walid0925,1,0.00013,660666,87.18038,757815
9264,WallaceYin,1,0.00013,660667,87.18051,757815
9265,Walter0002,1,0.00013,660668,87.18064,757815
9266,walter-rover,1,0.00013,660669,87.18078,757815
9267,waltmayfield,1,0.00013,660670,87.18091,757815
9268,walwad2020,1,0.00013,660671,87.18104,757815
9269,wanfengkai,1,0.00013,660672,87.18117,757815
9270,wangcongrobot,1,0.00013,660673,87.18130,757815
9271,wangfenjin,1,0.00013,660674,87.18144,757815
9272,Wang-Kai,1,0.00013,660675,87.18157,757815
9273,wangli1426,1,0.00013,660676,87.18170,757815
9274,wangqipeng,1,0.00013,660677,87.18183,757815
9275,wangsirforeveryoung,1,0.00013,660678,87.18196,757815
9276,WangTuoxytt,1,0.00013,660679,87.18210,757815
9277,Wangxb06,1,0.00013,660680,87.18223,757815
9278,wangxingjun778,1,0.00013,660681,87.18236,757815
9279,Wang-XR,1,0.00013,660682,87.18249,757815
9280,wangzc03,1,0.00013,660683,87.18262,757815
9281,wangzhigang1999,1,0.00013,660684,87.18276,757815
9282,wanmeng8888,1,0.00013,660685,87.18289,757815
9283,warpmatrix,1,0.00013,660686,87.18302,757815
9284,warriorpaw,1,0.00013,660687,87.18315,757815
9285,warriorsfly,1,0.00013,660688,87.18328,757815
9286,wasdee,1,0.00013,660689,87.18342,757815
9287,wasifmasood,1,0.00013,660690,87.18355,757815
9288,Way911,1,0.00013,660691,87.18368,757815
9289,wayi1,1,0.00013,660692,87.18381,757815
9290,wayne163,1,0.00013,660693,87.18394,757815
9291,wbruce-fetch,1,0.00013,660694,87.18408,757815
9292,wciq1208,1,0.00013,660695,87.18421,757815
9293,wcwuwc,1,0.00013,660696,87.18434,757815
9294,WeersProductions,1,0.00013,660697,87.18447,757815
9295,wei12f8158,1,0.00013,660698,87.18460,757815
9296,Weidong725,1,0.00013,660699,87.18474,757815
9297,weiguoli369,1,0.00013,660700,87.18487,757815
9298,WeirdKeksButtonK,1,0.00013,660701,87.18500,757815
9299,WeiSHI7,1,0.00013,660702,87.18513,757815
9300,weiwenlan,1,0.00013,660703,87.18526,757815
9301,weixians,1,0.00013,660704,87.18539,757815
9302,wencharm138,1,0.00013,660705,87.18553,757815
9303,WendyShang,1,0.00013,660706,87.18566,757815
9304,WenYuLuo,1,0.00013,660707,87.18579,757815
9305,wesleeee,1,0.00013,660708,87.18592,757815
9306,westfly,1,0.00013,660709,87.18605,757815
9307,WFY123wfy,1,0.00013,660710,87.18619,757815
9308,wguocbp,1,0.00013,660711,87.18632,757815
9309,whitepicker,1,0.00013,660712,87.18645,757815
9310,whiz-Tuhin,1,0.00013,660713,87.18658,757815
9311,whoiam1101,1,0.00013,660714,87.18671,757815
9312,whu-dft,1,0.00013,660715,87.18685,757815
9313,wiljohnhong,1,0.00013,660716,87.18698,757815
9314,williamFalcon,1,0.00013,660717,87.18711,757815
9315,WilliamOnVoyage,1,0.00013,660718,87.18724,757815
9316,Willian-Zhang,1,0.00013,660719,87.18737,757815
9317,willish,1,0.00013,660720,87.18751,757815
9318,WindyHu001,1,0.00013,660721,87.18764,757815
9319,Wise314,1,0.00013,660722,87.18777,757815
9320,wissamblue69-dotcom,1,0.00013,660723,87.18790,757815
9321,witsang,1,0.00013,660724,87.18803,757815
9322,witt3rd,1,0.00013,660725,87.18817,757815
9323,wizche,1,0.00013,660726,87.18830,757815
9324,WKRZY,1,0.00013,660727,87.18843,757815
9325,wmy-dev,1,0.00013,660728,87.18856,757815
9326,woolpeeker,1,0.00013,660729,87.18869,757815
9327,worrel,1,0.00013,660730,87.18883,757815
9328,wrath-codes,1,0.00013,660731,87.18896,757815
9329,wrmichaelmak,1,0.00013,660732,87.18909,757815
9330,wszzyer,1,0.00013,660733,87.18922,757815
9331,wuchenru,1,0.00013,660734,87.18935,757815
9332,wwj-2017-1117,1,0.00013,660735,87.18949,757815
9333,wyb-github-alpha,1,0.00013,660736,87.18962,757815
9334,wyndwarrior,1,0.00013,660737,87.18975,757815
9335,wzmucas,1,0.00013,660738,87.18988,757815
9336,wzy816,1,0.00013,660739,87.19001,757815
9337,Xalag,1,0.00013,660740,87.19015,757815
9338,Xargonus,1,0.00013,660741,87.19028,757815
9339,Xavier0,1,0.00013,660742,87.19041,757815
9340,xblaauw,1,0.00013,660743,87.19054,757815
9341,xbno,1,0.00013,660744,87.19067,757815
9342,xeacottx,1,0.00013,660745,87.19081,757815
9343,Xeryxx,1,0.00013,660746,87.19094,757815
9344,XFDG,1,0.00013,660747,87.19107,757815
9345,xgao1023,1,0.00013,660748,87.19120,757815
9346,xgong,1,0.00013,660749,87.19133,757815
9347,xgreat8,1,0.00013,660750,87.19146,757815
9348,xhook,1,0.00013,660751,87.19160,757815
9349,xhudik,1,0.00013,660752,87.19173,757815
9350,xhulianoThe1,1,0.00013,660753,87.19186,757815
9351,xiaocaio,1,0.00013,660754,87.19199,757815
9352,xiaojinlii,1,0.00013,660755,87.19212,757815
9353,xiaojizai105,1,0.00013,660756,87.19226,757815
9354,xiaolin8,1,0.00013,660757,87.19239,757815
9355,xiaolongrenlzj,1,0.00013,660758,87.19252,757815
9356,xiaoran33,1,0.00013,660759,87.19265,757815
9357,xiayandi,1,0.00013,660760,87.19278,757815
9358,xiboli,1,0.00013,660761,87.19292,757815
9359,xiedidan,1,0.00013,660762,87.19305,757815
9360,xieshaocong-ethan,1,0.00013,660763,87.19318,757815
9361,xiewenwei,1,0.00013,660764,87.19331,757815
9362,xinchi-he,1,0.00013,660765,87.19344,757815
9363,XinPoi,1,0.00013,660766,87.19358,757815
9364,xiwen1995,1,0.00013,660767,87.19371,757815
9365,xixixao,1,0.00013,660768,87.19384,757815
9366,xiyuecangxin,1,0.00013,660769,87.19397,757815
9367,xjnotxj,1,0.00013,660770,87.19410,757815
9368,xlk1596321,1,0.00013,660771,87.19424,757815
9369,xlla,1,0.00013,660772,87.19437,757815
9370,xmzzyo,1,0.00013,660773,87.19450,757815
9371,xprotobeast2,1,0.00013,660774,87.19463,757815
9372,xsqian,1,0.00013,660775,87.19476,757815
9373,xtuc,1,0.00013,660776,87.19490,757815
9374,XuandongZhao,1,0.00013,660777,87.19503,757815
9375,xuanquang1999,1,0.00013,660778,87.19516,757815
9376,Xudong07,1,0.00013,660779,87.19529,757815
9377,xuehui1991,1,0.00013,660780,87.19542,757815
9378,xuehy,1,0.00013,660781,87.19556,757815
9379,xuelei123-xgb,1,0.00013,660782,87.19569,757815
9380,XueSongTap,1,0.00013,660783,87.19582,757815
9381,xuhaitao,1,0.00013,660784,87.19595,757815
9382,xuyxu,1,0.00013,660785,87.19608,757815
9383,Xuzzo,1,0.00013,660786,87.19622,757815
9384,xvblack,1,0.00013,660787,87.19635,757815
9385,xyres137,1,0.00013,660788,87.19648,757815
9386,xzk-seu,1,0.00013,660789,87.19661,757815
9387,y981431999,1,0.00013,660790,87.19674,757815
9388,yaajnu-subramanian-mechademy,1,0.00013,660791,87.19688,757815
9389,yamada-github-account,1,0.00013,660792,87.19701,757815
9390,yangdong02,1,0.00013,660793,87.19714,757815
9391,YangHanlin,1,0.00013,660794,87.19727,757815
9392,yanghoonkim,1,0.00013,660795,87.19740,757815
9393,Yangtiancoder,1,0.00013,660796,87.19754,757815
9394,yang-ybb,1,0.00013,660797,87.19767,757815
9395,yangyuxiang1996,1,0.00013,660798,87.19780,757815
9396,Yanipo5,1,0.00013,660799,87.19793,757815
9397,YannisPap,1,0.00013,660800,87.19806,757815
9398,yaoyuan00,1,0.00013,660801,87.19819,757815
9399,yash97,1,0.00013,660802,87.19833,757815
9400,yashtc,1,0.00013,660803,87.19846,757815
9401,yawningphantom,1,0.00013,660804,87.19859,757815
9402,ycli12,1,0.00013,660805,87.19872,757815
9403,yehoshoua,1,0.00013,660806,87.19885,757815
9404,yejingxin,1,0.00013,660807,87.19899,757815
9405,Yelinz,1,0.00013,660808,87.19912,757815
9406,yell0w4x,1,0.00013,660809,87.19925,757815
9407,yenicelik,1,0.00013,660810,87.19938,757815
9408,YevhenKost,1,0.00013,660811,87.19951,757815
9409,yevhen-reksilier,1,0.00013,660812,87.19965,757815
9410,yf4n,1,0.00013,660813,87.19978,757815
9411,yhchong,1,0.00013,660814,87.19991,757815
9412,y-he2,1,0.00013,660815,87.20004,757815
9413,yichuan9527,1,0.00013,660816,87.20017,757815
9414,yijianli-autra,1,0.00013,660817,87.20031,757815
9415,Yin-1022,1,0.00013,660818,87.20044,757815
9416,yingss235,1,0.00013,660819,87.20057,757815
9417,YiningWang2,1,0.00013,660820,87.20070,757815
9418,yishangru,1,0.00013,660821,87.20083,757815
9419,yiweizh-memverge,1,0.00013,660822,87.20097,757815
9420,yiyepiaoling0715,1,0.00013,660823,87.20110,757815
9421,ylong-roblox,1,0.00013,660824,87.20123,757815
9422,YMRTZ,1,0.00013,660825,87.20136,757815
9423,ynadell,1,0.00013,660826,87.20149,757815
9424,yoavg,1,0.00013,660827,87.20163,757815
9425,yogi-dmt,1,0.00013,660828,87.20176,757815
9426,yoj-apodex,1,0.00013,660829,87.20189,757815
9427,YongqiQiao,1,0.00013,660830,87.20202,757815
9428,yonikremer,1,0.00013,660831,87.20215,757815
9429,Yosafat1997,1,0.00013,660832,87.20229,757815
9430,yosagi,1,0.00013,660833,87.20242,757815
9431,yoschihirokaimoto,1,0.00013,660834,87.20255,757815
9432,yotaro-shimose,1,0.00013,660835,87.20268,757815
9433,YoungHS-NUS,1,0.00013,660836,87.20281,757815
9434,youngjeong46,1,0.00013,660837,87.20295,757815
9435,youngwoo-yoon,1,0.00013,660838,87.20308,757815
9436,Young-zj,1,0.00013,660839,87.20321,757815
9437,youssefbenfarhat,1,0.00013,660840,87.20334,757815
9438,youyouzz,1,0.00013,660841,87.20347,757815
9439,ysanspeur,1,0.00013,660842,87.20361,757815
9440,ysfess22,1,0.00013,660843,87.20374,757815
9441,yshao44,1,0.00013,660844,87.20387,757815
9442,yshvrdhn,1,0.00013,660845,87.20400,757815
9443,ysu-linkedin,1,0.00013,660846,87.20413,757815
9444,Yuchen-Cao,1,0.00013,660847,87.20426,757815
9445,yucoinvestment,1,0.00013,660848,87.20440,757815
9446,YuechengLiu,1,0.00013,660849,87.20453,757815
9447,Yuheon,1,0.00013,660850,87.20466,757815
9448,yukiiwong,1,0.00013,660851,87.20479,757815
9449,yukiontheiceberg,1,0.00013,660852,87.20492,757815
9450,yulinzhang,1,0.00013,660853,87.20506,757815
9451,yunhao2742,1,0.00013,660854,87.20519,757815
9452,Yupjun,1,0.00013,660855,87.20532,757815
9453,yurigorokhov,1,0.00013,660856,87.20545,757815
9454,yurilla56,1,0.00013,660857,87.20558,757815
9455,YuriyKortev,1,0.00013,660858,87.20572,757815
9456,yushengsu-thu,1,0.00013,660859,87.20585,757815
9457,YutingZhang,1,0.00013,660860,87.20598,757815
9458,yuval-fiddler,1,0.00013,660861,87.20611,757815
9459,yuxiang51321,1,0.00013,660862,87.20624,757815
9460,yuxiliu1995,1,0.00013,660863,87.20638,757815
9461,ywang96,1,0.00013,660864,87.20651,757815
9462,yweiii,1,0.00013,660865,87.20664,757815
9463,yw-furiosa,1,0.00013,660866,87.20677,757815
9464,ywq2023,1,0.00013,660867,87.20690,757815
9465,yxchng,1,0.00013,660868,87.20704,757815
9466,yxp544,1,0.00013,660869,87.20717,757815
9467,yy642ang,1,0.00013,660870,87.20730,757815
9468,yyzlong,1,0.00013,660871,87.20743,757815
9469,yz54123,1,0.00013,660872,87.20756,757815
9470,zachabarnes,1,0.00013,660873,87.20770,757815
9471,zacharie-martin,1,0.00013,660874,87.20783,757815
9472,Zaffer,1,0.00013,660875,87.20796,757815
9473,zahababu,1,0.00013,660876,87.20809,757815
9474,zajaczajac,1,0.00013,660877,87.20822,757815
9475,zaloogarcia,1,0.00013,660878,87.20836,757815
9476,zanieb,1,0.00013,660879,87.20849,757815
9477,zawaki,1,0.00013,660880,87.20862,757815
9478,Zbl1007,1,0.00013,660881,87.20875,757815
9479,zbzhu99,1,0.00013,660882,87.20888,757815
9480,zdenek-syntensor,1,0.00013,660883,87.20902,757815
9481,ZDShooter,1,0.00013,660884,87.20915,757815
9482,zdx3578,1,0.00013,660885,87.20928,757815
9483,ZeCarlosCoutinho,1,0.00013,660886,87.20941,757815
9484,zeeshanalipanhwar,1,0.00013,660887,87.20954,757815
9485,zegerhoogeboom,1,0.00013,660888,87.20968,757815
9486,ZeldaHuang,1,0.00013,660889,87.20981,757815
9487,ZengPan-github,1,0.00013,660890,87.20994,757815
9488,zenoengine,1,0.00013,660891,87.21007,757815
9489,zero1zero,1,0.00013,660892,87.21020,757815
9490,ZetiMente,1,0.00013,660893,87.21033,757815
9491,zeyueN,1,0.00013,660894,87.21047,757815
9492,zfavourite99,1,0.00013,660895,87.21060,757815
9493,ZhangDkzzzzz,1,0.00013,660896,87.21073,757815
9494,zhangkuantian,1,0.00013,660897,87.21086,757815
9495,zhanglirong1999,1,0.00013,660898,87.21099,757815
9496,zhangtf0524,1,0.00013,660899,87.21113,757815
9497,zhaoyaqia,1,0.00013,660900,87.21126,757815
9498,zhaoyuxin2,1,0.00013,660901,87.21139,757815
9499,zhedasuiyuan,1,0.00013,660902,87.21152,757815
9500,zheng-essential,1,0.00013,660903,87.21165,757815
9501,zhengy001,1,0.00013,660904,87.21179,757815
9502,Zhen-Zohn-WANG,1,0.00013,660905,87.21192,757815
9503,zhezherun,1,0.00013,660906,87.21205,757815
9504,zhoubin-me,1,0.00013,660907,87.21218,757815
9505,zhouhangzone,1,0.00013,660908,87.21231,757815
9506,zhouhansheng,1,0.00013,660909,87.21245,757815
9507,zhou-ting-hub,1,0.00013,660910,87.21258,757815
9508,zhouzinimg,1,0.00013,660911,87.21271,757815
9509,zhuangxy,1,0.00013,660912,87.21284,757815
9510,zhubenchao,1,0.00013,660913,87.21297,757815
9511,zhujqlibiao,1,0.00013,660914,87.21311,757815
9512,zigui-ps,1,0.00013,660915,87.21324,757815
9513,zihaohe123,1,0.00013,660916,87.21337,757815
9514,ZiMengSheng,1,0.00013,660917,87.21350,757815
9515,ZionOchayon,1,0.00013,660918,87.21363,757815
9516,ZixuWang,1,0.00013,660919,87.21377,757815
9517,ZiyiXia,1,0.00013,660920,87.21390,757815
9518,ziyuang,1,0.00013,660921,87.21403,757815
9519,ZJP-c4cld,1,0.00013,660922,87.21416,757815
9520,zk9907,1,0.00013,660923,87.21429,757815
9521,zkmn73,1,0.00013,660924,87.21443,757815
9522,zl862933,1,0.00013,660925,87.21456,757815
9523,zlpiscoming,1,0.00013,660926,87.21469,757815
9524,zlw21gxy,1,0.00013,660927,87.21482,757815
9525,ZMLloveMLN,1,0.00013,660928,87.21495,757815
9526,Zmrzka,1,0.00013,660929,87.21509,757815
9527,znagler-bdai,1,0.00013,660930,87.21522,757815
9528,zndr27,1,0.00013,660931,87.21535,757815
9529,zoeyzyhu,1,0.00013,660932,87.21548,757815
9530,zongtaili,1,0.00013,660933,87.21561,757815
9531,zorro-gridi,1,0.00013,660934,87.21575,757815
9532,zou000,1,0.00013,660935,87.21588,757815
9533,ZPFPHD,1,0.00013,660936,87.21601,757815
9534,zqc1661586344,1,0.00013,660937,87.21614,757815
9535,zriddle-eiq,1,0.00013,660938,87.21627,757815
9536,zrobertson466920,1,0.00013,660939,87.21641,757815
9537,zrollins-mrk,1,0.00013,660940,87.21654,757815
9538,ZSL98,1,0.00013,660941,87.21667,757815
9539,ztangent,1,0.00013,660942,87.21680,757815
9540,ZTurboX,1,0.00013,660943,87.21693,757815
9541,ztyinlulai,1,0.00013,660944,87.21706,757815
9542,ZubeenK,1,0.00013,660945,87.21720,757815
9543,zuoxingdong,1,0.00013,660946,87.21733,757815
9544,zusne,1,0.00013,660947,87.21746,757815
9545,zxj-op,1,0.00013,660948,87.21759,757815
9546,zxpshadow-prog,1,0.00013,660949,87.21772,757815
9547,zxx0427,1,0.00013,660950,87.21786,757815
9548,zxymark221,1,0.00013,660951,87.21799,757815
9549,zyheeeeee,1,0.00013,660952,87.21812,757815
9550,zzhangpurdue,1,0.00013,660953,87.21825,757815
9551,zzNancy1106,1,0.00013,660954,87.21838,757815
9552,zzzrpagliari,1,0.00013,660955,87.21852,757815
9553,Zzzxxxxy,1,0.00013,660956,87.21865,757815
