type,email,name,github,linkedin1,linkedin2,linkedin3,commits,gender,location,affiliations,new emails
(Unknown),johntmyers!users.noreply.github.com,John T. Myers,https://github.com/johntmyers,https://www.linkedin.com/search/results/all/?origin=GLOBAL_SEARCH_HEADER&keywords=John+T.+Myers,https://www.linkedin.com/search/results/all/?origin=GLOBAL_SEARCH_HEADER&keywords=John+T.+Myers+johntmyers,"",5275,,"","",""
(Unknown),drew!users.noreply.github.com,Drew Newberry,https://github.com/drew,https://www.linkedin.com/search/results/all/?origin=GLOBAL_SEARCH_HEADER&keywords=Drew+Newberry,https://www.linkedin.com/search/results/all/?origin=GLOBAL_SEARCH_HEADER&keywords=Drew+Newberry+drew,"",3748,,"San Diego, CA/us","",""
(Unknown),pimlock!users.noreply.github.com,Piotr Mlocek,https://github.com/pimlock,https://www.linkedin.com/search/results/all/?origin=GLOBAL_SEARCH_HEADER&keywords=Piotr+Mlocek,https://www.linkedin.com/search/results/all/?origin=GLOBAL_SEARCH_HEADER&keywords=Piotr+Mlocek+pimlock,"",2140,,"Victoria, BC/au","",""
(Unknown),taylormutch!gmail.com,Taylor Mutch,https://github.com/TaylorMutch,https://www.linkedin.com/search/results/all/?origin=GLOBAL_SEARCH_HEADER&keywords=Taylor+Mutch,https://www.linkedin.com/search/results/all/?origin=GLOBAL_SEARCH_HEADER&keywords=Taylor+Mutch+taylormutch,https://www.linkedin.com/search/results/all/?origin=GLOBAL_SEARCH_HEADER&keywords=Taylor+Mutch+gmail,1220,,"Snohomish, WA/us","",""
(Unknown),krishicks!users.noreply.github.com,Kris Hicks,https://github.com/krishicks,https://www.linkedin.com/search/results/all/?origin=GLOBAL_SEARCH_HEADER&keywords=Kris+Hicks,https://www.linkedin.com/search/results/all/?origin=GLOBAL_SEARCH_HEADER&keywords=Kris+Hicks+krishicks,"",826,,"","",""
(Unknown),jogreco!nvidia.com,Johnny Greco,https://github.com/johnnygreco,https://www.linkedin.com/search/results/all/?origin=GLOBAL_SEARCH_HEADER&keywords=Johnny+Greco,https://www.linkedin.com/search/results/all/?origin=GLOBAL_SEARCH_HEADER&keywords=Johnny+Greco+jogreco,https://www.linkedin.com/search/results/all/?origin=GLOBAL_SEARCH_HEADER&keywords=Johnny+Greco+nvidia,538,,Earth/us,"",""
(Unknown),SDAChess!users.noreply.github.com,Simon Scatton,https://github.com/SDAChess,https://www.linkedin.com/search/results/all/?origin=GLOBAL_SEARCH_HEADER&keywords=Simon+Scatton,https://www.linkedin.com/search/results/all/?origin=GLOBAL_SEARCH_HEADER&keywords=Simon+Scatton+SDAChess,"",446,,"Zurich, Switzerland./ch","",""
(Unknown),jim!geekdaily.org,Jim Meyer,https://github.com/purp,https://www.linkedin.com/search/results/all/?origin=GLOBAL_SEARCH_HEADER&keywords=Jim+Meyer,https://www.linkedin.com/search/results/all/?origin=GLOBAL_SEARCH_HEADER&keywords=Jim+Meyer+jim,https://www.linkedin.com/search/results/all/?origin=GLOBAL_SEARCH_HEADER&keywords=Jim+Meyer+geekdaily,322,,"Alameda, CA/us","",""
(Unknown),shailendra-nv!users.noreply.github.com,Shailendra Singh,https://github.com/shailendra-nv,https://www.linkedin.com/search/results/all/?origin=GLOBAL_SEARCH_HEADER&keywords=Shailendra+Singh,https://www.linkedin.com/search/results/all/?origin=GLOBAL_SEARCH_HEADER&keywords=Shailendra+Singh+shailendra-nv,"",271,,"","",""
(Unknown),zredlined!users.noreply.github.com,Alexander Watson,https://github.com/zredlined,https://www.linkedin.com/search/results/all/?origin=GLOBAL_SEARCH_HEADER&keywords=Alexander+Watson,https://www.linkedin.com/search/results/all/?origin=GLOBAL_SEARCH_HEADER&keywords=Alexander+Watson+zredlined,"",226,,"San Diego, CA/us","",""
(Unknown),alangou!nvidia.com,"",https://github.com/alangou,https://www.linkedin.com/search/results/all/?origin=GLOBAL_SEARCH_HEADER&keywords=,https://www.linkedin.com/search/results/all/?origin=GLOBAL_SEARCH_HEADER&keywords=+alangou,https://www.linkedin.com/search/results/all/?origin=GLOBAL_SEARCH_HEADER&keywords=+nvidia,218,,"","",""
(Unknown),politerealism!users.noreply.github.com,Polite_realism,https://github.com/politerealism,https://www.linkedin.com/search/results/all/?origin=GLOBAL_SEARCH_HEADER&keywords=Polite_realism,https://www.linkedin.com/search/results/all/?origin=GLOBAL_SEARCH_HEADER&keywords=Polite_realism+politerealism,"",149,,"","",""
(Unknown),prekshivyas!users.noreply.github.com,Prekshi Vyas,https://github.com/prekshivyas,https://www.linkedin.com/search/results/all/?origin=GLOBAL_SEARCH_HEADER&keywords=Prekshi+Vyas,https://www.linkedin.com/search/results/all/?origin=GLOBAL_SEARCH_HEADER&keywords=Prekshi+Vyas+prekshivyas,"",146,,https://www.linkedin.com/in/prekshi-vyas/,"",""
(Unknown),miyoungc!users.noreply.github.com,Miyoung Choi,https://github.com/miyoungc,https://www.linkedin.com/search/results/all/?origin=GLOBAL_SEARCH_HEADER&keywords=Miyoung+Choi,https://www.linkedin.com/search/results/all/?origin=GLOBAL_SEARCH_HEADER&keywords=Miyoung+Choi+miyoungc,"",143,,"","",""
(Unknown),FrostGod!users.noreply.github.com,Divesh,https://github.com/FrostGod,https://www.linkedin.com/search/results/all/?origin=GLOBAL_SEARCH_HEADER&keywords=Divesh,https://www.linkedin.com/search/results/all/?origin=GLOBAL_SEARCH_HEADER&keywords=Divesh+FrostGod,"",140,,"","",""
(Unknown),shiju-nv!users.noreply.github.com,Shiju,https://github.com/shiju-nv,https://www.linkedin.com/search/results/all/?origin=GLOBAL_SEARCH_HEADER&keywords=Shiju,https://www.linkedin.com/search/results/all/?origin=GLOBAL_SEARCH_HEADER&keywords=Shiju+shiju-nv,"",135,,"","",""
(Unknown),olivercalder!users.noreply.github.com,Oliver Calder,https://github.com/olivercalder,https://www.linkedin.com/search/results/all/?origin=GLOBAL_SEARCH_HEADER&keywords=Oliver+Calder,https://www.linkedin.com/search/results/all/?origin=GLOBAL_SEARCH_HEADER&keywords=Oliver+Calder+olivercalder,"",133,,"Minneapolis, MN/us","",""
(Unknown),letv1nnn!users.noreply.github.com,Artem Lytvyn,https://github.com/letv1nnn,https://www.linkedin.com/search/results/all/?origin=GLOBAL_SEARCH_HEADER&keywords=Artem+Lytvyn,https://www.linkedin.com/search/results/all/?origin=GLOBAL_SEARCH_HEADER&keywords=Artem+Lytvyn+letv1nnn,"",118,,Dublin/ie,"",""
(Unknown),gsim!redhat.com,"",https://github.com/grs,https://www.linkedin.com/search/results/all/?origin=GLOBAL_SEARCH_HEADER&keywords=,https://www.linkedin.com/search/results/all/?origin=GLOBAL_SEARCH_HEADER&keywords=+gsim,https://www.linkedin.com/search/results/all/?origin=GLOBAL_SEARCH_HEADER&keywords=+redhat,116,,"","",""
(Unknown),mjamiv!users.noreply.github.com,"",https://github.com/mjamiv,https://www.linkedin.com/search/results/all/?origin=GLOBAL_SEARCH_HEADER&keywords=,https://www.linkedin.com/search/results/all/?origin=GLOBAL_SEARCH_HEADER&keywords=+mjamiv,"",113,,"","",""
(Unknown),jtoelke2!users.noreply.github.com,"",https://github.com/jtoelke2,https://www.linkedin.com/search/results/all/?origin=GLOBAL_SEARCH_HEADER&keywords=,https://www.linkedin.com/search/results/all/?origin=GLOBAL_SEARCH_HEADER&keywords=+jtoelke2,"",106,,"","",""
(Unknown),kirit93!users.noreply.github.com,Kirit Thadaka,https://github.com/kirit93,https://www.linkedin.com/search/results/all/?origin=GLOBAL_SEARCH_HEADER&keywords=Kirit+Thadaka,https://www.linkedin.com/search/results/all/?origin=GLOBAL_SEARCH_HEADER&keywords=Kirit+Thadaka+kirit93,"",98,,Seattle/us,"",""
(Unknown),zygmunt.krynicki!canonical.com,Zygmunt Krynicki,https://github.com/zyga,https://www.linkedin.com/search/results/all/?origin=GLOBAL_SEARCH_HEADER&keywords=Zygmunt+Krynicki,https://www.linkedin.com/search/results/all/?origin=GLOBAL_SEARCH_HEADER&keywords=Zygmunt+Krynicki+zygmunt.krynicki,https://www.linkedin.com/search/results/all/?origin=GLOBAL_SEARCH_HEADER&keywords=Zygmunt+Krynicki+canonical,95,,Poland/pl,"",""
(Unknown),jiripetrlik!gmail.com,Jiri Petrlik,https://github.com/jiripetrlik,https://www.linkedin.com/search/results/all/?origin=GLOBAL_SEARCH_HEADER&keywords=Jiri+Petrlik,https://www.linkedin.com/search/results/all/?origin=GLOBAL_SEARCH_HEADER&keywords=Jiri+Petrlik+jiripetrlik,https://www.linkedin.com/search/results/all/?origin=GLOBAL_SEARCH_HEADER&keywords=Jiri+Petrlik+gmail,90,,"","",""
(Unknown),ddurst-nvidia!users.noreply.github.com,ddurst,https://github.com/ddurst-nvidia,https://www.linkedin.com/search/results/all/?origin=GLOBAL_SEARCH_HEADER&keywords=ddurst,https://www.linkedin.com/search/results/all/?origin=GLOBAL_SEARCH_HEADER&keywords=ddurst+ddurst-nvidia,"",76,,"","",""
(Unknown),vince-brisebois!users.noreply.github.com,"",https://github.com/vince-brisebois,https://www.linkedin.com/search/results/all/?origin=GLOBAL_SEARCH_HEADER&keywords=,https://www.linkedin.com/search/results/all/?origin=GLOBAL_SEARCH_HEADER&keywords=+vince-brisebois,"",65,,"","",""
(Unknown),dhirajsb!users.noreply.github.com,Dhiraj Bokde,https://github.com/dhirajsb,https://www.linkedin.com/search/results/all/?origin=GLOBAL_SEARCH_HEADER&keywords=Dhiraj+Bokde,https://www.linkedin.com/search/results/all/?origin=GLOBAL_SEARCH_HEADER&keywords=Dhiraj+Bokde+dhirajsb,"",62,,California/us,"",""
(Unknown),fede-kamel!users.noreply.github.com,Fede Kamelhar,https://github.com/fede-kamel,https://www.linkedin.com/search/results/all/?origin=GLOBAL_SEARCH_HEADER&keywords=Fede+Kamelhar,https://www.linkedin.com/search/results/all/?origin=GLOBAL_SEARCH_HEADER&keywords=Fede+Kamelhar+fede-kamel,"",61,,New York City/us,"",""
(Unknown),2000krysztof!users.noreply.github.com,Krzysztof Malczuk,https://github.com/2000krysztof,https://www.linkedin.com/search/results/all/?origin=GLOBAL_SEARCH_HEADER&keywords=Krzysztof+Malczuk,https://www.linkedin.com/search/results/all/?origin=GLOBAL_SEARCH_HEADER&keywords=Krzysztof+Malczuk+2000krysztof,"",56,,"","",""
(Unknown),andrewwhitecdw!users.noreply.github.com,Andrew White,https://github.com/andrewwhitecdw,https://www.linkedin.com/search/results/all/?origin=GLOBAL_SEARCH_HEADER&keywords=Andrew+White,https://www.linkedin.com/search/results/all/?origin=GLOBAL_SEARCH_HEADER&keywords=Andrew+White+andrewwhitecdw,"",55,,Texas/us,"",""
(Unknown),maxdubrinsky!users.noreply.github.com,Max Dubrinsky,https://github.com/maxdubrinsky,https://www.linkedin.com/search/results/all/?origin=GLOBAL_SEARCH_HEADER&keywords=Max+Dubrinsky,https://www.linkedin.com/search/results/all/?origin=GLOBAL_SEARCH_HEADER&keywords=Max+Dubrinsky+maxdubrinsky,"",53,,"","",""
(Unknown),r3v5!users.noreply.github.com,Ian Miller,https://github.com/r3v5,https://www.linkedin.com/search/results/all/?origin=GLOBAL_SEARCH_HEADER&keywords=Ian+Miller,https://www.linkedin.com/search/results/all/?origin=GLOBAL_SEARCH_HEADER&keywords=Ian+Miller+r3v5,"",52,,Dublin/ie,"",""
(Unknown),st-gr!users.noreply.github.com,"",https://github.com/st-gr,https://www.linkedin.com/search/results/all/?origin=GLOBAL_SEARCH_HEADER&keywords=,https://www.linkedin.com/search/results/all/?origin=GLOBAL_SEARCH_HEADER&keywords=+st-gr,"",45,,"","",""
(Unknown),jordan!ganoff.com,Jordan Ganoff,https://github.com/jganoff,https://www.linkedin.com/search/results/all/?origin=GLOBAL_SEARCH_HEADER&keywords=Jordan+Ganoff,https://www.linkedin.com/search/results/all/?origin=GLOBAL_SEARCH_HEADER&keywords=Jordan+Ganoff+jordan,https://www.linkedin.com/search/results/all/?origin=GLOBAL_SEARCH_HEADER&keywords=Jordan+Ganoff+ganoff,40,,"Seattle, WA/us","",""
(Unknown),latenighthackathon!users.noreply.github.com,LateNightHackathon,https://github.com/latenighthackathon,https://www.linkedin.com/search/results/all/?origin=GLOBAL_SEARCH_HEADER&keywords=LateNightHackathon,https://www.linkedin.com/search/results/all/?origin=GLOBAL_SEARCH_HEADER&keywords=LateNightHackathon+latenighthackathon,"",40,,"DFW, TX/us","",""
(Unknown),dimityrmirchev!users.noreply.github.com,Dimitar Mirchev,https://github.com/dimityrmirchev,https://www.linkedin.com/search/results/all/?origin=GLOBAL_SEARCH_HEADER&keywords=Dimitar+Mirchev,https://www.linkedin.com/search/results/all/?origin=GLOBAL_SEARCH_HEADER&keywords=Dimitar+Mirchev+dimityrmirchev,"",38,,"Sofia, Bulgaria/bg","",""
(Unknown),cheese-head!users.noreply.github.com,Patrick Riel,https://github.com/cheese-head,https://www.linkedin.com/search/results/all/?origin=GLOBAL_SEARCH_HEADER&keywords=Patrick+Riel,https://www.linkedin.com/search/results/all/?origin=GLOBAL_SEARCH_HEADER&keywords=Patrick+Riel+cheese-head,"",37,,"","",""
(Unknown),rohancmr!users.noreply.github.com,Rohan Kumar,https://github.com/rohancmr,https://www.linkedin.com/search/results/all/?origin=GLOBAL_SEARCH_HEADER&keywords=Rohan+Kumar,https://www.linkedin.com/search/results/all/?origin=GLOBAL_SEARCH_HEADER&keywords=Rohan+Kumar+rohancmr,"",36,,Remote/us,"",""
(Unknown),nv-kasikritc!users.noreply.github.com,"",https://github.com/nv-kasikritc,https://www.linkedin.com/search/results/all/?origin=GLOBAL_SEARCH_HEADER&keywords=,https://www.linkedin.com/search/results/all/?origin=GLOBAL_SEARCH_HEADER&keywords=+nv-kasikritc,"",34,,"","",""
(Unknown),sauagarwa!users.noreply.github.com,Saurabh Agarwal,https://github.com/sauagarwa,https://www.linkedin.com/search/results/all/?origin=GLOBAL_SEARCH_HEADER&keywords=Saurabh+Agarwal,https://www.linkedin.com/search/results/all/?origin=GLOBAL_SEARCH_HEADER&keywords=Saurabh+Agarwal+sauagarwa,"",34,,"","",""
(Unknown),gmenher!users.noreply.github.com,Gaizka Menendez,https://github.com/gmenher,https://www.linkedin.com/search/results/all/?origin=GLOBAL_SEARCH_HEADER&keywords=Gaizka+Menendez,https://www.linkedin.com/search/results/all/?origin=GLOBAL_SEARCH_HEADER&keywords=Gaizka+Menendez+gmenher,"",32,,"","",""
(Unknown),rpelevin!users.noreply.github.com,Roman Pelevin,https://github.com/rpelevin,https://www.linkedin.com/search/results/all/?origin=GLOBAL_SEARCH_HEADER&keywords=Roman+Pelevin,https://www.linkedin.com/search/results/all/?origin=GLOBAL_SEARCH_HEADER&keywords=Roman+Pelevin+rpelevin,"",32,,"","",""
(Unknown),rmalani-nv!users.noreply.github.com,Roshni Malani,https://github.com/rmalani-nv,https://www.linkedin.com/search/results/all/?origin=GLOBAL_SEARCH_HEADER&keywords=Roshni+Malani,https://www.linkedin.com/search/results/all/?origin=GLOBAL_SEARCH_HEADER&keywords=Roshni+Malani+rmalani-nv,"",31,,"","",""
(Unknown),aaron.c.erickson!gmail.com,Aaron Erickson 🦞,https://github.com/ericksoa,https://www.linkedin.com/search/results/all/?origin=GLOBAL_SEARCH_HEADER&keywords=Aaron+Erickson+%F0%9F%A6%9E,https://www.linkedin.com/search/results/all/?origin=GLOBAL_SEARCH_HEADER&keywords=Aaron+Erickson+%F0%9F%A6%9E+aaron.c.erickson,https://www.linkedin.com/search/results/all/?origin=GLOBAL_SEARCH_HEADER&keywords=Aaron+Erickson+%F0%9F%A6%9E+gmail,30,,"San Francisco, CA/us","",""
(Unknown),git!tinson.io,Tinson Lai,https://github.com/laitingsheng,https://www.linkedin.com/search/results/all/?origin=GLOBAL_SEARCH_HEADER&keywords=Tinson+Lai,https://www.linkedin.com/search/results/all/?origin=GLOBAL_SEARCH_HEADER&keywords=Tinson+Lai+git,https://www.linkedin.com/search/results/all/?origin=GLOBAL_SEARCH_HEADER&keywords=Tinson+Lai+tinson,30,,"Shanghai, China/cn","",""
(Unknown),loveRhythm1990!users.noreply.github.com,"",https://github.com/loveRhythm1990,https://www.linkedin.com/search/results/all/?origin=GLOBAL_SEARCH_HEADER&keywords=,https://www.linkedin.com/search/results/all/?origin=GLOBAL_SEARCH_HEADER&keywords=+loveRhythm1990,"",29,,shanghai/cn,"",""
(Unknown),nate!natedemoss.dev,"",https://github.com/natedemoss,https://www.linkedin.com/search/results/all/?origin=GLOBAL_SEARCH_HEADER&keywords=,https://www.linkedin.com/search/results/all/?origin=GLOBAL_SEARCH_HEADER&keywords=+nate,https://www.linkedin.com/search/results/all/?origin=GLOBAL_SEARCH_HEADER&keywords=+natedemoss,29,,Raleigh /us,"",""
(Unknown),bjw123!users.noreply.github.com,Bryce Wilkinson,https://github.com/bjw123,https://www.linkedin.com/search/results/all/?origin=GLOBAL_SEARCH_HEADER&keywords=Bryce+Wilkinson,https://www.linkedin.com/search/results/all/?origin=GLOBAL_SEARCH_HEADER&keywords=Bryce+Wilkinson+bjw123,"",28,,Complicated,"",""
(Unknown),cjfit!users.noreply.github.com,Cedric Fitzgerald,https://github.com/cjfit,https://www.linkedin.com/search/results/all/?origin=GLOBAL_SEARCH_HEADER&keywords=Cedric+Fitzgerald,https://www.linkedin.com/search/results/all/?origin=GLOBAL_SEARCH_HEADER&keywords=Cedric+Fitzgerald+cjfit,"",27,,San Francisco Bay Area/us,"",""
(Unknown),htekdev!users.noreply.github.com,Hector Flores,https://github.com/htekdev,https://www.linkedin.com/search/results/all/?origin=GLOBAL_SEARCH_HEADER&keywords=Hector+Flores,https://www.linkedin.com/search/results/all/?origin=GLOBAL_SEARCH_HEADER&keywords=Hector+Flores+htekdev,"",27,,"","",""
(Unknown),lbeliaev!gmail.com,Leonid Belyaev,https://github.com/lbelyaev,https://www.linkedin.com/search/results/all/?origin=GLOBAL_SEARCH_HEADER&keywords=Leonid+Belyaev,https://www.linkedin.com/search/results/all/?origin=GLOBAL_SEARCH_HEADER&keywords=Leonid+Belyaev+lbeliaev,https://www.linkedin.com/search/results/all/?origin=GLOBAL_SEARCH_HEADER&keywords=Leonid+Belyaev+gmail,26,,"Los Altos, CA/ve","",""
(Unknown),waynesun09!users.noreply.github.com,Wayne Sun,https://github.com/waynesun09,https://www.linkedin.com/search/results/all/?origin=GLOBAL_SEARCH_HEADER&keywords=Wayne+Sun,https://www.linkedin.com/search/results/all/?origin=GLOBAL_SEARCH_HEADER&keywords=Wayne+Sun+waynesun09,"",26,,"","",""
(Unknown),peppywolf.ym!gmail.com,Toxictaurus ,https://github.com/peppywolfym-lab,https://www.linkedin.com/search/results/all/?origin=GLOBAL_SEARCH_HEADER&keywords=Toxictaurus+,https://www.linkedin.com/search/results/all/?origin=GLOBAL_SEARCH_HEADER&keywords=Toxictaurus++peppywolf.ym,https://www.linkedin.com/search/results/all/?origin=GLOBAL_SEARCH_HEADER&keywords=Toxictaurus++gmail,24,,"","",""
(Unknown),jgarciao!users.noreply.github.com,Jorge,https://github.com/jgarciao,https://www.linkedin.com/search/results/all/?origin=GLOBAL_SEARCH_HEADER&keywords=Jorge,https://www.linkedin.com/search/results/all/?origin=GLOBAL_SEARCH_HEADER&keywords=Jorge+jgarciao,"",23,,Barcelona/es,"",""
(Unknown),areporeporepo!users.noreply.github.com,NQ ,https://github.com/areporeporepo,https://www.linkedin.com/search/results/all/?origin=GLOBAL_SEARCH_HEADER&keywords=NQ+,https://www.linkedin.com/search/results/all/?origin=GLOBAL_SEARCH_HEADER&keywords=NQ++areporeporepo,"",22,,"","",""
(Unknown),cosmicnet!cpan.org,Lyle Hopkins,https://github.com/cosmicnet,https://www.linkedin.com/search/results/all/?origin=GLOBAL_SEARCH_HEADER&keywords=Lyle+Hopkins,https://www.linkedin.com/search/results/all/?origin=GLOBAL_SEARCH_HEADER&keywords=Lyle+Hopkins+cosmicnet,https://www.linkedin.com/search/results/all/?origin=GLOBAL_SEARCH_HEADER&keywords=Lyle+Hopkins+cpan,22,,"","",""
(Unknown),araza008!users.noreply.github.com,"",https://github.com/araza008,https://www.linkedin.com/search/results/all/?origin=GLOBAL_SEARCH_HEADER&keywords=,https://www.linkedin.com/search/results/all/?origin=GLOBAL_SEARCH_HEADER&keywords=+araza008,"",21,,"","",""
(Unknown),evie.howard2305!gmail.com,Evie Howard,https://github.com/eviehoward,https://www.linkedin.com/search/results/all/?origin=GLOBAL_SEARCH_HEADER&keywords=Evie+Howard,https://www.linkedin.com/search/results/all/?origin=GLOBAL_SEARCH_HEADER&keywords=Evie+Howard+evie.howard2305,https://www.linkedin.com/search/results/all/?origin=GLOBAL_SEARCH_HEADER&keywords=Evie+Howard+gmail,20,,Ireland/gb,"",""
(Unknown),rrhubenov!users.noreply.github.com,rhubenov,https://github.com/rrhubenov,https://www.linkedin.com/search/results/all/?origin=GLOBAL_SEARCH_HEADER&keywords=rhubenov,https://www.linkedin.com/search/results/all/?origin=GLOBAL_SEARCH_HEADER&keywords=rhubenov+rrhubenov,"",20,,"Bulgaria, Sofia/bg","",""
(Unknown),udsy19!users.noreply.github.com,"",https://github.com/udsy19,https://www.linkedin.com/search/results/all/?origin=GLOBAL_SEARCH_HEADER&keywords=,https://www.linkedin.com/search/results/all/?origin=GLOBAL_SEARCH_HEADER&keywords=+udsy19,"",20,,"","",""
(Unknown),afournier!nvidia.com,Alex Fournier,https://github.com/afourniernv,https://www.linkedin.com/search/results/all/?origin=GLOBAL_SEARCH_HEADER&keywords=Alex+Fournier,https://www.linkedin.com/search/results/all/?origin=GLOBAL_SEARCH_HEADER&keywords=Alex+Fournier+afournier,https://www.linkedin.com/search/results/all/?origin=GLOBAL_SEARCH_HEADER&keywords=Alex+Fournier+nvidia,19,,"","",""
(Unknown),alexclewontin!users.noreply.github.com,Alex Lewontin,https://github.com/alexclewontin,https://www.linkedin.com/search/results/all/?origin=GLOBAL_SEARCH_HEADER&keywords=Alex+Lewontin,https://www.linkedin.com/search/results/all/?origin=GLOBAL_SEARCH_HEADER&keywords=Alex+Lewontin+alexclewontin,"",19,,"","",""
(Unknown),mayawang!users.noreply.github.com,Maya Wang,https://github.com/mayawang,https://www.linkedin.com/search/results/all/?origin=GLOBAL_SEARCH_HEADER&keywords=Maya+Wang,https://www.linkedin.com/search/results/all/?origin=GLOBAL_SEARCH_HEADER&keywords=Maya+Wang+mayawang,"",19,,"Seattle, WA/us","",""
(Unknown),"engel.michael!hm.edu, engel.michael!hotmail.de",Michael Engel,https://github.com/engelmi,https://www.linkedin.com/search/results/all/?origin=GLOBAL_SEARCH_HEADER&keywords=Michael+Engel,https://www.linkedin.com/search/results/all/?origin=GLOBAL_SEARCH_HEADER&keywords=Michael+Engel+engel.michael,https://www.linkedin.com/search/results/all/?origin=GLOBAL_SEARCH_HEADER&keywords=Michael+Engel+hm,18,,"","",""
(Unknown),derekhsu!hotmail.com,Derek Hsu,https://github.com/derekhsu,https://www.linkedin.com/search/results/all/?origin=GLOBAL_SEARCH_HEADER&keywords=Derek+Hsu,https://www.linkedin.com/search/results/all/?origin=GLOBAL_SEARCH_HEADER&keywords=Derek+Hsu+derekhsu,https://www.linkedin.com/search/results/all/?origin=GLOBAL_SEARCH_HEADER&keywords=Derek+Hsu+hotmail,17,,"Kaohsiung, Taiwan/tw","",""
(Unknown),kvnloo!users.noreply.github.com,Kevin Rajan,https://github.com/kvnloo,https://www.linkedin.com/search/results/all/?origin=GLOBAL_SEARCH_HEADER&keywords=Kevin+Rajan,https://www.linkedin.com/search/results/all/?origin=GLOBAL_SEARCH_HEADER&keywords=Kevin+Rajan+kvnloo,"",17,,"Chicago, IL/us","",""
(Unknown),TonyLuo-NV!users.noreply.github.com,Tony Luo,https://github.com/TonyLuo-NV,https://www.linkedin.com/search/results/all/?origin=GLOBAL_SEARCH_HEADER&keywords=Tony+Luo,https://www.linkedin.com/search/results/all/?origin=GLOBAL_SEARCH_HEADER&keywords=Tony+Luo+TonyLuo-NV,"",17,,"","",""
(Unknown),davidpeden3!users.noreply.github.com,David Peden,https://github.com/davidpeden3,https://www.linkedin.com/search/results/all/?origin=GLOBAL_SEARCH_HEADER&keywords=David+Peden,https://www.linkedin.com/search/results/all/?origin=GLOBAL_SEARCH_HEADER&keywords=David+Peden+davidpeden3,"",16,,"Austin, TX/us","",""
(Unknown),gracesmith6504!gmail.com,Grace Smith,https://github.com/gracesmith6504,https://www.linkedin.com/search/results/all/?origin=GLOBAL_SEARCH_HEADER&keywords=Grace+Smith,https://www.linkedin.com/search/results/all/?origin=GLOBAL_SEARCH_HEADER&keywords=Grace+Smith+gracesmith6504,https://www.linkedin.com/search/results/all/?origin=GLOBAL_SEARCH_HEADER&keywords=Grace+Smith+gmail,16,,Dublin/ie,"",""
(Unknown),KyleZheng1284!users.noreply.github.com,Kyle Zheng,https://github.com/KyleZheng1284,https://www.linkedin.com/search/results/all/?origin=GLOBAL_SEARCH_HEADER&keywords=Kyle+Zheng,https://www.linkedin.com/search/results/all/?origin=GLOBAL_SEARCH_HEADER&keywords=Kyle+Zheng+KyleZheng1284,"",16,,"","",""
(Unknown),minhdq.dev!gmail.com,Minh Dang Quang,https://github.com/minhdqdev,https://www.linkedin.com/search/results/all/?origin=GLOBAL_SEARCH_HEADER&keywords=Minh+Dang+Quang,https://www.linkedin.com/search/results/all/?origin=GLOBAL_SEARCH_HEADER&keywords=Minh+Dang+Quang+minhdq.dev,https://www.linkedin.com/search/results/all/?origin=GLOBAL_SEARCH_HEADER&keywords=Minh+Dang+Quang+gmail,16,,"Hanoi, Vietnam/vn","",""
(Unknown),ParthSareen!users.noreply.github.com,Parth Sareen,https://github.com/ParthSareen,https://www.linkedin.com/search/results/all/?origin=GLOBAL_SEARCH_HEADER&keywords=Parth+Sareen,https://www.linkedin.com/search/results/all/?origin=GLOBAL_SEARCH_HEADER&keywords=Parth+Sareen+ParthSareen,"",16,,"Toronto, Canada/ca","",""
(Unknown),cjagwani!users.noreply.github.com,"",https://github.com/cjagwani,https://www.linkedin.com/search/results/all/?origin=GLOBAL_SEARCH_HEADER&keywords=,https://www.linkedin.com/search/results/all/?origin=GLOBAL_SEARCH_HEADER&keywords=+cjagwani,"",15,,"","",""
(Unknown),ebusto!users.noreply.github.com,Eric Busto,https://github.com/ebusto,https://www.linkedin.com/search/results/all/?origin=GLOBAL_SEARCH_HEADER&keywords=Eric+Busto,https://www.linkedin.com/search/results/all/?origin=GLOBAL_SEARCH_HEADER&keywords=Eric+Busto+ebusto,"",15,,"San Diego, CA/us","",""
(Unknown),pkhodade-NV!users.noreply.github.com,"",https://github.com/pkhodade-NV,https://www.linkedin.com/search/results/all/?origin=GLOBAL_SEARCH_HEADER&keywords=,https://www.linkedin.com/search/results/all/?origin=GLOBAL_SEARCH_HEADER&keywords=+pkhodade-NV,"",15,,"","",""
(Unknown),maruiz93!users.noreply.github.com,Marta Añón Ruiz,https://github.com/maruiz93,https://www.linkedin.com/search/results/all/?origin=GLOBAL_SEARCH_HEADER&keywords=Marta+A%C3%B1%C3%B3n+Ruiz,https://www.linkedin.com/search/results/all/?origin=GLOBAL_SEARCH_HEADER&keywords=Marta+A%C3%B1%C3%B3n+Ruiz+maruiz93,"",14,,"","",""
(Unknown),NaveCohenMonday!users.noreply.github.com,Nave Cohen,https://github.com/NaveCohenMonday,https://www.linkedin.com/search/results/all/?origin=GLOBAL_SEARCH_HEADER&keywords=Nave+Cohen,https://www.linkedin.com/search/results/all/?origin=GLOBAL_SEARCH_HEADER&keywords=Nave+Cohen+NaveCohenMonday,"",14,,"","",""
(Unknown),vegarsti!users.noreply.github.com,Vegard Stikbakke,https://github.com/vegarsti,https://www.linkedin.com/search/results/all/?origin=GLOBAL_SEARCH_HEADER&keywords=Vegard+Stikbakke,https://www.linkedin.com/search/results/all/?origin=GLOBAL_SEARCH_HEADER&keywords=Vegard+Stikbakke+vegarsti,"",14,,Norway/no,"",""
(Unknown),signal!aeoess.com,Tymofii Pidlisnyi,https://github.com/aeoess,https://www.linkedin.com/search/results/all/?origin=GLOBAL_SEARCH_HEADER&keywords=Tymofii+Pidlisnyi,https://www.linkedin.com/search/results/all/?origin=GLOBAL_SEARCH_HEADER&keywords=Tymofii+Pidlisnyi+signal,https://www.linkedin.com/search/results/all/?origin=GLOBAL_SEARCH_HEADER&keywords=Tymofii+Pidlisnyi+aeoess,13,,"San Francisco, CA/us","",""
(Unknown),bsquizz!users.noreply.github.com,Brandon Squizzato,https://github.com/bsquizz,https://www.linkedin.com/search/results/all/?origin=GLOBAL_SEARCH_HEADER&keywords=Brandon+Squizzato,https://www.linkedin.com/search/results/all/?origin=GLOBAL_SEARCH_HEADER&keywords=Brandon+Squizzato+bsquizz,"",13,,"Durham, NC/gb","",""
(Unknown),liveaverage!users.noreply.github.com,J.R. Morgan,https://github.com/liveaverage,https://www.linkedin.com/search/results/all/?origin=GLOBAL_SEARCH_HEADER&keywords=J.R.+Morgan,https://www.linkedin.com/search/results/all/?origin=GLOBAL_SEARCH_HEADER&keywords=J.R.+Morgan+liveaverage,"",13,,"Gainesville, FL/us","",""
(Unknown),sylvesterkaczmarek!users.noreply.github.com,Sylvester Kaczmarek,https://github.com/sylvesterkaczmarek,https://www.linkedin.com/search/results/all/?origin=GLOBAL_SEARCH_HEADER&keywords=Sylvester+Kaczmarek,https://www.linkedin.com/search/results/all/?origin=GLOBAL_SEARCH_HEADER&keywords=Sylvester+Kaczmarek+sylvesterkaczmarek,"",13,,"","",""
(Unknown),bornav!users.noreply.github.com,"",https://github.com/bornav,https://www.linkedin.com/search/results/all/?origin=GLOBAL_SEARCH_HEADER&keywords=,https://www.linkedin.com/search/results/all/?origin=GLOBAL_SEARCH_HEADER&keywords=+bornav,"",12,,"","",""
(Unknown),gburachas!users.noreply.github.com,GDRS,https://github.com/gburachas,https://www.linkedin.com/search/results/all/?origin=GLOBAL_SEARCH_HEADER&keywords=GDRS,https://www.linkedin.com/search/results/all/?origin=GLOBAL_SEARCH_HEADER&keywords=GDRS+gburachas,"",12,,"","",""
(Unknown),Kh4L!users.noreply.github.com,Serge Panev,https://github.com/Kh4L,https://www.linkedin.com/search/results/all/?origin=GLOBAL_SEARCH_HEADER&keywords=Serge+Panev,https://www.linkedin.com/search/results/all/?origin=GLOBAL_SEARCH_HEADER&keywords=Serge+Panev+Kh4L,"",12,,SF Bay Area/us,"",""
(Unknown),quocanh261997!gmail.com,Mike Nguyen,https://github.com/quocanh261997,https://www.linkedin.com/search/results/all/?origin=GLOBAL_SEARCH_HEADER&keywords=Mike+Nguyen,https://www.linkedin.com/search/results/all/?origin=GLOBAL_SEARCH_HEADER&keywords=Mike+Nguyen+quocanh261997,https://www.linkedin.com/search/results/all/?origin=GLOBAL_SEARCH_HEADER&keywords=Mike+Nguyen+gmail,12,,"Hanoi, Vietnam/vn","",""
(Unknown),bergmannf!users.noreply.github.com,Florian Bergmann,https://github.com/bergmannf,https://www.linkedin.com/search/results/all/?origin=GLOBAL_SEARCH_HEADER&keywords=Florian+Bergmann,https://www.linkedin.com/search/results/all/?origin=GLOBAL_SEARCH_HEADER&keywords=Florian+Bergmann+bergmannf,"",11,,Nuremberg/de,"",""
(Unknown),ryana!users.noreply.github.com,Ryan Angilly,https://github.com/ryana,https://www.linkedin.com/search/results/all/?origin=GLOBAL_SEARCH_HEADER&keywords=Ryan+Angilly,https://www.linkedin.com/search/results/all/?origin=GLOBAL_SEARCH_HEADER&keywords=Ryan+Angilly+ryana,"",11,,"Denver, CO/us","",""
(Unknown),s.avinash.v!gmail.com,Tyeth Gundry,https://github.com/tyeth,https://www.linkedin.com/search/results/all/?origin=GLOBAL_SEARCH_HEADER&keywords=Tyeth+Gundry,https://www.linkedin.com/search/results/all/?origin=GLOBAL_SEARCH_HEADER&keywords=Tyeth+Gundry+s.avinash.v,https://www.linkedin.com/search/results/all/?origin=GLOBAL_SEARCH_HEADER&keywords=Tyeth+Gundry+gmail,11,,"Bristol, UK/gb","",""
(Unknown),Bobbins228!users.noreply.github.com,Mark Campbell,https://github.com/Bobbins228,https://www.linkedin.com/search/results/all/?origin=GLOBAL_SEARCH_HEADER&keywords=Mark+Campbell,https://www.linkedin.com/search/results/all/?origin=GLOBAL_SEARCH_HEADER&keywords=Mark+Campbell+Bobbins228,"",10,,"","",""
(Unknown),brianwtaylor!users.noreply.github.com,Brian Taylor,https://github.com/brianwtaylor,https://www.linkedin.com/search/results/all/?origin=GLOBAL_SEARCH_HEADER&keywords=Brian+Taylor,https://www.linkedin.com/search/results/all/?origin=GLOBAL_SEARCH_HEADER&keywords=Brian+Taylor+brianwtaylor,"",10,,"","",""
(Unknown),guanchzhou!gmail.com,Guanchzhou,https://github.com/guanchzhou,https://www.linkedin.com/search/results/all/?origin=GLOBAL_SEARCH_HEADER&keywords=Guanchzhou,https://www.linkedin.com/search/results/all/?origin=GLOBAL_SEARCH_HEADER&keywords=Guanchzhou+guanchzhou,https://www.linkedin.com/search/results/all/?origin=GLOBAL_SEARCH_HEADER&keywords=Guanchzhou+gmail,10,,"Saint-Petersburg, Russia/us","",""
(Unknown),nvshridhar!users.noreply.github.com,Shridhar Damale,https://github.com/nvshridhar,https://www.linkedin.com/search/results/all/?origin=GLOBAL_SEARCH_HEADER&keywords=Shridhar+Damale,https://www.linkedin.com/search/results/all/?origin=GLOBAL_SEARCH_HEADER&keywords=Shridhar+Damale+nvshridhar,"",10,,"","",""
(Unknown),RohanAdwankar!users.noreply.github.com,Rohan Adwankar,https://github.com/RohanAdwankar,https://www.linkedin.com/search/results/all/?origin=GLOBAL_SEARCH_HEADER&keywords=Rohan+Adwankar,https://www.linkedin.com/search/results/all/?origin=GLOBAL_SEARCH_HEADER&keywords=Rohan+Adwankar+RohanAdwankar,"",10,,"","",""
(Unknown),Arnonrgo!users.noreply.github.com,Arnon Rotem-Gal-Oz,https://github.com/Arnonrgo,https://www.linkedin.com/search/results/all/?origin=GLOBAL_SEARCH_HEADER&keywords=Arnon+Rotem-Gal-Oz,https://www.linkedin.com/search/results/all/?origin=GLOBAL_SEARCH_HEADER&keywords=Arnon+Rotem-Gal-Oz+Arnonrgo,"",9,,"","",""
(Unknown),fdelgadolope!nvidia.com,Fran Delgado,https://github.com/delgadof,https://www.linkedin.com/search/results/all/?origin=GLOBAL_SEARCH_HEADER&keywords=Fran+Delgado,https://www.linkedin.com/search/results/all/?origin=GLOBAL_SEARCH_HEADER&keywords=Fran+Delgado+fdelgadolope,https://www.linkedin.com/search/results/all/?origin=GLOBAL_SEARCH_HEADER&keywords=Fran+Delgado+nvidia,9,,"Biloxi, MS/us","",""
(Unknown),fcanogab!users.noreply.github.com,Florencio Cano,https://github.com/fcanogab,https://www.linkedin.com/search/results/all/?origin=GLOBAL_SEARCH_HEADER&keywords=Florencio+Cano,https://www.linkedin.com/search/results/all/?origin=GLOBAL_SEARCH_HEADER&keywords=Florencio+Cano+fcanogab,"",9,,Valencia (Spain),"",""
(Unknown),hunglp6d!users.noreply.github.com,"",https://github.com/hunglp6d,https://www.linkedin.com/search/results/all/?origin=GLOBAL_SEARCH_HEADER&keywords=,https://www.linkedin.com/search/results/all/?origin=GLOBAL_SEARCH_HEADER&keywords=+hunglp6d,"",9,,"","",""
(Unknown),jyaunches!users.noreply.github.com,J. Yaunches,https://github.com/jyaunches,https://www.linkedin.com/search/results/all/?origin=GLOBAL_SEARCH_HEADER&keywords=J.+Yaunches,https://www.linkedin.com/search/results/all/?origin=GLOBAL_SEARCH_HEADER&keywords=J.+Yaunches+jyaunches,"",9,,"Brooklyn, NY/us","",""
(Unknown),lbliii!users.noreply.github.com,Lawrence Lane,https://github.com/lbliii,https://www.linkedin.com/search/results/all/?origin=GLOBAL_SEARCH_HEADER&keywords=Lawrence+Lane,https://www.linkedin.com/search/results/all/?origin=GLOBAL_SEARCH_HEADER&keywords=Lawrence+Lane+lbliii,"",9,,"new york, new york/us","",""
(Unknown),mmilutinovic371!users.noreply.github.com,"",https://github.com/mmilutinovic371,https://www.linkedin.com/search/results/all/?origin=GLOBAL_SEARCH_HEADER&keywords=,https://www.linkedin.com/search/results/all/?origin=GLOBAL_SEARCH_HEADER&keywords=+mmilutinovic371,"",9,,"","",""
(Unknown),nv-ddave!users.noreply.github.com,"",https://github.com/nv-ddave,https://www.linkedin.com/search/results/all/?origin=GLOBAL_SEARCH_HEADER&keywords=,https://www.linkedin.com/search/results/all/?origin=GLOBAL_SEARCH_HEADER&keywords=+nv-ddave,"",9,,"","",""
(Unknown),vnicolici!users.noreply.github.com,Vladimir Nicolici,https://github.com/vnicolici,https://www.linkedin.com/search/results/all/?origin=GLOBAL_SEARCH_HEADER&keywords=Vladimir+Nicolici,https://www.linkedin.com/search/results/all/?origin=GLOBAL_SEARCH_HEADER&keywords=Vladimir+Nicolici+vnicolici,"",9,,"","",""
(Unknown),vyncint!icloud.com,Vyncint Ng,https://github.com/vyncint,https://www.linkedin.com/search/results/all/?origin=GLOBAL_SEARCH_HEADER&keywords=Vyncint+Ng,https://www.linkedin.com/search/results/all/?origin=GLOBAL_SEARCH_HEADER&keywords=Vyncint+Ng+vyncint,https://www.linkedin.com/search/results/all/?origin=GLOBAL_SEARCH_HEADER&keywords=Vyncint+Ng+icloud,9,,"","",""
(Unknown),johnnynunez!users.noreply.github.com,Johnny,https://github.com/johnnynunez,https://www.linkedin.com/search/results/all/?origin=GLOBAL_SEARCH_HEADER&keywords=Johnny,https://www.linkedin.com/search/results/all/?origin=GLOBAL_SEARCH_HEADER&keywords=Johnny+johnnynunez,"",8,,Barcelona/es,"",""
(Unknown),Manoj-engineer!users.noreply.github.com,Manoj_M,https://github.com/Manoj-engineer,https://www.linkedin.com/search/results/all/?origin=GLOBAL_SEARCH_HEADER&keywords=Manoj_M,https://www.linkedin.com/search/results/all/?origin=GLOBAL_SEARCH_HEADER&keywords=Manoj_M+Manoj-engineer,"",8,,"","",""
(Unknown),mattj-monad!users.noreply.github.com,"",https://github.com/mattj-monad,https://www.linkedin.com/search/results/all/?origin=GLOBAL_SEARCH_HEADER&keywords=,https://www.linkedin.com/search/results/all/?origin=GLOBAL_SEARCH_HEADER&keywords=+mattj-monad,"",8,,"","",""
(Unknown),san1201.bkhn!gmail.com,San Dang,https://github.com/sandl99,https://www.linkedin.com/search/results/all/?origin=GLOBAL_SEARCH_HEADER&keywords=San+Dang,https://www.linkedin.com/search/results/all/?origin=GLOBAL_SEARCH_HEADER&keywords=San+Dang+san1201.bkhn,https://www.linkedin.com/search/results/all/?origin=GLOBAL_SEARCH_HEADER&keywords=San+Dang+gmail,8,,Hanoi University of Science and Technology/vn,"",""
(Unknown),slopp!users.noreply.github.com,Sean Lopp,https://github.com/slopp,https://www.linkedin.com/search/results/all/?origin=GLOBAL_SEARCH_HEADER&keywords=Sean+Lopp,https://www.linkedin.com/search/results/all/?origin=GLOBAL_SEARCH_HEADER&keywords=Sean+Lopp+slopp,"",8,,"","",""
(Unknown),vishwa-raman!users.noreply.github.com,Vishwanath Raman,https://github.com/vishwa-raman,https://www.linkedin.com/search/results/all/?origin=GLOBAL_SEARCH_HEADER&keywords=Vishwanath+Raman,https://www.linkedin.com/search/results/all/?origin=GLOBAL_SEARCH_HEADER&keywords=Vishwanath+Raman+vishwa-raman,"",8,,Silicon Valley/us,"",""
(Unknown),vvoronko!users.noreply.github.com,Victor Voronkov,https://github.com/vvoronko,https://www.linkedin.com/search/results/all/?origin=GLOBAL_SEARCH_HEADER&keywords=Victor+Voronkov,https://www.linkedin.com/search/results/all/?origin=GLOBAL_SEARCH_HEADER&keywords=Victor+Voronkov+vvoronko,"",8,,"","",""
(Unknown),aether.x.eg!gmail.com,AHMED YOUNIS,https://github.com/aetherxeg-source,https://www.linkedin.com/search/results/all/?origin=GLOBAL_SEARCH_HEADER&keywords=AHMED+YOUNIS,https://www.linkedin.com/search/results/all/?origin=GLOBAL_SEARCH_HEADER&keywords=AHMED+YOUNIS+aether.x.eg,https://www.linkedin.com/search/results/all/?origin=GLOBAL_SEARCH_HEADER&keywords=AHMED+YOUNIS+gmail,7,,"","",""
(Unknown),blkerby!gmail.com,Brent Kerby,https://github.com/blkerby,https://www.linkedin.com/search/results/all/?origin=GLOBAL_SEARCH_HEADER&keywords=Brent+Kerby,https://www.linkedin.com/search/results/all/?origin=GLOBAL_SEARCH_HEADER&keywords=Brent+Kerby+blkerby,https://www.linkedin.com/search/results/all/?origin=GLOBAL_SEARCH_HEADER&keywords=Brent+Kerby+gmail,7,,"","",""
(Unknown),emonq!users.noreply.github.com,"",https://github.com/emonq,https://www.linkedin.com/search/results/all/?origin=GLOBAL_SEARCH_HEADER&keywords=,https://www.linkedin.com/search/results/all/?origin=GLOBAL_SEARCH_HEADER&keywords=+emonq,"",7,,"","",""
(Unknown),Hokonoken!users.noreply.github.com,Hoko,https://github.com/Hokonoken,https://www.linkedin.com/search/results/all/?origin=GLOBAL_SEARCH_HEADER&keywords=Hoko,https://www.linkedin.com/search/results/all/?origin=GLOBAL_SEARCH_HEADER&keywords=Hoko+Hokonoken,"",7,,"","",""
(Unknown),soujiro32167!gmail.com,Naveen Malik,https://github.com/jewzaam,https://www.linkedin.com/search/results/all/?origin=GLOBAL_SEARCH_HEADER&keywords=Naveen+Malik,https://www.linkedin.com/search/results/all/?origin=GLOBAL_SEARCH_HEADER&keywords=Naveen+Malik+soujiro32167,https://www.linkedin.com/search/results/all/?origin=GLOBAL_SEARCH_HEADER&keywords=Naveen+Malik+gmail,7,,"Raleigh, NC/us","",""
(Unknown),pentschev!users.noreply.github.com,Peter Andreas Entschev,https://github.com/pentschev,https://www.linkedin.com/search/results/all/?origin=GLOBAL_SEARCH_HEADER&keywords=Peter+Andreas+Entschev,https://www.linkedin.com/search/results/all/?origin=GLOBAL_SEARCH_HEADER&keywords=Peter+Andreas+Entschev+pentschev,"",7,,"","",""
(Unknown),Shiju!users.noreply.github.com,"",https://github.com/shiju,https://www.linkedin.com/search/results/all/?origin=GLOBAL_SEARCH_HEADER&keywords=,https://www.linkedin.com/search/results/all/?origin=GLOBAL_SEARCH_HEADER&keywords=+Shiju,"",,,"","",""
(Unknown),steve-todorov!users.noreply.github.com,Steve Todorov,https://github.com/steve-todorov,https://www.linkedin.com/search/results/all/?origin=GLOBAL_SEARCH_HEADER&keywords=Steve+Todorov,https://www.linkedin.com/search/results/all/?origin=GLOBAL_SEARCH_HEADER&keywords=Steve+Todorov+steve-todorov,"",7,,Bulgaria/bg,"",""
(Unknown),tirthpatel5393!gmail.com,Tirth Patel,https://github.com/tirthpatel90,https://www.linkedin.com/search/results/all/?origin=GLOBAL_SEARCH_HEADER&keywords=Tirth+Patel,https://www.linkedin.com/search/results/all/?origin=GLOBAL_SEARCH_HEADER&keywords=Tirth+Patel+tirthpatel5393,https://www.linkedin.com/search/results/all/?origin=GLOBAL_SEARCH_HEADER&keywords=Tirth+Patel+gmail,7,,India/in,"",""
(Unknown),alexm-redhat!users.noreply.github.com,Alexander Matveev,https://github.com/alexm-redhat,https://www.linkedin.com/search/results/all/?origin=GLOBAL_SEARCH_HEADER&keywords=Alexander+Matveev,https://www.linkedin.com/search/results/all/?origin=GLOBAL_SEARCH_HEADER&keywords=Alexander+Matveev+alexm-redhat,"",6,,"Boston, MA, USA/us","",""
(Unknown),ramol.86!gmail.com,Amol Ravande,https://github.com/amolr,https://www.linkedin.com/search/results/all/?origin=GLOBAL_SEARCH_HEADER&keywords=Amol+Ravande,https://www.linkedin.com/search/results/all/?origin=GLOBAL_SEARCH_HEADER&keywords=Amol+Ravande+ramol.86,https://www.linkedin.com/search/results/all/?origin=GLOBAL_SEARCH_HEADER&keywords=Amol+Ravande+gmail,6,,"","",""
(Unknown),aschilling-nv!users.noreply.github.com,Andrew Schilling,https://github.com/aschilling-nv,https://www.linkedin.com/search/results/all/?origin=GLOBAL_SEARCH_HEADER&keywords=Andrew+Schilling,https://www.linkedin.com/search/results/all/?origin=GLOBAL_SEARCH_HEADER&keywords=Andrew+Schilling+aschilling-nv,"",6,,"","",""
(Unknown),chipsolverzetra!users.noreply.github.com,Zetra,https://github.com/chipsolverzetra,https://www.linkedin.com/search/results/all/?origin=GLOBAL_SEARCH_HEADER&keywords=Zetra,https://www.linkedin.com/search/results/all/?origin=GLOBAL_SEARCH_HEADER&keywords=Zetra+chipsolverzetra,"",6,,"Bay Area, California/us","",""
(Unknown),dbora-nv!users.noreply.github.com,"",https://github.com/dbora-nv,https://www.linkedin.com/search/results/all/?origin=GLOBAL_SEARCH_HEADER&keywords=,https://www.linkedin.com/search/results/all/?origin=GLOBAL_SEARCH_HEADER&keywords=+dbora-nv,"",6,,"","",""
(Unknown),efe!rexcode.co.uk,Efe,https://github.com/efegokdemir,https://www.linkedin.com/search/results/all/?origin=GLOBAL_SEARCH_HEADER&keywords=Efe,https://www.linkedin.com/search/results/all/?origin=GLOBAL_SEARCH_HEADER&keywords=Efe+efe,https://www.linkedin.com/search/results/all/?origin=GLOBAL_SEARCH_HEADER&keywords=Efe+rexcode,6,,United Kingdom/gb,"",""
(Unknown),contact!juve.vn,Hai Nguyen,https://github.com/gaveezy,https://www.linkedin.com/search/results/all/?origin=GLOBAL_SEARCH_HEADER&keywords=Hai+Nguyen,https://www.linkedin.com/search/results/all/?origin=GLOBAL_SEARCH_HEADER&keywords=Hai+Nguyen+contact,https://www.linkedin.com/search/results/all/?origin=GLOBAL_SEARCH_HEADER&keywords=Hai+Nguyen+juve,6,,HCMC/vn,"",""
(Unknown),hpcpony!users.noreply.github.com,"",https://github.com/hpcpony,https://www.linkedin.com/search/results/all/?origin=GLOBAL_SEARCH_HEADER&keywords=,https://www.linkedin.com/search/results/all/?origin=GLOBAL_SEARCH_HEADER&keywords=+hpcpony,"",6,,"","",""
(Unknown),kjlubick!users.noreply.github.com,Kaylee Lubick,https://github.com/kjlubick,https://www.linkedin.com/search/results/all/?origin=GLOBAL_SEARCH_HEADER&keywords=Kaylee+Lubick,https://www.linkedin.com/search/results/all/?origin=GLOBAL_SEARCH_HEADER&keywords=Kaylee+Lubick+kjlubick,"",6,,North Carolina/us,"",""
(Unknown),info!shiyuxi.org,Yuxi Shi,https://github.com/leoshi01,https://www.linkedin.com/search/results/all/?origin=GLOBAL_SEARCH_HEADER&keywords=Yuxi+Shi,https://www.linkedin.com/search/results/all/?origin=GLOBAL_SEARCH_HEADER&keywords=Yuxi+Shi+info,https://www.linkedin.com/search/results/all/?origin=GLOBAL_SEARCH_HEADER&keywords=Yuxi+Shi+shiyuxi,6,,"","",""
(Unknown),prakash.mirji!gmail.com,Prakash Mirji,https://github.com/prakashmirji,https://www.linkedin.com/search/results/all/?origin=GLOBAL_SEARCH_HEADER&keywords=Prakash+Mirji,https://www.linkedin.com/search/results/all/?origin=GLOBAL_SEARCH_HEADER&keywords=Prakash+Mirji+prakash.mirji,https://www.linkedin.com/search/results/all/?origin=GLOBAL_SEARCH_HEADER&keywords=Prakash+Mirji+gmail,6,,"","",""
(Unknown),tech4242!users.noreply.github.com,Nikolay Dimolarov,https://github.com/tech4242,https://www.linkedin.com/search/results/all/?origin=GLOBAL_SEARCH_HEADER&keywords=Nikolay+Dimolarov,https://www.linkedin.com/search/results/all/?origin=GLOBAL_SEARCH_HEADER&keywords=Nikolay+Dimolarov+tech4242,"",6,,"Munich, Germany/de","",""
(Unknown),0xbrainkid!users.noreply.github.com,brainKID,https://github.com/0xbrainkid,https://www.linkedin.com/search/results/all/?origin=GLOBAL_SEARCH_HEADER&keywords=brainKID,https://www.linkedin.com/search/results/all/?origin=GLOBAL_SEARCH_HEADER&keywords=brainKID+0xbrainkid,"",5,,"","",""
(Unknown),ajtran!users.noreply.github.com,Anthony Tran,https://github.com/ajtran,https://www.linkedin.com/search/results/all/?origin=GLOBAL_SEARCH_HEADER&keywords=Anthony+Tran,https://www.linkedin.com/search/results/all/?origin=GLOBAL_SEARCH_HEADER&keywords=Anthony+Tran+ajtran,"",5,,"","",""
(Unknown),andre-motta!users.noreply.github.com,André Lustosa,https://github.com/andre-motta,https://www.linkedin.com/search/results/all/?origin=GLOBAL_SEARCH_HEADER&keywords=Andr%C3%A9+Lustosa,https://www.linkedin.com/search/results/all/?origin=GLOBAL_SEARCH_HEADER&keywords=Andr%C3%A9+Lustosa+andre-motta,"",5,,"Raleigh, NC/us","",""
(Unknown),benfrank241!users.noreply.github.com,Ben,https://github.com/benfrank241,https://www.linkedin.com/search/results/all/?origin=GLOBAL_SEARCH_HEADER&keywords=Ben,https://www.linkedin.com/search/results/all/?origin=GLOBAL_SEARCH_HEADER&keywords=Ben+benfrank241,"",5,,"","",""
(Unknown),carltonawong!users.noreply.github.com,Carlton,https://github.com/carltonawong,https://www.linkedin.com/search/results/all/?origin=GLOBAL_SEARCH_HEADER&keywords=Carlton,https://www.linkedin.com/search/results/all/?origin=GLOBAL_SEARCH_HEADER&keywords=Carlton+carltonawong,"",5,,"","",""
(Unknown),Dongni-Yang!users.noreply.github.com,"",https://github.com/Dongni-Yang,https://www.linkedin.com/search/results/all/?origin=GLOBAL_SEARCH_HEADER&keywords=,https://www.linkedin.com/search/results/all/?origin=GLOBAL_SEARCH_HEADER&keywords=+Dongni-Yang,"",5,,"","",""
(Unknown),fbricon!users.noreply.github.com,Fred Bricon,https://github.com/fbricon,https://www.linkedin.com/search/results/all/?origin=GLOBAL_SEARCH_HEADER&keywords=Fred+Bricon,https://www.linkedin.com/search/results/all/?origin=GLOBAL_SEARCH_HEADER&keywords=Fred+Bricon+fbricon,"",5,,Canada/au,"",""
(Unknown),ilaigold!users.noreply.github.com,"",https://github.com/ilaigold,https://www.linkedin.com/search/results/all/?origin=GLOBAL_SEARCH_HEADER&keywords=,https://www.linkedin.com/search/results/all/?origin=GLOBAL_SEARCH_HEADER&keywords=+ilaigold,"",5,,"","",""
(Unknown),imran-siddique!users.noreply.github.com,Imran Siddique,https://github.com/imran-siddique,https://www.linkedin.com/search/results/all/?origin=GLOBAL_SEARCH_HEADER&keywords=Imran+Siddique,https://www.linkedin.com/search/results/all/?origin=GLOBAL_SEARCH_HEADER&keywords=Imran+Siddique+imran-siddique,"",5,,Bellevue/us,"",""
(Unknown),makkavelle2015-bit!users.noreply.github.com,"",https://github.com/makkavelle2015-bit,https://www.linkedin.com/search/results/all/?origin=GLOBAL_SEARCH_HEADER&keywords=,https://www.linkedin.com/search/results/all/?origin=GLOBAL_SEARCH_HEADER&keywords=+makkavelle2015-bit,"",5,,"","",""
(Unknown),atif!coder.com,Atif Ali,https://github.com/matifali,https://www.linkedin.com/search/results/all/?origin=GLOBAL_SEARCH_HEADER&keywords=Atif+Ali,https://www.linkedin.com/search/results/all/?origin=GLOBAL_SEARCH_HEADER&keywords=Atif+Ali+atif,https://www.linkedin.com/search/results/all/?origin=GLOBAL_SEARCH_HEADER&keywords=Atif+Ali+coder,5,,"","",""
(Unknown),muralimaram!gmail.com,Murali Maram,https://github.com/muralimaram,https://www.linkedin.com/search/results/all/?origin=GLOBAL_SEARCH_HEADER&keywords=Murali+Maram,https://www.linkedin.com/search/results/all/?origin=GLOBAL_SEARCH_HEADER&keywords=Murali+Maram+muralimaram,https://www.linkedin.com/search/results/all/?origin=GLOBAL_SEARCH_HEADER&keywords=Murali+Maram+gmail,5,,"","",""
(Unknown),nam685!users.noreply.github.com,Nam Le,https://github.com/nam685,https://www.linkedin.com/search/results/all/?origin=GLOBAL_SEARCH_HEADER&keywords=Nam+Le,https://www.linkedin.com/search/results/all/?origin=GLOBAL_SEARCH_HEADER&keywords=Nam+Le+nam685,"",5,,"","",""
(Unknown),nikhildigde!users.noreply.github.com,"",https://github.com/nikhildigde,https://www.linkedin.com/search/results/all/?origin=GLOBAL_SEARCH_HEADER&keywords=,https://www.linkedin.com/search/results/all/?origin=GLOBAL_SEARCH_HEADER&keywords=+nikhildigde,"",5,,"","",""
(Unknown),papillonlibre!users.noreply.github.com,Vanessa Bellotti,https://github.com/papillonlibre,https://www.linkedin.com/search/results/all/?origin=GLOBAL_SEARCH_HEADER&keywords=Vanessa+Bellotti,https://www.linkedin.com/search/results/all/?origin=GLOBAL_SEARCH_HEADER&keywords=Vanessa+Bellotti+papillonlibre,"",5,,"","",""
(Unknown),pavel.anni!gmail.com,Pavel Anni,https://github.com/pavelanni,https://www.linkedin.com/search/results/all/?origin=GLOBAL_SEARCH_HEADER&keywords=Pavel+Anni,https://www.linkedin.com/search/results/all/?origin=GLOBAL_SEARCH_HEADER&keywords=Pavel+Anni+pavel.anni,https://www.linkedin.com/search/results/all/?origin=GLOBAL_SEARCH_HEADER&keywords=Pavel+Anni+gmail,5,,"","",""
(Unknown),phamgialinhlx!users.noreply.github.com,Phạm Gia Linh,https://github.com/phamgialinhlx,https://www.linkedin.com/search/results/all/?origin=GLOBAL_SEARCH_HEADER&keywords=Ph%E1%BA%A1m+Gia+Linh,https://www.linkedin.com/search/results/all/?origin=GLOBAL_SEARCH_HEADER&keywords=Ph%E1%BA%A1m+Gia+Linh+phamgialinhlx,"",5,,"","",""
(Unknown),pierzchalski!users.noreply.github.com,Edward Pierzchalski,https://github.com/pierzchalski,https://www.linkedin.com/search/results/all/?origin=GLOBAL_SEARCH_HEADER&keywords=Edward+Pierzchalski,https://www.linkedin.com/search/results/all/?origin=GLOBAL_SEARCH_HEADER&keywords=Edward+Pierzchalski+pierzchalski,"",5,,"","",""
(Unknown),pragmaxim!gmail.com,"",https://github.com/pragmaxim,https://www.linkedin.com/search/results/all/?origin=GLOBAL_SEARCH_HEADER&keywords=,https://www.linkedin.com/search/results/all/?origin=GLOBAL_SEARCH_HEADER&keywords=+pragmaxim,https://www.linkedin.com/search/results/all/?origin=GLOBAL_SEARCH_HEADER&keywords=+gmail,5,,Prague/cz,"",""
(Unknown),raktes!users.noreply.github.com,Daniel Albensoeder,https://github.com/raktes,https://www.linkedin.com/search/results/all/?origin=GLOBAL_SEARCH_HEADER&keywords=Daniel+Albensoeder,https://www.linkedin.com/search/results/all/?origin=GLOBAL_SEARCH_HEADER&keywords=Daniel+Albensoeder+raktes,"",5,,"","",""
(Unknown),saariuslystoned!users.noreply.github.com,Bobby Bones,https://github.com/saariuslystoned,https://www.linkedin.com/search/results/all/?origin=GLOBAL_SEARCH_HEADER&keywords=Bobby+Bones,https://www.linkedin.com/search/results/all/?origin=GLOBAL_SEARCH_HEADER&keywords=Bobby+Bones+saariuslystoned,"",5,,South eastern United States,"",""
(Unknown),Schimuneck!users.noreply.github.com,Matias Schimuneck,https://github.com/Schimuneck,https://www.linkedin.com/search/results/all/?origin=GLOBAL_SEARCH_HEADER&keywords=Matias+Schimuneck,https://www.linkedin.com/search/results/all/?origin=GLOBAL_SEARCH_HEADER&keywords=Matias+Schimuneck+Schimuneck,"",5,,"","",""
(Unknown),shannonsands!users.noreply.github.com,"",https://github.com/shannonsands,https://www.linkedin.com/search/results/all/?origin=GLOBAL_SEARCH_HEADER&keywords=,https://www.linkedin.com/search/results/all/?origin=GLOBAL_SEARCH_HEADER&keywords=+shannonsands,"",5,,"","",""
(Unknown),shleder!users.noreply.github.com,Shleder,https://github.com/shleder,https://www.linkedin.com/search/results/all/?origin=GLOBAL_SEARCH_HEADER&keywords=Shleder,https://www.linkedin.com/search/results/all/?origin=GLOBAL_SEARCH_HEADER&keywords=Shleder+shleder,"",5,,"","",""
(Unknown),SidShaytay!users.noreply.github.com,Sid Shaytay,https://github.com/SidShaytay,https://www.linkedin.com/search/results/all/?origin=GLOBAL_SEARCH_HEADER&keywords=Sid+Shaytay,https://www.linkedin.com/search/results/all/?origin=GLOBAL_SEARCH_HEADER&keywords=Sid+Shaytay+SidShaytay,"",5,,"San Diego, CA/us","",""
(Unknown),thotashashank302!users.noreply.github.com,Thota Shashank,https://github.com/thotashashank302,https://www.linkedin.com/search/results/all/?origin=GLOBAL_SEARCH_HEADER&keywords=Thota+Shashank,https://www.linkedin.com/search/results/all/?origin=GLOBAL_SEARCH_HEADER&keywords=Thota+Shashank+thotashashank302,"",5,,"","",""
(Unknown),Tojaj!users.noreply.github.com,Tomas Mlcoch,https://github.com/Tojaj,https://www.linkedin.com/search/results/all/?origin=GLOBAL_SEARCH_HEADER&keywords=Tomas+Mlcoch,https://www.linkedin.com/search/results/all/?origin=GLOBAL_SEARCH_HEADER&keywords=Tomas+Mlcoch+Tojaj,"",5,,Brno/cz,"",""
(Unknown),ats3v!users.noreply.github.com,Georgi Atsev,https://github.com/ats3v,https://www.linkedin.com/search/results/all/?origin=GLOBAL_SEARCH_HEADER&keywords=Georgi+Atsev,https://www.linkedin.com/search/results/all/?origin=GLOBAL_SEARCH_HEADER&keywords=Georgi+Atsev+ats3v,"",4,,"","",""
(Unknown),carrollco!users.noreply.github.com,"",https://github.com/carrollco,https://www.linkedin.com/search/results/all/?origin=GLOBAL_SEARCH_HEADER&keywords=,https://www.linkedin.com/search/results/all/?origin=GLOBAL_SEARCH_HEADER&keywords=+carrollco,"",4,,"","",""
(Unknown),cmoore!redhat.com,"",https://github.com/crm00re,https://www.linkedin.com/search/results/all/?origin=GLOBAL_SEARCH_HEADER&keywords=,https://www.linkedin.com/search/results/all/?origin=GLOBAL_SEARCH_HEADER&keywords=+cmoore,https://www.linkedin.com/search/results/all/?origin=GLOBAL_SEARCH_HEADER&keywords=+redhat,4,,"","",""
(Unknown),dlynch90!users.noreply.github.com,Daniel Lynch,https://github.com/dlynch90,https://www.linkedin.com/search/results/all/?origin=GLOBAL_SEARCH_HEADER&keywords=Daniel+Lynch,https://www.linkedin.com/search/results/all/?origin=GLOBAL_SEARCH_HEADER&keywords=Daniel+Lynch+dlynch90,"",4,,"St. Petersburg, FL/us","",""
(Unknown),dnandakumar-nv!users.noreply.github.com,Dhruv Nandakumar,https://github.com/dnandakumar-nv,https://www.linkedin.com/search/results/all/?origin=GLOBAL_SEARCH_HEADER&keywords=Dhruv+Nandakumar,https://www.linkedin.com/search/results/all/?origin=GLOBAL_SEARCH_HEADER&keywords=Dhruv+Nandakumar+dnandakumar-nv,"",4,,"","",""
(Unknown),adam!agentthreatrule.org,Adam Lin,https://github.com/eeee2345,https://www.linkedin.com/search/results/all/?origin=GLOBAL_SEARCH_HEADER&keywords=Adam+Lin,https://www.linkedin.com/search/results/all/?origin=GLOBAL_SEARCH_HEADER&keywords=Adam+Lin+adam,https://www.linkedin.com/search/results/all/?origin=GLOBAL_SEARCH_HEADER&keywords=Adam+Lin+agentthreatrule,4,,"TAIPEI , TAIWAN/tw","",""
(Unknown),"nishealajohn!karunya.edu.in, r.gautamkrishna!gmail.com, rgautamkrishna!gmail.com",Gautam krishna R,https://github.com/gautamkrishnar,https://www.linkedin.com/search/results/all/?origin=GLOBAL_SEARCH_HEADER&keywords=Gautam+krishna+R,https://www.linkedin.com/search/results/all/?origin=GLOBAL_SEARCH_HEADER&keywords=Gautam+krishna+R+nishealajohn,https://www.linkedin.com/search/results/all/?origin=GLOBAL_SEARCH_HEADER&keywords=Gautam+krishna+R+karunya,4,,"Quilon, Kerala, India-691582/in","",""
(Unknown),"alistar.neron!gmail.com, glenmaddern!gmail.com, mail!eduardoboucas.com",Glen Maddern,https://github.com/geelen,https://www.linkedin.com/search/results/all/?origin=GLOBAL_SEARCH_HEADER&keywords=Glen+Maddern,https://www.linkedin.com/search/results/all/?origin=GLOBAL_SEARCH_HEADER&keywords=Glen+Maddern+alistar.neron,https://www.linkedin.com/search/results/all/?origin=GLOBAL_SEARCH_HEADER&keywords=Glen+Maddern+gmail,4,,"Melbourne, Australia/au","",""
(Unknown),jboelter!users.noreply.github.com,Joshua Boelter,https://github.com/jboelter,https://www.linkedin.com/search/results/all/?origin=GLOBAL_SEARCH_HEADER&keywords=Joshua+Boelter,https://www.linkedin.com/search/results/all/?origin=GLOBAL_SEARCH_HEADER&keywords=Joshua+Boelter+jboelter,"",4,,"Portland, OR, United States/us","",""
(Unknown),joshua.mabry!bain.com,JOSHUA MABRY,https://github.com/jmabry,https://www.linkedin.com/search/results/all/?origin=GLOBAL_SEARCH_HEADER&keywords=JOSHUA+MABRY,https://www.linkedin.com/search/results/all/?origin=GLOBAL_SEARCH_HEADER&keywords=JOSHUA+MABRY+joshua.mabry,https://www.linkedin.com/search/results/all/?origin=GLOBAL_SEARCH_HEADER&keywords=JOSHUA+MABRY+bain,4,,"","",""
(Unknown),jolong-debug!users.noreply.github.com,"",https://github.com/jolong-debug,https://www.linkedin.com/search/results/all/?origin=GLOBAL_SEARCH_HEADER&keywords=,https://www.linkedin.com/search/results/all/?origin=GLOBAL_SEARCH_HEADER&keywords=+jolong-debug,"",4,,"","",""
(Unknown),jtatum!gmail.com,James Tatum,https://github.com/jtatum,https://www.linkedin.com/search/results/all/?origin=GLOBAL_SEARCH_HEADER&keywords=James+Tatum,https://www.linkedin.com/search/results/all/?origin=GLOBAL_SEARCH_HEADER&keywords=James+Tatum+jtatum,https://www.linkedin.com/search/results/all/?origin=GLOBAL_SEARCH_HEADER&keywords=James+Tatum+gmail,4,,"Glendale, CA/us","",""
(Unknown),khaile.to!gmail.com,Khai Le,https://github.com/khaile,https://www.linkedin.com/search/results/all/?origin=GLOBAL_SEARCH_HEADER&keywords=Khai+Le,https://www.linkedin.com/search/results/all/?origin=GLOBAL_SEARCH_HEADER&keywords=Khai+Le+khaile.to,https://www.linkedin.com/search/results/all/?origin=GLOBAL_SEARCH_HEADER&keywords=Khai+Le+gmail,4,,"Ho Chi Minh city, Vietnam/vn","",""
(Unknown),matz3!users.noreply.github.com,Matthias Oßwald,https://github.com/matz3,https://www.linkedin.com/search/results/all/?origin=GLOBAL_SEARCH_HEADER&keywords=Matthias+O%C3%9Fwald,https://www.linkedin.com/search/results/all/?origin=GLOBAL_SEARCH_HEADER&keywords=Matthias+O%C3%9Fwald+matz3,"",4,,Germany/de,"",""
(Unknown),rwhitworth!a16z.com,Ryan Whitworth,https://github.com/persimmon16,https://www.linkedin.com/search/results/all/?origin=GLOBAL_SEARCH_HEADER&keywords=Ryan+Whitworth,https://www.linkedin.com/search/results/all/?origin=GLOBAL_SEARCH_HEADER&keywords=Ryan+Whitworth+rwhitworth,https://www.linkedin.com/search/results/all/?origin=GLOBAL_SEARCH_HEADER&keywords=Ryan+Whitworth+a16z,4,,"","",""
(Unknown),randomizedcoder!users.noreply.github.com,"",https://github.com/randomizedcoder,https://www.linkedin.com/search/results/all/?origin=GLOBAL_SEARCH_HEADER&keywords=,https://www.linkedin.com/search/results/all/?origin=GLOBAL_SEARCH_HEADER&keywords=+randomizedcoder,"",4,,"","",""
(Unknown),rksharma-owg!users.noreply.github.com,RKS,https://github.com/rksharma-owg,https://www.linkedin.com/search/results/all/?origin=GLOBAL_SEARCH_HEADER&keywords=RKS,https://www.linkedin.com/search/results/all/?origin=GLOBAL_SEARCH_HEADER&keywords=RKS+rksharma-owg,"",4,,North Carolina/us,"",""
(Unknown),samayra312007!gmail.com,Sahil Kumar,https://github.com/Samyra312007,https://www.linkedin.com/search/results/all/?origin=GLOBAL_SEARCH_HEADER&keywords=Sahil+Kumar,https://www.linkedin.com/search/results/all/?origin=GLOBAL_SEARCH_HEADER&keywords=Sahil+Kumar+samayra312007,https://www.linkedin.com/search/results/all/?origin=GLOBAL_SEARCH_HEADER&keywords=Sahil+Kumar+gmail,4,,India/in,"",""
(Unknown),sjoerd.van.bommel!Hotmail.com,Sjoerd van Bommel,https://github.com/sjoerdvanBommel,https://www.linkedin.com/search/results/all/?origin=GLOBAL_SEARCH_HEADER&keywords=Sjoerd+van+Bommel,https://www.linkedin.com/search/results/all/?origin=GLOBAL_SEARCH_HEADER&keywords=Sjoerd+van+Bommel+sjoerd.van.bommel,https://www.linkedin.com/search/results/all/?origin=GLOBAL_SEARCH_HEADER&keywords=Sjoerd+van+Bommel+Hotmail,4,,Netherlands/nl,"",""
(Unknown),tommylin!signalpro.com.tw,Tommy Lin,https://github.com/tommylin-signalpro,https://www.linkedin.com/search/results/all/?origin=GLOBAL_SEARCH_HEADER&keywords=Tommy+Lin,https://www.linkedin.com/search/results/all/?origin=GLOBAL_SEARCH_HEADER&keywords=Tommy+Lin+tommylin,https://www.linkedin.com/search/results/all/?origin=GLOBAL_SEARCH_HEADER&keywords=Tommy+Lin+signalpro,4,,"Taipei, Taiwan/tw","",""
(Unknown),vcorrea-ppc!users.noreply.github.com,Vinicius Corrêa,https://github.com/vcorrea-ppc,https://www.linkedin.com/search/results/all/?origin=GLOBAL_SEARCH_HEADER&keywords=Vinicius+Corr%C3%AAa,https://www.linkedin.com/search/results/all/?origin=GLOBAL_SEARCH_HEADER&keywords=Vinicius+Corr%C3%AAa+vcorrea-ppc,"",4,,São Paulo/br,"",""
(Unknown),vehystrix!users.noreply.github.com,"",https://github.com/vehystrix,https://www.linkedin.com/search/results/all/?origin=GLOBAL_SEARCH_HEADER&keywords=,https://www.linkedin.com/search/results/all/?origin=GLOBAL_SEARCH_HEADER&keywords=+vehystrix,"",4,,"","",""
(Unknown),will-lms!users.noreply.github.com,"",https://github.com/will-lms,https://www.linkedin.com/search/results/all/?origin=GLOBAL_SEARCH_HEADER&keywords=,https://www.linkedin.com/search/results/all/?origin=GLOBAL_SEARCH_HEADER&keywords=+will-lms,"",4,,"","",""
(Unknown),wtrep!users.noreply.github.com,William Trépanier,https://github.com/wtrep,https://www.linkedin.com/search/results/all/?origin=GLOBAL_SEARCH_HEADER&keywords=William+Tr%C3%A9panier,https://www.linkedin.com/search/results/all/?origin=GLOBAL_SEARCH_HEADER&keywords=William+Tr%C3%A9panier+wtrep,"",4,,"Montréal, QC, Canada/ca","",""
(Unknown),ACodingfreak!users.noreply.github.com,codingfreak,https://github.com/ACodingfreak,https://www.linkedin.com/search/results/all/?origin=GLOBAL_SEARCH_HEADER&keywords=codingfreak,https://www.linkedin.com/search/results/all/?origin=GLOBAL_SEARCH_HEADER&keywords=codingfreak+ACodingfreak,"",3,,"","",""
(Unknown),adiaspace!users.noreply.github.com,"",https://github.com/adiaspace,https://www.linkedin.com/search/results/all/?origin=GLOBAL_SEARCH_HEADER&keywords=,https://www.linkedin.com/search/results/all/?origin=GLOBAL_SEARCH_HEADER&keywords=+adiaspace,"",3,,"","",""
(Unknown),adnansattar09!gmail.com,Adnan Sattar,https://github.com/AdnanSattar,https://www.linkedin.com/search/results/all/?origin=GLOBAL_SEARCH_HEADER&keywords=Adnan+Sattar,https://www.linkedin.com/search/results/all/?origin=GLOBAL_SEARCH_HEADER&keywords=Adnan+Sattar+adnansattar09,https://www.linkedin.com/search/results/all/?origin=GLOBAL_SEARCH_HEADER&keywords=Adnan+Sattar+gmail,3,,Lahore/pk,"",""
(Unknown),ansjindal!nvidia.com,"",https://github.com/ansjindal,https://www.linkedin.com/search/results/all/?origin=GLOBAL_SEARCH_HEADER&keywords=,https://www.linkedin.com/search/results/all/?origin=GLOBAL_SEARCH_HEADER&keywords=+ansjindal,https://www.linkedin.com/search/results/all/?origin=GLOBAL_SEARCH_HEADER&keywords=+nvidia,3,,Munich/de,"",""
(Unknown),ben.alkov!redhat.com,Ben Alkov,https://github.com/ben-alkov,https://www.linkedin.com/search/results/all/?origin=GLOBAL_SEARCH_HEADER&keywords=Ben+Alkov,https://www.linkedin.com/search/results/all/?origin=GLOBAL_SEARCH_HEADER&keywords=Ben+Alkov+ben.alkov,https://www.linkedin.com/search/results/all/?origin=GLOBAL_SEARCH_HEADER&keywords=Ben+Alkov+redhat,3,,Southeastern US,"",""
(Unknown),akrk053!gmail.com,Ankush,https://github.com/BOT9315,https://www.linkedin.com/search/results/all/?origin=GLOBAL_SEARCH_HEADER&keywords=Ankush,https://www.linkedin.com/search/results/all/?origin=GLOBAL_SEARCH_HEADER&keywords=Ankush+akrk053,https://www.linkedin.com/search/results/all/?origin=GLOBAL_SEARCH_HEADER&keywords=Ankush+gmail,3,,"","",""
(Unknown),ChunkyMonkey11!users.noreply.github.com,Revant Patel,https://github.com/ChunkyMonkey11,https://www.linkedin.com/search/results/all/?origin=GLOBAL_SEARCH_HEADER&keywords=Revant+Patel,https://www.linkedin.com/search/results/all/?origin=GLOBAL_SEARCH_HEADER&keywords=Revant+Patel+ChunkyMonkey11,"",3,,"","",""
(Unknown),clholzin!gmail.com,Craig Holzinger,https://github.com/clholzin,https://www.linkedin.com/search/results/all/?origin=GLOBAL_SEARCH_HEADER&keywords=Craig+Holzinger,https://www.linkedin.com/search/results/all/?origin=GLOBAL_SEARCH_HEADER&keywords=Craig+Holzinger+clholzin,https://www.linkedin.com/search/results/all/?origin=GLOBAL_SEARCH_HEADER&keywords=Craig+Holzinger+gmail,3,,"","",""
(Unknown),craig!allan-mcwilliams.com,Craig Allan-McWilliams,https://github.com/craigamcw,https://www.linkedin.com/search/results/all/?origin=GLOBAL_SEARCH_HEADER&keywords=Craig+Allan-McWilliams,https://www.linkedin.com/search/results/all/?origin=GLOBAL_SEARCH_HEADER&keywords=Craig+Allan-McWilliams+craig,https://www.linkedin.com/search/results/all/?origin=GLOBAL_SEARCH_HEADER&keywords=Craig+Allan-McWilliams+allan-mcwilliams,3,,United Kingdom/gb,"",""
(Unknown),cwing-nvidia!users.noreply.github.com,Chris Wing,https://github.com/cwing-nvidia,https://www.linkedin.com/search/results/all/?origin=GLOBAL_SEARCH_HEADER&keywords=Chris+Wing,https://www.linkedin.com/search/results/all/?origin=GLOBAL_SEARCH_HEADER&keywords=Chris+Wing+cwing-nvidia,"",3,,"","",""
(Unknown),deepujain!users.noreply.github.com,Deepak Jain (DJ),https://github.com/deepujain,https://www.linkedin.com/search/results/all/?origin=GLOBAL_SEARCH_HEADER&keywords=Deepak+Jain+%28DJ%29,https://www.linkedin.com/search/results/all/?origin=GLOBAL_SEARCH_HEADER&keywords=Deepak+Jain+%28DJ%29+deepujain,"",3,,"","",""
(Unknown),Eli-Goldberg!users.noreply.github.com,Eli Golderg,https://github.com/Eli-Goldberg,https://www.linkedin.com/search/results/all/?origin=GLOBAL_SEARCH_HEADER&keywords=Eli+Golderg,https://www.linkedin.com/search/results/all/?origin=GLOBAL_SEARCH_HEADER&keywords=Eli+Golderg+Eli-Goldberg,"",3,,"","",""
(Unknown),flg!nomiras.com,Francisco J. López ,https://github.com/flg77,https://www.linkedin.com/search/results/all/?origin=GLOBAL_SEARCH_HEADER&keywords=Francisco+J.+L%C3%B3pez+,https://www.linkedin.com/search/results/all/?origin=GLOBAL_SEARCH_HEADER&keywords=Francisco+J.+L%C3%B3pez++flg,https://www.linkedin.com/search/results/all/?origin=GLOBAL_SEARCH_HEADER&keywords=Francisco+J.+L%C3%B3pez++nomiras,3,,"","",""
(Unknown),gkrumbach!gmail.com,Gage Krumbach,https://github.com/Gkrumbach07,https://www.linkedin.com/search/results/all/?origin=GLOBAL_SEARCH_HEADER&keywords=Gage+Krumbach,https://www.linkedin.com/search/results/all/?origin=GLOBAL_SEARCH_HEADER&keywords=Gage+Krumbach+gkrumbach,https://www.linkedin.com/search/results/all/?origin=GLOBAL_SEARCH_HEADER&keywords=Gage+Krumbach+gmail,3,,"Madison, WI/us","",""
(Unknown),Hannesw0211!users.noreply.github.com,"",https://github.com/Hannesw0211,https://www.linkedin.com/search/results/all/?origin=GLOBAL_SEARCH_HEADER&keywords=,https://www.linkedin.com/search/results/all/?origin=GLOBAL_SEARCH_HEADER&keywords=+Hannesw0211,"",3,,"","",""
(Unknown),h-network!users.noreply.github.com,H-Network,https://github.com/h-network,https://www.linkedin.com/search/results/all/?origin=GLOBAL_SEARCH_HEADER&keywords=H-Network,https://www.linkedin.com/search/results/all/?origin=GLOBAL_SEARCH_HEADER&keywords=H-Network+h-network,"",3,,Amsterdam/nl,"",""
(Unknown),jayasri-88!users.noreply.github.com,"",https://github.com/jayasri-88,https://www.linkedin.com/search/results/all/?origin=GLOBAL_SEARCH_HEADER&keywords=,https://www.linkedin.com/search/results/all/?origin=GLOBAL_SEARCH_HEADER&keywords=+jayasri-88,"",3,,"","",""
(Unknown),jorgelon!users.noreply.github.com,Jorge,https://github.com/jorgelon,https://www.linkedin.com/search/results/all/?origin=GLOBAL_SEARCH_HEADER&keywords=Jorge,https://www.linkedin.com/search/results/all/?origin=GLOBAL_SEARCH_HEADER&keywords=Jorge+jorgelon,"",3,,Spain/es,"",""
(Unknown),linuxdevel!users.noreply.github.com,Arne Brune Olsen,https://github.com/linuxdevel,https://www.linkedin.com/search/results/all/?origin=GLOBAL_SEARCH_HEADER&keywords=Arne+Brune+Olsen,https://www.linkedin.com/search/results/all/?origin=GLOBAL_SEARCH_HEADER&keywords=Arne+Brune+Olsen+linuxdevel,"",3,,Norway/no,"",""
(Unknown),lkmavi!users.noreply.github.com,"",https://github.com/lkmavi,https://www.linkedin.com/search/results/all/?origin=GLOBAL_SEARCH_HEADER&keywords=,https://www.linkedin.com/search/results/all/?origin=GLOBAL_SEARCH_HEADER&keywords=+lkmavi,"",3,,"","",""
(Unknown),lucasvw!users.noreply.github.com,Lucas van Walstijn,https://github.com/lucasvw,https://www.linkedin.com/search/results/all/?origin=GLOBAL_SEARCH_HEADER&keywords=Lucas+van+Walstijn,https://www.linkedin.com/search/results/all/?origin=GLOBAL_SEARCH_HEADER&keywords=Lucas+van+Walstijn+lucasvw,"",3,,Berlin/de,"",""
(Unknown),manstis!users.noreply.github.com,Michael Anstis,https://github.com/manstis,https://www.linkedin.com/search/results/all/?origin=GLOBAL_SEARCH_HEADER&keywords=Michael+Anstis,https://www.linkedin.com/search/results/all/?origin=GLOBAL_SEARCH_HEADER&keywords=Michael+Anstis+manstis,"",3,,England/gb,"",""
(Unknown),marcel.bertagnini!gmail.com,Marcel Bertagnini,https://github.com/MarsKubeX,https://www.linkedin.com/search/results/all/?origin=GLOBAL_SEARCH_HEADER&keywords=Marcel+Bertagnini,https://www.linkedin.com/search/results/all/?origin=GLOBAL_SEARCH_HEADER&keywords=Marcel+Bertagnini+marcel.bertagnini,https://www.linkedin.com/search/results/all/?origin=GLOBAL_SEARCH_HEADER&keywords=Marcel+Bertagnini+gmail,3,,Madrid/es,"",""
(Unknown),mikemarrotte-dell!users.noreply.github.com,"",https://github.com/mikemarrotte-dell,https://www.linkedin.com/search/results/all/?origin=GLOBAL_SEARCH_HEADER&keywords=,https://www.linkedin.com/search/results/all/?origin=GLOBAL_SEARCH_HEADER&keywords=+mikemarrotte-dell,"",3,,"","",""
(Unknown),mill101!users.noreply.github.com,"",https://github.com/mill101,https://www.linkedin.com/search/results/all/?origin=GLOBAL_SEARCH_HEADER&keywords=,https://www.linkedin.com/search/results/all/?origin=GLOBAL_SEARCH_HEADER&keywords=+mill101,"",3,,"","",""
(Unknown),bret.mogilefsky!gsa.gov,Bret Mogilefsky,https://github.com/mogul,https://www.linkedin.com/search/results/all/?origin=GLOBAL_SEARCH_HEADER&keywords=Bret+Mogilefsky,https://www.linkedin.com/search/results/all/?origin=GLOBAL_SEARCH_HEADER&keywords=Bret+Mogilefsky+bret.mogilefsky,https://www.linkedin.com/search/results/all/?origin=GLOBAL_SEARCH_HEADER&keywords=Bret+Mogilefsky+gsa,3,,"San Francisco, CA/us","",""
(Unknown),newninja18!gmail.com,Niranjan,https://github.com/ninja18,https://www.linkedin.com/search/results/all/?origin=GLOBAL_SEARCH_HEADER&keywords=Niranjan,https://www.linkedin.com/search/results/all/?origin=GLOBAL_SEARCH_HEADER&keywords=Niranjan+newninja18,https://www.linkedin.com/search/results/all/?origin=GLOBAL_SEARCH_HEADER&keywords=Niranjan+gmail,3,,"Coimbatore,India/in","",""
(Unknown),novarii!users.noreply.github.com,Eray Bozoglu,https://github.com/novarii,https://www.linkedin.com/search/results/all/?origin=GLOBAL_SEARCH_HEADER&keywords=Eray+Bozoglu,https://www.linkedin.com/search/results/all/?origin=GLOBAL_SEARCH_HEADER&keywords=Eray+Bozoglu+novarii,"",3,,"","",""
(Unknown),nv-vankit!users.noreply.github.com,"",https://github.com/nv-vankit,https://www.linkedin.com/search/results/all/?origin=GLOBAL_SEARCH_HEADER&keywords=,https://www.linkedin.com/search/results/all/?origin=GLOBAL_SEARCH_HEADER&keywords=+nv-vankit,"",3,,India/in,"",""
(Unknown),oidebrett!users.noreply.github.com,Oide Brett,https://github.com/oidebrett,https://www.linkedin.com/search/results/all/?origin=GLOBAL_SEARCH_HEADER&keywords=Oide+Brett,https://www.linkedin.com/search/results/all/?origin=GLOBAL_SEARCH_HEADER&keywords=Oide+Brett+oidebrett,"",3,,Ireland/gb,"",""
(Unknown),paritoshd-nv!users.noreply.github.com,"",https://github.com/paritoshd-nv,https://www.linkedin.com/search/results/all/?origin=GLOBAL_SEARCH_HEADER&keywords=,https://www.linkedin.com/search/results/all/?origin=GLOBAL_SEARCH_HEADER&keywords=+paritoshd-nv,"",3,,"","",""
(Unknown),plagtech!users.noreply.github.com,Plag,https://github.com/plagtech,https://www.linkedin.com/search/results/all/?origin=GLOBAL_SEARCH_HEADER&keywords=Plag,https://www.linkedin.com/search/results/all/?origin=GLOBAL_SEARCH_HEADER&keywords=Plag+plagtech,"",3,,"","",""
(Unknown),Plummere!users.noreply.github.com,"",https://github.com/Plummere,https://www.linkedin.com/search/results/all/?origin=GLOBAL_SEARCH_HEADER&keywords=,https://www.linkedin.com/search/results/all/?origin=GLOBAL_SEARCH_HEADER&keywords=+Plummere,"",3,,"","",""
(Unknown),prophetttt!users.noreply.github.com,prophetif,https://github.com/prophetttt,https://www.linkedin.com/search/results/all/?origin=GLOBAL_SEARCH_HEADER&keywords=prophetif,https://www.linkedin.com/search/results/all/?origin=GLOBAL_SEARCH_HEADER&keywords=prophetif+prophetttt,"",3,,"","",""
(Unknown),rakeshgohel01!users.noreply.github.com,Rakesh Gohel,https://github.com/rakeshgohel01,https://www.linkedin.com/search/results/all/?origin=GLOBAL_SEARCH_HEADER&keywords=Rakesh+Gohel,https://www.linkedin.com/search/results/all/?origin=GLOBAL_SEARCH_HEADER&keywords=Rakesh+Gohel+rakeshgohel01,"",3,,Toronto/ca,"",""
(Unknown),rdwj!users.noreply.github.com,Wes Jackson,https://github.com/rdwj,https://www.linkedin.com/search/results/all/?origin=GLOBAL_SEARCH_HEADER&keywords=Wes+Jackson,https://www.linkedin.com/search/results/all/?origin=GLOBAL_SEARCH_HEADER&keywords=Wes+Jackson+rdwj,"",3,,"Texas, USA/us","",""
(Unknown),richardjortega!users.noreply.github.com,Richard Ortega,https://github.com/richardjortega,https://www.linkedin.com/search/results/all/?origin=GLOBAL_SEARCH_HEADER&keywords=Richard+Ortega,https://www.linkedin.com/search/results/all/?origin=GLOBAL_SEARCH_HEADER&keywords=Richard+Ortega+richardjortega,"",3,,"New York, NY/us","",""
(Unknown),c8688rickowens!outlook.com,"",https://github.com/rootkiller6788,https://www.linkedin.com/search/results/all/?origin=GLOBAL_SEARCH_HEADER&keywords=,https://www.linkedin.com/search/results/all/?origin=GLOBAL_SEARCH_HEADER&keywords=+c8688rickowens,https://www.linkedin.com/search/results/all/?origin=GLOBAL_SEARCH_HEADER&keywords=+outlook,3,,"","",""
(Unknown),rossmorey!users.noreply.github.com,Ross Morey,https://github.com/rossmorey,https://www.linkedin.com/search/results/all/?origin=GLOBAL_SEARCH_HEADER&keywords=Ross+Morey,https://www.linkedin.com/search/results/all/?origin=GLOBAL_SEARCH_HEADER&keywords=Ross+Morey+rossmorey,"",3,,"San Carlos, CA/ph","",""
(Unknown),RPirruccio!users.noreply.github.com,Riccardo Pirruccio (Ricky),https://github.com/RPirruccio,https://www.linkedin.com/search/results/all/?origin=GLOBAL_SEARCH_HEADER&keywords=Riccardo+Pirruccio+%28Ricky%29,https://www.linkedin.com/search/results/all/?origin=GLOBAL_SEARCH_HEADER&keywords=Riccardo+Pirruccio+%28Ricky%29+RPirruccio,"",3,,"","",""
(Unknown),s2cube!users.noreply.github.com,s2cube,https://github.com/s2cube,https://www.linkedin.com/search/results/all/?origin=GLOBAL_SEARCH_HEADER&keywords=s2cube,https://www.linkedin.com/search/results/all/?origin=GLOBAL_SEARCH_HEADER&keywords=s2cube+s2cube,"",3,,"","",""
(Unknown),ShivaKumar0786!users.noreply.github.com,"",https://github.com/ShivaKumar0786,https://www.linkedin.com/search/results/all/?origin=GLOBAL_SEARCH_HEADER&keywords=,https://www.linkedin.com/search/results/all/?origin=GLOBAL_SEARCH_HEADER&keywords=+ShivaKumar0786,"",3,,"","",""
(Unknown),Stormxftw!users.noreply.github.com,Strugglehugs,https://github.com/Stormxftw,https://www.linkedin.com/search/results/all/?origin=GLOBAL_SEARCH_HEADER&keywords=Strugglehugs,https://www.linkedin.com/search/results/all/?origin=GLOBAL_SEARCH_HEADER&keywords=Strugglehugs+Stormxftw,"",3,,United States/us,"",""
(Unknown),tarabishy2020!users.noreply.github.com,Sherif Tarabishy,https://github.com/tarabishy2020,https://www.linkedin.com/search/results/all/?origin=GLOBAL_SEARCH_HEADER&keywords=Sherif+Tarabishy,https://www.linkedin.com/search/results/all/?origin=GLOBAL_SEARCH_HEADER&keywords=Sherif+Tarabishy+tarabishy2020,"",3,,"London, UK/gb","",""
(Unknown),thejianmail!gmail.com,A2ZH,https://github.com/theJian,https://www.linkedin.com/search/results/all/?origin=GLOBAL_SEARCH_HEADER&keywords=A2ZH,https://www.linkedin.com/search/results/all/?origin=GLOBAL_SEARCH_HEADER&keywords=A2ZH+thejianmail,https://www.linkedin.com/search/results/all/?origin=GLOBAL_SEARCH_HEADER&keywords=A2ZH+gmail,3,,The place where there is no darkness.,"",""
(Unknown),tyeth!gundryconsultancy.com,@tyeth,https://github.com/tyeth-ai-assisted,https://www.linkedin.com/search/results/all/?origin=GLOBAL_SEARCH_HEADER&keywords=%40tyeth,https://www.linkedin.com/search/results/all/?origin=GLOBAL_SEARCH_HEADER&keywords=%40tyeth+tyeth,https://www.linkedin.com/search/results/all/?origin=GLOBAL_SEARCH_HEADER&keywords=%40tyeth+gundryconsultancy,3,,"I ""live"" in the internet, weaving webs a plenty like a helpful little arachnid","",""
(Unknown),VS4G-jay!users.noreply.github.com,"",https://github.com/VS4G-jay,https://www.linkedin.com/search/results/all/?origin=GLOBAL_SEARCH_HEADER&keywords=,https://www.linkedin.com/search/results/all/?origin=GLOBAL_SEARCH_HEADER&keywords=+VS4G-jay,"",3,,"","",""
(Unknown),whoiskamchatka!users.noreply.github.com,Alex,https://github.com/whoiskamchatka,https://www.linkedin.com/search/results/all/?origin=GLOBAL_SEARCH_HEADER&keywords=Alex,https://www.linkedin.com/search/results/all/?origin=GLOBAL_SEARCH_HEADER&keywords=Alex+whoiskamchatka,"",3,,"Ontario, Canada/ca","",""
(Unknown),nareshtechs!gmail.com,Naresh,https://github.com/wolverine2k,https://www.linkedin.com/search/results/all/?origin=GLOBAL_SEARCH_HEADER&keywords=Naresh,https://www.linkedin.com/search/results/all/?origin=GLOBAL_SEARCH_HEADER&keywords=Naresh+nareshtechs,https://www.linkedin.com/search/results/all/?origin=GLOBAL_SEARCH_HEADER&keywords=Naresh+gmail,3,,Sweden/se,"",""
(Unknown),wujinzhong!users.noreply.github.com,"",https://github.com/wujinzhong,https://www.linkedin.com/search/results/all/?origin=GLOBAL_SEARCH_HEADER&keywords=,https://www.linkedin.com/search/results/all/?origin=GLOBAL_SEARCH_HEADER&keywords=+wujinzhong,"",3,,"","",""
(Unknown),1197843839!qq.com,xmh,https://github.com/xmh1011,https://www.linkedin.com/search/results/all/?origin=GLOBAL_SEARCH_HEADER&keywords=xmh,https://www.linkedin.com/search/results/all/?origin=GLOBAL_SEARCH_HEADER&keywords=xmh+1197843839,https://www.linkedin.com/search/results/all/?origin=GLOBAL_SEARCH_HEADER&keywords=xmh+qq,3,,Beijing/cn,"",""
(Unknown),yucliang-nv!users.noreply.github.com,"",https://github.com/yucliang-nv,https://www.linkedin.com/search/results/all/?origin=GLOBAL_SEARCH_HEADER&keywords=,https://www.linkedin.com/search/results/all/?origin=GLOBAL_SEARCH_HEADER&keywords=+yucliang-nv,"",3,,"","",""
(Unknown),abnormal749!users.noreply.github.com,陳柏瑋,https://github.com/abnormal749,https://www.linkedin.com/search/results/all/?origin=GLOBAL_SEARCH_HEADER&keywords=%E9%99%B3%E6%9F%8F%E7%91%8B,https://www.linkedin.com/search/results/all/?origin=GLOBAL_SEARCH_HEADER&keywords=%E9%99%B3%E6%9F%8F%E7%91%8B+abnormal749,"",2,,"Tainan, Taiwan/tw","",""
(Unknown),aiwh-cli!users.noreply.github.com,"",https://github.com/aiwh-cli,https://www.linkedin.com/search/results/all/?origin=GLOBAL_SEARCH_HEADER&keywords=,https://www.linkedin.com/search/results/all/?origin=GLOBAL_SEARCH_HEADER&keywords=+aiwh-cli,"",2,,"","",""
(Unknown),alessandro.festa1!suse.com,"",https://github.com/alessandro-festa,https://www.linkedin.com/search/results/all/?origin=GLOBAL_SEARCH_HEADER&keywords=,https://www.linkedin.com/search/results/all/?origin=GLOBAL_SEARCH_HEADER&keywords=+alessandro.festa1,https://www.linkedin.com/search/results/all/?origin=GLOBAL_SEARCH_HEADER&keywords=+suse,2,,Turin/it,"",""
(Unknown),AmeerAliAnwar!users.noreply.github.com,Ameer Ali Anwar,https://github.com/AmeerAliAnwar,https://www.linkedin.com/search/results/all/?origin=GLOBAL_SEARCH_HEADER&keywords=Ameer+Ali+Anwar,https://www.linkedin.com/search/results/all/?origin=GLOBAL_SEARCH_HEADER&keywords=Ameer+Ali+Anwar+AmeerAliAnwar,"",2,,"","",""
(Unknown),anseliv!users.noreply.github.com,"",https://github.com/anseliv,https://www.linkedin.com/search/results/all/?origin=GLOBAL_SEARCH_HEADER&keywords=,https://www.linkedin.com/search/results/all/?origin=GLOBAL_SEARCH_HEADER&keywords=+anseliv,"",2,,"","",""
(Unknown),austin-shih!users.noreply.github.com,Austin Shih,https://github.com/austin-shih,https://www.linkedin.com/search/results/all/?origin=GLOBAL_SEARCH_HEADER&keywords=Austin+Shih,https://www.linkedin.com/search/results/all/?origin=GLOBAL_SEARCH_HEADER&keywords=Austin+Shih+austin-shih,"",2,,"","",""
(Unknown),Ayush7614!users.noreply.github.com,Ayush kumar,https://github.com/Ayush7614,https://www.linkedin.com/search/results/all/?origin=GLOBAL_SEARCH_HEADER&keywords=Ayush+kumar,https://www.linkedin.com/search/results/all/?origin=GLOBAL_SEARCH_HEADER&keywords=Ayush+kumar+Ayush7614,"",2,,"India, New Delhi/in","",""
(Unknown),BruceMacD!users.noreply.github.com,Bruce MacDonald,https://github.com/BruceMacD,https://www.linkedin.com/search/results/all/?origin=GLOBAL_SEARCH_HEADER&keywords=Bruce+MacDonald,https://www.linkedin.com/search/results/all/?origin=GLOBAL_SEARCH_HEADER&keywords=Bruce+MacDonald+BruceMacD,"",2,,San Francisco Bay Area/us,"",""
(Unknown),btrzupek!users.noreply.github.com,Brian Trzupek,https://github.com/btrzupek,https://www.linkedin.com/search/results/all/?origin=GLOBAL_SEARCH_HEADER&keywords=Brian+Trzupek,https://www.linkedin.com/search/results/all/?origin=GLOBAL_SEARCH_HEADER&keywords=Brian+Trzupek+btrzupek,"",2,,Austin/us,"",""
(Unknown),kevin!canvascloud.ai,Cloud World Model by Canvas Cloud AI,https://github.com/canvascloudai,https://www.linkedin.com/search/results/all/?origin=GLOBAL_SEARCH_HEADER&keywords=Cloud+World+Model+by+Canvas+Cloud+AI,https://www.linkedin.com/search/results/all/?origin=GLOBAL_SEARCH_HEADER&keywords=Cloud+World+Model+by+Canvas+Cloud+AI+kevin,https://www.linkedin.com/search/results/all/?origin=GLOBAL_SEARCH_HEADER&keywords=Cloud+World+Model+by+Canvas+Cloud+AI+canvascloud,2,,"Stamford, CT/us","",""
(Unknown),chengjiew!users.noreply.github.com,Chengjie Wang,https://github.com/chengjiew,https://www.linkedin.com/search/results/all/?origin=GLOBAL_SEARCH_HEADER&keywords=Chengjie+Wang,https://www.linkedin.com/search/results/all/?origin=GLOBAL_SEARCH_HEADER&keywords=Chengjie+Wang+chengjiew,"",2,,"","",""
(Unknown),chris!mxa.com.au,"",https://github.com/ChrisMail-MXA,https://www.linkedin.com/search/results/all/?origin=GLOBAL_SEARCH_HEADER&keywords=,https://www.linkedin.com/search/results/all/?origin=GLOBAL_SEARCH_HEADER&keywords=+chris,https://www.linkedin.com/search/results/all/?origin=GLOBAL_SEARCH_HEADER&keywords=+mxa,2,,"","",""
(Unknown),CloneOfAlex!users.noreply.github.com,Alex Markevich,https://github.com/CloneOfAlex,https://www.linkedin.com/search/results/all/?origin=GLOBAL_SEARCH_HEADER&keywords=Alex+Markevich,https://www.linkedin.com/search/results/all/?origin=GLOBAL_SEARCH_HEADER&keywords=Alex+Markevich+CloneOfAlex,"",2,,"Waukee, IA/us","",""
(Unknown),clouds.flowing!gmail.com,Clouds,https://github.com/clouds56,https://www.linkedin.com/search/results/all/?origin=GLOBAL_SEARCH_HEADER&keywords=Clouds,https://www.linkedin.com/search/results/all/?origin=GLOBAL_SEARCH_HEADER&keywords=Clouds+clouds.flowing,https://www.linkedin.com/search/results/all/?origin=GLOBAL_SEARCH_HEADER&keywords=Clouds+gmail,2,,Swiss/ch,"",""
(Unknown),craig-armadin!users.noreply.github.com,"",https://github.com/craig-armadin,https://www.linkedin.com/search/results/all/?origin=GLOBAL_SEARCH_HEADER&keywords=,https://www.linkedin.com/search/results/all/?origin=GLOBAL_SEARCH_HEADER&keywords=+craig-armadin,"",2,,"","",""
(Unknown),craig-kindo!users.noreply.github.com,craig,https://github.com/craig-kindo,https://www.linkedin.com/search/results/all/?origin=GLOBAL_SEARCH_HEADER&keywords=craig,https://www.linkedin.com/search/results/all/?origin=GLOBAL_SEARCH_HEADER&keywords=craig+craig-kindo,"",2,,California/us,"",""
(Unknown),CrazyBoyM!users.noreply.github.com,Xinlu Lai,https://github.com/CrazyBoyM,https://www.linkedin.com/search/results/all/?origin=GLOBAL_SEARCH_HEADER&keywords=Xinlu+Lai,https://www.linkedin.com/search/results/all/?origin=GLOBAL_SEARCH_HEADER&keywords=Xinlu+Lai+CrazyBoyM,"",2,,ai-lab@foxmail.com,"",""
(Unknown),christopher.dion!dell.com,Christopher Dion,https://github.com/crdion,https://www.linkedin.com/search/results/all/?origin=GLOBAL_SEARCH_HEADER&keywords=Christopher+Dion,https://www.linkedin.com/search/results/all/?origin=GLOBAL_SEARCH_HEADER&keywords=Christopher+Dion+christopher.dion,https://www.linkedin.com/search/results/all/?origin=GLOBAL_SEARCH_HEADER&keywords=Christopher+Dion+dell,2,,"","",""
(Unknown),darol36-png!users.noreply.github.com,"",https://github.com/darol36-png,https://www.linkedin.com/search/results/all/?origin=GLOBAL_SEARCH_HEADER&keywords=,https://www.linkedin.com/search/results/all/?origin=GLOBAL_SEARCH_HEADER&keywords=+darol36-png,"",2,,"","",""
(Unknown),davidglogan!users.noreply.github.com,Dave Logan,https://github.com/davidglogan,https://www.linkedin.com/search/results/all/?origin=GLOBAL_SEARCH_HEADER&keywords=Dave+Logan,https://www.linkedin.com/search/results/all/?origin=GLOBAL_SEARCH_HEADER&keywords=Dave+Logan+davidglogan,"",2,,"Raleigh, NC/us","",""
(Unknown),deeno35!users.noreply.github.com,David Nguyen,https://github.com/deeno35,https://www.linkedin.com/search/results/all/?origin=GLOBAL_SEARCH_HEADER&keywords=David+Nguyen,https://www.linkedin.com/search/results/all/?origin=GLOBAL_SEARCH_HEADER&keywords=David+Nguyen+deeno35,"",2,,"","",""
(Unknown),kniepdennis!gmail.com,Dennis Kniep,https://github.com/denniskniep,https://www.linkedin.com/search/results/all/?origin=GLOBAL_SEARCH_HEADER&keywords=Dennis+Kniep,https://www.linkedin.com/search/results/all/?origin=GLOBAL_SEARCH_HEADER&keywords=Dennis+Kniep+kniepdennis,https://www.linkedin.com/search/results/all/?origin=GLOBAL_SEARCH_HEADER&keywords=Dennis+Kniep+gmail,2,,"","",""
(Unknown),dipeshbabu!users.noreply.github.com,Dipesh Babu,https://github.com/dipeshbabu,https://www.linkedin.com/search/results/all/?origin=GLOBAL_SEARCH_HEADER&keywords=Dipesh+Babu,https://www.linkedin.com/search/results/all/?origin=GLOBAL_SEARCH_HEADER&keywords=Dipesh+Babu+dipeshbabu,"",2,,Earth/us,"",""
(Unknown),directorboint-arch!users.noreply.github.com,Arch Director,https://github.com/directorboint-arch,https://www.linkedin.com/search/results/all/?origin=GLOBAL_SEARCH_HEADER&keywords=Arch+Director,https://www.linkedin.com/search/results/all/?origin=GLOBAL_SEARCH_HEADER&keywords=Arch+Director+directorboint-arch,"",2,,"","",""
(Unknown),dt.lindberg!gmail.com,DTL,https://github.com/dt-lindberg,https://www.linkedin.com/search/results/all/?origin=GLOBAL_SEARCH_HEADER&keywords=DTL,https://www.linkedin.com/search/results/all/?origin=GLOBAL_SEARCH_HEADER&keywords=DTL+dt.lindberg,https://www.linkedin.com/search/results/all/?origin=GLOBAL_SEARCH_HEADER&keywords=DTL+gmail,2,,"","",""
(Unknown),factory-octavian!users.noreply.github.com,"",https://github.com/factory-octavian,https://www.linkedin.com/search/results/all/?origin=GLOBAL_SEARCH_HEADER&keywords=,https://www.linkedin.com/search/results/all/?origin=GLOBAL_SEARCH_HEADER&keywords=+factory-octavian,"",2,,"","",""
(Unknown),ginnyykw!users.noreply.github.com,"",https://github.com/ginnyykw,https://www.linkedin.com/search/results/all/?origin=GLOBAL_SEARCH_HEADER&keywords=,https://www.linkedin.com/search/results/all/?origin=GLOBAL_SEARCH_HEADER&keywords=+ginnyykw,"",2,,"","",""
(Unknown),clumsypsc!gmail.com,"",https://github.com/Guo-Yixin,https://www.linkedin.com/search/results/all/?origin=GLOBAL_SEARCH_HEADER&keywords=,https://www.linkedin.com/search/results/all/?origin=GLOBAL_SEARCH_HEADER&keywords=+clumsypsc,https://www.linkedin.com/search/results/all/?origin=GLOBAL_SEARCH_HEADER&keywords=+gmail,2,,"","",""
(Unknown),gvarela!suse.com,Gustavo Varela,https://github.com/gusraggio,https://www.linkedin.com/search/results/all/?origin=GLOBAL_SEARCH_HEADER&keywords=Gustavo+Varela,https://www.linkedin.com/search/results/all/?origin=GLOBAL_SEARCH_HEADER&keywords=Gustavo+Varela+gvarela,https://www.linkedin.com/search/results/all/?origin=GLOBAL_SEARCH_HEADER&keywords=Gustavo+Varela+suse,2,,"Madrid, Spain/es","",""
(Unknown),harinishsv!gmail.com,Harinish,https://github.com/harinish45,https://www.linkedin.com/search/results/all/?origin=GLOBAL_SEARCH_HEADER&keywords=Harinish,https://www.linkedin.com/search/results/all/?origin=GLOBAL_SEARCH_HEADER&keywords=Harinish+harinishsv,https://www.linkedin.com/search/results/all/?origin=GLOBAL_SEARCH_HEADER&keywords=Harinish+gmail,2,,Chennai/in,"",""
(Unknown),hasnatelias!users.noreply.github.com,"",https://github.com/hasnatelias,https://www.linkedin.com/search/results/all/?origin=GLOBAL_SEARCH_HEADER&keywords=,https://www.linkedin.com/search/results/all/?origin=GLOBAL_SEARCH_HEADER&keywords=+hasnatelias,"",2,,"","",""
(Unknown),HoneyTyagii!users.noreply.github.com,Honey Tyagi,https://github.com/HoneyTyagii,https://www.linkedin.com/search/results/all/?origin=GLOBAL_SEARCH_HEADER&keywords=Honey+Tyagi,https://www.linkedin.com/search/results/all/?origin=GLOBAL_SEARCH_HEADER&keywords=Honey+Tyagi+HoneyTyagii,"",2,,INDIA/in,"",""
(Unknown),Hyaxia!users.noreply.github.com,Max Vovshin,https://github.com/Hyaxia,https://www.linkedin.com/search/results/all/?origin=GLOBAL_SEARCH_HEADER&keywords=Max+Vovshin,https://www.linkedin.com/search/results/all/?origin=GLOBAL_SEARCH_HEADER&keywords=Max+Vovshin+Hyaxia,"",2,,"","",""
(Unknown),iamroseyoung!users.noreply.github.com,"",https://github.com/iamroseyoung,https://www.linkedin.com/search/results/all/?origin=GLOBAL_SEARCH_HEADER&keywords=,https://www.linkedin.com/search/results/all/?origin=GLOBAL_SEARCH_HEADER&keywords=+iamroseyoung,"",2,,Seoul/kr,"",""
(Unknown),ittayd!users.noreply.github.com,"",https://github.com/ittayd,https://www.linkedin.com/search/results/all/?origin=GLOBAL_SEARCH_HEADER&keywords=,https://www.linkedin.com/search/results/all/?origin=GLOBAL_SEARCH_HEADER&keywords=+ittayd,"",2,,"","",""
(Unknown),svskarthikchowdary!gmail.com,Karthik Chowdary,https://github.com/Karthik-Chowdary,https://www.linkedin.com/search/results/all/?origin=GLOBAL_SEARCH_HEADER&keywords=Karthik+Chowdary,https://www.linkedin.com/search/results/all/?origin=GLOBAL_SEARCH_HEADER&keywords=Karthik+Chowdary+svskarthikchowdary,https://www.linkedin.com/search/results/all/?origin=GLOBAL_SEARCH_HEADER&keywords=Karthik+Chowdary+gmail,2,,Santa Clara/us,"",""
(Unknown),kegetaneh!users.noreply.github.com,"",https://github.com/kegetaneh,https://www.linkedin.com/search/results/all/?origin=GLOBAL_SEARCH_HEADER&keywords=,https://www.linkedin.com/search/results/all/?origin=GLOBAL_SEARCH_HEADER&keywords=+kegetaneh,"",2,,"","",""
(Unknown),kevin-pedretti!users.noreply.github.com,"",https://github.com/kevin-pedretti,https://www.linkedin.com/search/results/all/?origin=GLOBAL_SEARCH_HEADER&keywords=,https://www.linkedin.com/search/results/all/?origin=GLOBAL_SEARCH_HEADER&keywords=+kevin-pedretti,"",2,,"","",""
(Unknown),kholia!users.noreply.github.com,Dhiru Kholia,https://github.com/kholia,https://www.linkedin.com/search/results/all/?origin=GLOBAL_SEARCH_HEADER&keywords=Dhiru+Kholia,https://www.linkedin.com/search/results/all/?origin=GLOBAL_SEARCH_HEADER&keywords=Dhiru+Kholia+kholia,"",2,,"","",""
(Unknown),ktb10k-svg!users.noreply.github.com,"",https://github.com/ktb10k-svg,https://www.linkedin.com/search/results/all/?origin=GLOBAL_SEARCH_HEADER&keywords=,https://www.linkedin.com/search/results/all/?origin=GLOBAL_SEARCH_HEADER&keywords=+ktb10k-svg,"",2,,"","",""
(Unknown),linusyong!gmail.com,Linus Yong,https://github.com/linusyong,https://www.linkedin.com/search/results/all/?origin=GLOBAL_SEARCH_HEADER&keywords=Linus+Yong,https://www.linkedin.com/search/results/all/?origin=GLOBAL_SEARCH_HEADER&keywords=Linus+Yong+linusyong,https://www.linkedin.com/search/results/all/?origin=GLOBAL_SEARCH_HEADER&keywords=Linus+Yong+gmail,2,,"Sydney, Australia/au","",""
(Unknown),m24927605!gmail.com,Michael,https://github.com/m24927605,https://www.linkedin.com/search/results/all/?origin=GLOBAL_SEARCH_HEADER&keywords=Michael,https://www.linkedin.com/search/results/all/?origin=GLOBAL_SEARCH_HEADER&keywords=Michael+m24927605,https://www.linkedin.com/search/results/all/?origin=GLOBAL_SEARCH_HEADER&keywords=Michael+gmail,2,,"Taiwan,Taipei/tw","",""
(Unknown),marwinski!users.noreply.github.com,Dirk Marwinski,https://github.com/marwinski,https://www.linkedin.com/search/results/all/?origin=GLOBAL_SEARCH_HEADER&keywords=Dirk+Marwinski,https://www.linkedin.com/search/results/all/?origin=GLOBAL_SEARCH_HEADER&keywords=Dirk+Marwinski+marwinski,"",2,,Germany/de,"",""
(Unknown),MatejKosec!users.noreply.github.com,MatejKosec,https://github.com/MatejKosec,https://www.linkedin.com/search/results/all/?origin=GLOBAL_SEARCH_HEADER&keywords=MatejKosec,https://www.linkedin.com/search/results/all/?origin=GLOBAL_SEARCH_HEADER&keywords=MatejKosec+MatejKosec,"",2,,"","",""
(Unknown),mattezell!users.noreply.github.com,Matt Ezell,https://github.com/mattezell,https://www.linkedin.com/search/results/all/?origin=GLOBAL_SEARCH_HEADER&keywords=Matt+Ezell,https://www.linkedin.com/search/results/all/?origin=GLOBAL_SEARCH_HEADER&keywords=Matt+Ezell+mattezell,"",2,,"Birmingham, AL/gb","",""
(Unknown),MattyIceMatrix!users.noreply.github.com,Matt Moore,https://github.com/MattyIceMatrix,https://www.linkedin.com/search/results/all/?origin=GLOBAL_SEARCH_HEADER&keywords=Matt+Moore,https://www.linkedin.com/search/results/all/?origin=GLOBAL_SEARCH_HEADER&keywords=Matt+Moore+MattyIceMatrix,"",2,,Germany/de,"",""
(Unknown),mdabydeen!gmail.com,Mike Dabydeen,https://github.com/mdabydeen,https://www.linkedin.com/search/results/all/?origin=GLOBAL_SEARCH_HEADER&keywords=Mike+Dabydeen,https://www.linkedin.com/search/results/all/?origin=GLOBAL_SEARCH_HEADER&keywords=Mike+Dabydeen+mdabydeen,https://www.linkedin.com/search/results/all/?origin=GLOBAL_SEARCH_HEADER&keywords=Mike+Dabydeen+gmail,2,,"Toronto, Ontario, Canada/ca","",""
(Unknown),MitchellAugustin!users.noreply.github.com,Mitchell Augustin,https://github.com/MitchellAugustin,https://www.linkedin.com/search/results/all/?origin=GLOBAL_SEARCH_HEADER&keywords=Mitchell+Augustin,https://www.linkedin.com/search/results/all/?origin=GLOBAL_SEARCH_HEADER&keywords=Mitchell+Augustin+MitchellAugustin,"",2,,"St. Louis, MO, USA/us","",""
(Unknown),mnkj0021!users.noreply.github.com,"",https://github.com/mnkj0021,https://www.linkedin.com/search/results/all/?origin=GLOBAL_SEARCH_HEADER&keywords=,https://www.linkedin.com/search/results/all/?origin=GLOBAL_SEARCH_HEADER&keywords=+mnkj0021,"",2,,"","",""
(Unknown),mprpic!users.noreply.github.com,Martin Prpič,https://github.com/mprpic,https://www.linkedin.com/search/results/all/?origin=GLOBAL_SEARCH_HEADER&keywords=Martin+Prpi%C4%8D,https://www.linkedin.com/search/results/all/?origin=GLOBAL_SEARCH_HEADER&keywords=Martin+Prpi%C4%8D+mprpic,"",2,,"","",""
(Unknown),muhshan2!users.noreply.github.com,Shan Muhunthan,https://github.com/muhshan2,https://www.linkedin.com/search/results/all/?origin=GLOBAL_SEARCH_HEADER&keywords=Shan+Muhunthan,https://www.linkedin.com/search/results/all/?origin=GLOBAL_SEARCH_HEADER&keywords=Shan+Muhunthan+muhshan2,"",2,,"","",""
(Unknown),omarnash619!gmail.com,Omar Nashirudeen,https://github.com/Nash6643,https://www.linkedin.com/search/results/all/?origin=GLOBAL_SEARCH_HEADER&keywords=Omar+Nashirudeen,https://www.linkedin.com/search/results/all/?origin=GLOBAL_SEARCH_HEADER&keywords=Omar+Nashirudeen+omarnash619,https://www.linkedin.com/search/results/all/?origin=GLOBAL_SEARCH_HEADER&keywords=Omar+Nashirudeen+gmail,2,,"Istanbul,Turkey/tr","",""
(Unknown),nick!sufficient.software,Nick Gartmann,https://github.com/nickgartmann,https://www.linkedin.com/search/results/all/?origin=GLOBAL_SEARCH_HEADER&keywords=Nick+Gartmann,https://www.linkedin.com/search/results/all/?origin=GLOBAL_SEARCH_HEADER&keywords=Nick+Gartmann+nick,https://www.linkedin.com/search/results/all/?origin=GLOBAL_SEARCH_HEADER&keywords=Nick+Gartmann+sufficient,2,,"Milwaukee, WI/us","",""
(Unknown),nic-nvidia!users.noreply.github.com,nic,https://github.com/nic-nvidia,https://www.linkedin.com/search/results/all/?origin=GLOBAL_SEARCH_HEADER&keywords=nic,https://www.linkedin.com/search/results/all/?origin=GLOBAL_SEARCH_HEADER&keywords=nic+nic-nvidia,"",2,,"","",""
(Unknown),ninadphalak!gmail.com,Ninad Phalak,https://github.com/ninadphalak,https://www.linkedin.com/search/results/all/?origin=GLOBAL_SEARCH_HEADER&keywords=Ninad+Phalak,https://www.linkedin.com/search/results/all/?origin=GLOBAL_SEARCH_HEADER&keywords=Ninad+Phalak+ninadphalak,https://www.linkedin.com/search/results/all/?origin=GLOBAL_SEARCH_HEADER&keywords=Ninad+Phalak+gmail,2,,United States/us,"",""
(Unknown),nv-nedelman-1!users.noreply.github.com,"",https://github.com/nv-nedelman-1,https://www.linkedin.com/search/results/all/?origin=GLOBAL_SEARCH_HEADER&keywords=,https://www.linkedin.com/search/results/all/?origin=GLOBAL_SEARCH_HEADER&keywords=+nv-nedelman-1,"",2,,"","",""
(Unknown),oleg-savko!users.noreply.github.com,"",https://github.com/oleg-savko,https://www.linkedin.com/search/results/all/?origin=GLOBAL_SEARCH_HEADER&keywords=,https://www.linkedin.com/search/results/all/?origin=GLOBAL_SEARCH_HEADER&keywords=+oleg-savko,"",2,,"","",""
(Unknown),Oxygen56!users.noreply.github.com,Willow Lopez,https://github.com/Oxygen56,https://www.linkedin.com/search/results/all/?origin=GLOBAL_SEARCH_HEADER&keywords=Willow+Lopez,https://www.linkedin.com/search/results/all/?origin=GLOBAL_SEARCH_HEADER&keywords=Willow+Lopez+Oxygen56,"",2,,"","",""
(Unknown),PicoNVIDIA!users.noreply.github.com,Patrick Moorhead,https://github.com/PicoNVIDIA,https://www.linkedin.com/search/results/all/?origin=GLOBAL_SEARCH_HEADER&keywords=Patrick+Moorhead,https://www.linkedin.com/search/results/all/?origin=GLOBAL_SEARCH_HEADER&keywords=Patrick+Moorhead+PicoNVIDIA,"",2,,"","",""
(Unknown),filip.strozik!outlook.com,Filip Strozik,https://github.com/pPrecel,https://www.linkedin.com/search/results/all/?origin=GLOBAL_SEARCH_HEADER&keywords=Filip+Strozik,https://www.linkedin.com/search/results/all/?origin=GLOBAL_SEARCH_HEADER&keywords=Filip+Strozik+filip.strozik,https://www.linkedin.com/search/results/all/?origin=GLOBAL_SEARCH_HEADER&keywords=Filip+Strozik+outlook,2,,Gliwice/pl,"",""
(Unknown),pranjulgupta0203!gmail.com,Pranjul Gupta,https://github.com/Pranjulcr7,https://www.linkedin.com/search/results/all/?origin=GLOBAL_SEARCH_HEADER&keywords=Pranjul+Gupta,https://www.linkedin.com/search/results/all/?origin=GLOBAL_SEARCH_HEADER&keywords=Pranjul+Gupta+pranjulgupta0203,https://www.linkedin.com/search/results/all/?origin=GLOBAL_SEARCH_HEADER&keywords=Pranjul+Gupta+gmail,2,,United States/us,"",""
(Unknown),rain-sicoreai!users.noreply.github.com,"",https://github.com/rain-sicoreai,https://www.linkedin.com/search/results/all/?origin=GLOBAL_SEARCH_HEADER&keywords=,https://www.linkedin.com/search/results/all/?origin=GLOBAL_SEARCH_HEADER&keywords=+rain-sicoreai,"",2,,"","",""
(Unknown),RanPollak!users.noreply.github.com,Ran Pollak,https://github.com/RanPollak,https://www.linkedin.com/search/results/all/?origin=GLOBAL_SEARCH_HEADER&keywords=Ran+Pollak,https://www.linkedin.com/search/results/all/?origin=GLOBAL_SEARCH_HEADER&keywords=Ran+Pollak+RanPollak,"",2,,"","",""
(Unknown),RemiLehe!users.noreply.github.com,Remi Lehe,https://github.com/RemiLehe,https://www.linkedin.com/search/results/all/?origin=GLOBAL_SEARCH_HEADER&keywords=Remi+Lehe,https://www.linkedin.com/search/results/all/?origin=GLOBAL_SEARCH_HEADER&keywords=Remi+Lehe+RemiLehe,"",2,,Berkeley/us,"",""
(Unknown),dnagornu!redhat.com,Daniels Nagornuks,https://github.com/rh-dnagornuks,https://www.linkedin.com/search/results/all/?origin=GLOBAL_SEARCH_HEADER&keywords=Daniels+Nagornuks,https://www.linkedin.com/search/results/all/?origin=GLOBAL_SEARCH_HEADER&keywords=Daniels+Nagornuks+dnagornu,https://www.linkedin.com/search/results/all/?origin=GLOBAL_SEARCH_HEADER&keywords=Daniels+Nagornuks+redhat,2,,Ireland/gb,"",""
(Unknown),RightRudderAI!users.noreply.github.com,Right Rudder by ERA,https://github.com/RightRudderAI,https://www.linkedin.com/search/results/all/?origin=GLOBAL_SEARCH_HEADER&keywords=Right+Rudder+by+ERA,https://www.linkedin.com/search/results/all/?origin=GLOBAL_SEARCH_HEADER&keywords=Right+Rudder+by+ERA+RightRudderAI,"",2,,"","",""
(Unknown),riyadhctg!users.noreply.github.com,"",https://github.com/riyadhctg,https://www.linkedin.com/search/results/all/?origin=GLOBAL_SEARCH_HEADER&keywords=,https://www.linkedin.com/search/results/all/?origin=GLOBAL_SEARCH_HEADER&keywords=+riyadhctg,"",2,,"","",""
(Unknown),rocket-turkey!users.noreply.github.com,"",https://github.com/rocket-turkey,https://www.linkedin.com/search/results/all/?origin=GLOBAL_SEARCH_HEADER&keywords=,https://www.linkedin.com/search/results/all/?origin=GLOBAL_SEARCH_HEADER&keywords=+rocket-turkey,"",2,,"","",""
(Unknown),romain.pellerin!gmail.com,Romain Pellerin,https://github.com/romainPellerin,https://www.linkedin.com/search/results/all/?origin=GLOBAL_SEARCH_HEADER&keywords=Romain+Pellerin,https://www.linkedin.com/search/results/all/?origin=GLOBAL_SEARCH_HEADER&keywords=Romain+Pellerin+romain.pellerin,https://www.linkedin.com/search/results/all/?origin=GLOBAL_SEARCH_HEADER&keywords=Romain+Pellerin+gmail,2,,"Zurich, Switzerland/ch","",""
(Unknown),sandeepstele!users.noreply.github.com,Sandeep S,https://github.com/sandeepstele,https://www.linkedin.com/search/results/all/?origin=GLOBAL_SEARCH_HEADER&keywords=Sandeep+S,https://www.linkedin.com/search/results/all/?origin=GLOBAL_SEARCH_HEADER&keywords=Sandeep+S+sandeepstele,"",2,,"","",""
(Unknown),senthilr-nv!users.noreply.github.com,Senthil Ravichandran,https://github.com/senthilr-nv,https://www.linkedin.com/search/results/all/?origin=GLOBAL_SEARCH_HEADER&keywords=Senthil+Ravichandran,https://www.linkedin.com/search/results/all/?origin=GLOBAL_SEARCH_HEADER&keywords=Senthil+Ravichandran+senthilr-nv,"",2,,"","",""
(Unknown),kushidashiro!gmail.com,Kushida,https://github.com/ShiroKSH,https://www.linkedin.com/search/results/all/?origin=GLOBAL_SEARCH_HEADER&keywords=Kushida,https://www.linkedin.com/search/results/all/?origin=GLOBAL_SEARCH_HEADER&keywords=Kushida+kushidashiro,https://www.linkedin.com/search/results/all/?origin=GLOBAL_SEARCH_HEADER&keywords=Kushida+gmail,2,,"","",""
(Unknown),shishir.karanth!gmail.com,Shishir Karanth,https://github.com/shishir-karanth,https://www.linkedin.com/search/results/all/?origin=GLOBAL_SEARCH_HEADER&keywords=Shishir+Karanth,https://www.linkedin.com/search/results/all/?origin=GLOBAL_SEARCH_HEADER&keywords=Shishir+Karanth+shishir.karanth,https://www.linkedin.com/search/results/all/?origin=GLOBAL_SEARCH_HEADER&keywords=Shishir+Karanth+gmail,2,,Bangalore/in,"",""
(Unknown),SkylerChenTaiwan!users.noreply.github.com,"",https://github.com/SkylerChenTaiwan,https://www.linkedin.com/search/results/all/?origin=GLOBAL_SEARCH_HEADER&keywords=,https://www.linkedin.com/search/results/all/?origin=GLOBAL_SEARCH_HEADER&keywords=+SkylerChenTaiwan,"",2,,"","",""
(Unknown),stiliyanaa!users.noreply.github.com,"",https://github.com/stiliyanaa,https://www.linkedin.com/search/results/all/?origin=GLOBAL_SEARCH_HEADER&keywords=,https://www.linkedin.com/search/results/all/?origin=GLOBAL_SEARCH_HEADER&keywords=+stiliyanaa,"",2,,"","",""
(Unknown),testaco!users.noreply.github.com,"",https://github.com/testaco,https://www.linkedin.com/search/results/all/?origin=GLOBAL_SEARCH_HEADER&keywords=,https://www.linkedin.com/search/results/all/?origin=GLOBAL_SEARCH_HEADER&keywords=+testaco,"",2,,"","",""
(Unknown),alecsanf!usc.edu,Alec Fong,https://github.com/theFong,https://www.linkedin.com/search/results/all/?origin=GLOBAL_SEARCH_HEADER&keywords=Alec+Fong,https://www.linkedin.com/search/results/all/?origin=GLOBAL_SEARCH_HEADER&keywords=Alec+Fong+alecsanf,https://www.linkedin.com/search/results/all/?origin=GLOBAL_SEARCH_HEADER&keywords=Alec+Fong+usc,2,,San Francisco/us,"",""
(Unknown),github!timosur.com,Timo,https://github.com/timosur,https://www.linkedin.com/search/results/all/?origin=GLOBAL_SEARCH_HEADER&keywords=Timo,https://www.linkedin.com/search/results/all/?origin=GLOBAL_SEARCH_HEADER&keywords=Timo+github,https://www.linkedin.com/search/results/all/?origin=GLOBAL_SEARCH_HEADER&keywords=Timo+timosur,2,,"Recklinghausen, Germany/de","",""
(Unknown),tndejong!users.noreply.github.com,Tijmen,https://github.com/tndejong,https://www.linkedin.com/search/results/all/?origin=GLOBAL_SEARCH_HEADER&keywords=Tijmen,https://www.linkedin.com/search/results/all/?origin=GLOBAL_SEARCH_HEADER&keywords=Tijmen+tndejong,"",2,,"","",""
(Unknown),toby!toby.sh,Toby Padilla,https://github.com/toby,https://www.linkedin.com/search/results/all/?origin=GLOBAL_SEARCH_HEADER&keywords=Toby+Padilla,https://www.linkedin.com/search/results/all/?origin=GLOBAL_SEARCH_HEADER&keywords=Toby+Padilla+toby,https://www.linkedin.com/search/results/all/?origin=GLOBAL_SEARCH_HEADER&keywords=Toby+Padilla+toby,2,,New Mexico/us,"",""
(Unknown),todraco!users.noreply.github.com,"",https://github.com/todraco,https://www.linkedin.com/search/results/all/?origin=GLOBAL_SEARCH_HEADER&keywords=,https://www.linkedin.com/search/results/all/?origin=GLOBAL_SEARCH_HEADER&keywords=+todraco,"",2,,"","",""
(Unknown),travisbreaks!users.noreply.github.com,travisBREAKS,https://github.com/travisbreaks,https://www.linkedin.com/search/results/all/?origin=GLOBAL_SEARCH_HEADER&keywords=travisBREAKS,https://www.linkedin.com/search/results/all/?origin=GLOBAL_SEARCH_HEADER&keywords=travisBREAKS+travisbreaks,"",2,,"Austin, TX/us","",""
(Unknown),uogharrylin-codex!users.noreply.github.com,"",https://github.com/uogharrylin-codex,https://www.linkedin.com/search/results/all/?origin=GLOBAL_SEARCH_HEADER&keywords=,https://www.linkedin.com/search/results/all/?origin=GLOBAL_SEARCH_HEADER&keywords=+uogharrylin-codex,"",2,,"","",""
(Unknown),vnarajal!cisco.com,Vineeth Sai Narajala,https://github.com/vineethsai7,https://www.linkedin.com/search/results/all/?origin=GLOBAL_SEARCH_HEADER&keywords=Vineeth+Sai+Narajala,https://www.linkedin.com/search/results/all/?origin=GLOBAL_SEARCH_HEADER&keywords=Vineeth+Sai+Narajala+vnarajal,https://www.linkedin.com/search/results/all/?origin=GLOBAL_SEARCH_HEADER&keywords=Vineeth+Sai+Narajala+cisco,2,,NY,"",""
(Unknown),vtripathy!users.noreply.github.com,Vivek Dutt Tripathi,https://github.com/vtripathy,https://www.linkedin.com/search/results/all/?origin=GLOBAL_SEARCH_HEADER&keywords=Vivek+Dutt+Tripathi,https://www.linkedin.com/search/results/all/?origin=GLOBAL_SEARCH_HEADER&keywords=Vivek+Dutt+Tripathi+vtripathy,"",2,,"","",""
(Unknown),wenlingd!users.noreply.github.com,"",https://github.com/wenlingd,https://www.linkedin.com/search/results/all/?origin=GLOBAL_SEARCH_HEADER&keywords=,https://www.linkedin.com/search/results/all/?origin=GLOBAL_SEARCH_HEADER&keywords=+wenlingd,"",2,,"","",""
(Unknown),whatchamacallem!users.noreply.github.com,Adrian Johnston,https://github.com/whatchamacallem,https://www.linkedin.com/search/results/all/?origin=GLOBAL_SEARCH_HEADER&keywords=Adrian+Johnston,https://www.linkedin.com/search/results/all/?origin=GLOBAL_SEARCH_HEADER&keywords=Adrian+Johnston+whatchamacallem,"",2,,Canada/au,"",""
(Unknown),xianxu!users.noreply.github.com,Xian,https://github.com/xianxu,https://www.linkedin.com/search/results/all/?origin=GLOBAL_SEARCH_HEADER&keywords=Xian,https://www.linkedin.com/search/results/all/?origin=GLOBAL_SEARCH_HEADER&keywords=Xian+xianxu,"",2,,"","",""
(Unknown),yanggf8!users.noreply.github.com,y.m,https://github.com/yanggf8,https://www.linkedin.com/search/results/all/?origin=GLOBAL_SEARCH_HEADER&keywords=y.m,https://www.linkedin.com/search/results/all/?origin=GLOBAL_SEARCH_HEADER&keywords=y.m+yanggf8,"",2,,"","",""
(Unknown),yanziz-nvidia!users.noreply.github.com,Yanzi Zhu,https://github.com/yanziz-nvidia,https://www.linkedin.com/search/results/all/?origin=GLOBAL_SEARCH_HEADER&keywords=Yanzi+Zhu,https://www.linkedin.com/search/results/all/?origin=GLOBAL_SEARCH_HEADER&keywords=Yanzi+Zhu+yanziz-nvidia,"",2,,"","",""
(Unknown),zc-mattcen!users.noreply.github.com,Matt Cengia,https://github.com/zc-mattcen,https://www.linkedin.com/search/results/all/?origin=GLOBAL_SEARCH_HEADER&keywords=Matt+Cengia,https://www.linkedin.com/search/results/all/?origin=GLOBAL_SEARCH_HEADER&keywords=Matt+Cengia+zc-mattcen,"",2,,"","",""
(Unknown),9Pie-893!users.noreply.github.com,Jacob Pierre,https://github.com/9Pie-893,https://www.linkedin.com/search/results/all/?origin=GLOBAL_SEARCH_HEADER&keywords=Jacob+Pierre,https://www.linkedin.com/search/results/all/?origin=GLOBAL_SEARCH_HEADER&keywords=Jacob+Pierre+9Pie-893,"",1,,"","",""
(Unknown),aadityaramsh!users.noreply.github.com,"",https://github.com/aadityaramsh,https://www.linkedin.com/search/results/all/?origin=GLOBAL_SEARCH_HEADER&keywords=,https://www.linkedin.com/search/results/all/?origin=GLOBAL_SEARCH_HEADER&keywords=+aadityaramsh,"",1,,"","",""
(Unknown),apalanis!redhat.com,Abraham Miller,https://github.com/abraham2512,https://www.linkedin.com/search/results/all/?origin=GLOBAL_SEARCH_HEADER&keywords=Abraham+Miller,https://www.linkedin.com/search/results/all/?origin=GLOBAL_SEARCH_HEADER&keywords=Abraham+Miller+apalanis,https://www.linkedin.com/search/results/all/?origin=GLOBAL_SEARCH_HEADER&keywords=Abraham+Miller+redhat,1,,Toronto/ca,"",""
(Unknown),abt-cpu!users.noreply.github.com,"",https://github.com/abt-cpu,https://www.linkedin.com/search/results/all/?origin=GLOBAL_SEARCH_HEADER&keywords=,https://www.linkedin.com/search/results/all/?origin=GLOBAL_SEARCH_HEADER&keywords=+abt-cpu,"",1,,"","",""
(Unknown),adi0106!users.noreply.github.com,"",https://github.com/adi0106,https://www.linkedin.com/search/results/all/?origin=GLOBAL_SEARCH_HEADER&keywords=,https://www.linkedin.com/search/results/all/?origin=GLOBAL_SEARCH_HEADER&keywords=+adi0106,"",1,,"","",""
(Unknown),aeonframework!users.noreply.github.com,aeon,https://github.com/aeonframework,https://www.linkedin.com/search/results/all/?origin=GLOBAL_SEARCH_HEADER&keywords=aeon,https://www.linkedin.com/search/results/all/?origin=GLOBAL_SEARCH_HEADER&keywords=aeon+aeonframework,"",1,,"","",""
(Unknown),Ai-chan-0411!users.noreply.github.com,藍-Ai,https://github.com/Ai-chan-0411,https://www.linkedin.com/search/results/all/?origin=GLOBAL_SEARCH_HEADER&keywords=%E8%97%8D-Ai,https://www.linkedin.com/search/results/all/?origin=GLOBAL_SEARCH_HEADER&keywords=%E8%97%8D-Ai+Ai-chan-0411,"",1,,Japan/jp,"",""
(Unknown),Akazai-A!users.noreply.github.com,"",https://github.com/Akazai-A,https://www.linkedin.com/search/results/all/?origin=GLOBAL_SEARCH_HEADER&keywords=,https://www.linkedin.com/search/results/all/?origin=GLOBAL_SEARCH_HEADER&keywords=+Akazai-A,"",1,,"","",""
(Unknown),arominge!redhat.com,Alan Rominger,https://github.com/AlanCoding,https://www.linkedin.com/search/results/all/?origin=GLOBAL_SEARCH_HEADER&keywords=Alan+Rominger,https://www.linkedin.com/search/results/all/?origin=GLOBAL_SEARCH_HEADER&keywords=Alan+Rominger+arominge,https://www.linkedin.com/search/results/all/?origin=GLOBAL_SEARCH_HEADER&keywords=Alan+Rominger+redhat,1,,"Durham, NC/gb","",""
(Unknown),alxvasilevvv!users.noreply.github.com,"",https://github.com/alxvasilevvv,https://www.linkedin.com/search/results/all/?origin=GLOBAL_SEARCH_HEADER&keywords=,https://www.linkedin.com/search/results/all/?origin=GLOBAL_SEARCH_HEADER&keywords=+alxvasilevvv,"",1,,"","",""
(Unknown),andreas-ntonas!users.noreply.github.com,Andreas Ntonas,https://github.com/andreas-ntonas,https://www.linkedin.com/search/results/all/?origin=GLOBAL_SEARCH_HEADER&keywords=Andreas+Ntonas,https://www.linkedin.com/search/results/all/?origin=GLOBAL_SEARCH_HEADER&keywords=Andreas+Ntonas+andreas-ntonas,"",1,,"","",""
(Unknown),Andrews2017!users.noreply.github.com,Andre Niyongabo Rubungo,https://github.com/Andrews2017,https://www.linkedin.com/search/results/all/?origin=GLOBAL_SEARCH_HEADER&keywords=Andre+Niyongabo+Rubungo,https://www.linkedin.com/search/results/all/?origin=GLOBAL_SEARCH_HEADER&keywords=Andre+Niyongabo+Rubungo+Andrews2017,"",1,,"","",""
(Unknown),aniruddhaadak80!gmail.com,ANIRUDDHA ADAK,https://github.com/aniruddhaadak80,https://www.linkedin.com/search/results/all/?origin=GLOBAL_SEARCH_HEADER&keywords=ANIRUDDHA+ADAK,https://www.linkedin.com/search/results/all/?origin=GLOBAL_SEARCH_HEADER&keywords=ANIRUDDHA+ADAK+aniruddhaadak80,https://www.linkedin.com/search/results/all/?origin=GLOBAL_SEARCH_HEADER&keywords=ANIRUDDHA+ADAK+gmail,1,,"","",""
(Unknown),antolarv!users.noreply.github.com,Antonin Larvor,https://github.com/antolarv,https://www.linkedin.com/search/results/all/?origin=GLOBAL_SEARCH_HEADER&keywords=Antonin+Larvor,https://www.linkedin.com/search/results/all/?origin=GLOBAL_SEARCH_HEADER&keywords=Antonin+Larvor+antolarv,"",1,,"","",""
(Unknown),apurvvkumaria!users.noreply.github.com,Apurv Kumaria,https://github.com/apurvvkumaria,https://www.linkedin.com/search/results/all/?origin=GLOBAL_SEARCH_HEADER&keywords=Apurv+Kumaria,https://www.linkedin.com/search/results/all/?origin=GLOBAL_SEARCH_HEADER&keywords=Apurv+Kumaria+apurvvkumaria,"",1,,"","",""
(Unknown),arian-gogani!users.noreply.github.com,Arian Gogani,https://github.com/arian-gogani,https://www.linkedin.com/search/results/all/?origin=GLOBAL_SEARCH_HEADER&keywords=Arian+Gogani,https://www.linkedin.com/search/results/all/?origin=GLOBAL_SEARCH_HEADER&keywords=Arian+Gogani+arian-gogani,"",1,,"Granite Bay, California/us","",""
(Unknown),arjunkchr!users.noreply.github.com,Arjun Kochhar,https://github.com/arjunkchr,https://www.linkedin.com/search/results/all/?origin=GLOBAL_SEARCH_HEADER&keywords=Arjun+Kochhar,https://www.linkedin.com/search/results/all/?origin=GLOBAL_SEARCH_HEADER&keywords=Arjun+Kochhar+arjunkchr,"",1,,"","",""
(Unknown),dev!armorerlabs.com,Armorer,https://github.com/armorer-labs,https://www.linkedin.com/search/results/all/?origin=GLOBAL_SEARCH_HEADER&keywords=Armorer,https://www.linkedin.com/search/results/all/?origin=GLOBAL_SEARCH_HEADER&keywords=Armorer+dev,https://www.linkedin.com/search/results/all/?origin=GLOBAL_SEARCH_HEADER&keywords=Armorer+armorerlabs,1,,"","",""
(Unknown),arunbuduri!users.noreply.github.com,"",https://github.com/arunbuduri,https://www.linkedin.com/search/results/all/?origin=GLOBAL_SEARCH_HEADER&keywords=,https://www.linkedin.com/search/results/all/?origin=GLOBAL_SEARCH_HEADER&keywords=+arunbuduri,"",1,,"","",""
(Unknown),ascerra!users.noreply.github.com,Adam Scerra,https://github.com/ascerra,https://www.linkedin.com/search/results/all/?origin=GLOBAL_SEARCH_HEADER&keywords=Adam+Scerra,https://www.linkedin.com/search/results/all/?origin=GLOBAL_SEARCH_HEADER&keywords=Adam+Scerra+ascerra,"",1,,"","",""
(Unknown),Ash20pk!users.noreply.github.com,Aswin Kumar,https://github.com/Ash20pk,https://www.linkedin.com/search/results/all/?origin=GLOBAL_SEARCH_HEADER&keywords=Aswin+Kumar,https://www.linkedin.com/search/results/all/?origin=GLOBAL_SEARCH_HEADER&keywords=Aswin+Kumar+Ash20pk,"",1,,Singapore/sg,"",""
(Unknown),aslanshi!users.noreply.github.com,"",https://github.com/aslanshi,https://www.linkedin.com/search/results/all/?origin=GLOBAL_SEARCH_HEADER&keywords=,https://www.linkedin.com/search/results/all/?origin=GLOBAL_SEARCH_HEADER&keywords=+aslanshi,"",1,,"Santa Clara, CA/us","",""
(Unknown),hz8pkh!charter.net,Andy Pechin,https://github.com/asp12x,https://www.linkedin.com/search/results/all/?origin=GLOBAL_SEARCH_HEADER&keywords=Andy+Pechin,https://www.linkedin.com/search/results/all/?origin=GLOBAL_SEARCH_HEADER&keywords=Andy+Pechin+hz8pkh,https://www.linkedin.com/search/results/all/?origin=GLOBAL_SEARCH_HEADER&keywords=Andy+Pechin+charter,1,,"","",""
(Unknown),Atharva-Kanherkar!users.noreply.github.com,Atharva Kanherkar,https://github.com/Atharva-Kanherkar,https://www.linkedin.com/search/results/all/?origin=GLOBAL_SEARCH_HEADER&keywords=Atharva+Kanherkar,https://www.linkedin.com/search/results/all/?origin=GLOBAL_SEARCH_HEADER&keywords=Atharva+Kanherkar+Atharva-Kanherkar,"",1,,Jabalpur/in,"",""
(Unknown),athreesh!users.noreply.github.com,Anish,https://github.com/athreesh,https://www.linkedin.com/search/results/all/?origin=GLOBAL_SEARCH_HEADER&keywords=Anish,https://www.linkedin.com/search/results/all/?origin=GLOBAL_SEARCH_HEADER&keywords=Anish+athreesh,"",1,,"","",""
(Unknown),kryklia!gmail.com,Oleksandr Kryklia,https://github.com/auraz,https://www.linkedin.com/search/results/all/?origin=GLOBAL_SEARCH_HEADER&keywords=Oleksandr+Kryklia,https://www.linkedin.com/search/results/all/?origin=GLOBAL_SEARCH_HEADER&keywords=Oleksandr+Kryklia+kryklia,https://www.linkedin.com/search/results/all/?origin=GLOBAL_SEARCH_HEADER&keywords=Oleksandr+Kryklia+gmail,1,,Kyiv/ua,"",""
(Unknown),awrobel-gd!users.noreply.github.com,Adam Wróbel,https://github.com/awrobel-gd,https://www.linkedin.com/search/results/all/?origin=GLOBAL_SEARCH_HEADER&keywords=Adam+Wr%C3%B3bel,https://www.linkedin.com/search/results/all/?origin=GLOBAL_SEARCH_HEADER&keywords=Adam+Wr%C3%B3bel+awrobel-gd,"",1,,"","",""
(Unknown),ayoisio!users.noreply.github.com,Ayo Adedeji,https://github.com/ayoisio,https://www.linkedin.com/search/results/all/?origin=GLOBAL_SEARCH_HEADER&keywords=Ayo+Adedeji,https://www.linkedin.com/search/results/all/?origin=GLOBAL_SEARCH_HEADER&keywords=Ayo+Adedeji+ayoisio,"",1,,"","",""
(Unknown),ayushmanitiwari1119!gmail.com,Ayush Mani Tiwari,https://github.com/ayushmanitiwari101-dev,https://www.linkedin.com/search/results/all/?origin=GLOBAL_SEARCH_HEADER&keywords=Ayush+Mani+Tiwari,https://www.linkedin.com/search/results/all/?origin=GLOBAL_SEARCH_HEADER&keywords=Ayush+Mani+Tiwari+ayushmanitiwari1119,https://www.linkedin.com/search/results/all/?origin=GLOBAL_SEARCH_HEADER&keywords=Ayush+Mani+Tiwari+gmail,1,,Deoria Uttar Pradesh India ,"",""
(Unknown),bba-git!users.noreply.github.com,"",https://github.com/bba-git,https://www.linkedin.com/search/results/all/?origin=GLOBAL_SEARCH_HEADER&keywords=,https://www.linkedin.com/search/results/all/?origin=GLOBAL_SEARCH_HEADER&keywords=+bba-git,"",1,,"","",""
(Unknown),belentani7!users.noreply.github.com,Pedro Belentani,https://github.com/belentani7,https://www.linkedin.com/search/results/all/?origin=GLOBAL_SEARCH_HEADER&keywords=Pedro+Belentani,https://www.linkedin.com/search/results/all/?origin=GLOBAL_SEARCH_HEADER&keywords=Pedro+Belentani+belentani7,"",1,,"L'Hospitalet de Llobregat, Barcelona/es","",""
(Unknown),ben-cobb!users.noreply.github.com,"",https://github.com/ben-cobb,https://www.linkedin.com/search/results/all/?origin=GLOBAL_SEARCH_HEADER&keywords=,https://www.linkedin.com/search/results/all/?origin=GLOBAL_SEARCH_HEADER&keywords=+ben-cobb,"",1,,"","",""
(Unknown),BenediktBurger!users.noreply.github.com,Benedikt Burger,https://github.com/BenediktBurger,https://www.linkedin.com/search/results/all/?origin=GLOBAL_SEARCH_HEADER&keywords=Benedikt+Burger,https://www.linkedin.com/search/results/all/?origin=GLOBAL_SEARCH_HEADER&keywords=Benedikt+Burger+BenediktBurger,"",1,,Germany/de,"",""
(Unknown),BGMLAI!users.noreply.github.com,"",https://github.com/BGMLAI,https://www.linkedin.com/search/results/all/?origin=GLOBAL_SEARCH_HEADER&keywords=,https://www.linkedin.com/search/results/all/?origin=GLOBAL_SEARCH_HEADER&keywords=+BGMLAI,"",1,,"","",""
(Unknown),bmahabirbu!users.noreply.github.com,Brian M,https://github.com/bmahabirbu,https://www.linkedin.com/search/results/all/?origin=GLOBAL_SEARCH_HEADER&keywords=Brian+M,https://www.linkedin.com/search/results/all/?origin=GLOBAL_SEARCH_HEADER&keywords=Brian+M+bmahabirbu,"",1,,HALO/bd,"",""
(Unknown),bokerh!users.noreply.github.com,"",https://github.com/bokerh,https://www.linkedin.com/search/results/all/?origin=GLOBAL_SEARCH_HEADER&keywords=,https://www.linkedin.com/search/results/all/?origin=GLOBAL_SEARCH_HEADER&keywords=+bokerh,"",1,,"","",""
(Unknown),BondarenkoIV!users.noreply.github.com,Ivan,https://github.com/BondarenkoIV,https://www.linkedin.com/search/results/all/?origin=GLOBAL_SEARCH_HEADER&keywords=Ivan,https://www.linkedin.com/search/results/all/?origin=GLOBAL_SEARCH_HEADER&keywords=Ivan+BondarenkoIV,"",1,,"","",""
(Unknown),boskeysavla!users.noreply.github.com,"",https://github.com/boskeysavla,https://www.linkedin.com/search/results/all/?origin=GLOBAL_SEARCH_HEADER&keywords=,https://www.linkedin.com/search/results/all/?origin=GLOBAL_SEARCH_HEADER&keywords=+boskeysavla,"",1,,"","",""
(Unknown),bourumir.wyngs!gmail.com,Bourumir,https://github.com/bourumir-wyngs,https://www.linkedin.com/search/results/all/?origin=GLOBAL_SEARCH_HEADER&keywords=Bourumir,https://www.linkedin.com/search/results/all/?origin=GLOBAL_SEARCH_HEADER&keywords=Bourumir+bourumir.wyngs,https://www.linkedin.com/search/results/all/?origin=GLOBAL_SEARCH_HEADER&keywords=Bourumir+gmail,1,,Zurich/ch,"",""
(Unknown),bradley.fay!gmail.com,Bradley Fay,https://github.com/bradleyfay,https://www.linkedin.com/search/results/all/?origin=GLOBAL_SEARCH_HEADER&keywords=Bradley+Fay,https://www.linkedin.com/search/results/all/?origin=GLOBAL_SEARCH_HEADER&keywords=Bradley+Fay+bradley.fay,https://www.linkedin.com/search/results/all/?origin=GLOBAL_SEARCH_HEADER&keywords=Bradley+Fay+gmail,1,,Boston/us,"",""
(Unknown),brandonroyal!users.noreply.github.com,Brandon Royal,https://github.com/brandonroyal,https://www.linkedin.com/search/results/all/?origin=GLOBAL_SEARCH_HEADER&keywords=Brandon+Royal,https://www.linkedin.com/search/results/all/?origin=GLOBAL_SEARCH_HEADER&keywords=Brandon+Royal+brandonroyal,"",1,,"Cambridge, MA/us","",""
(Unknown),c-1k!users.noreply.github.com,Cam White,https://github.com/c-1k,https://www.linkedin.com/search/results/all/?origin=GLOBAL_SEARCH_HEADER&keywords=Cam+White,https://www.linkedin.com/search/results/all/?origin=GLOBAL_SEARCH_HEADER&keywords=Cam+White+c-1k,"",1,,nyc/us,"",""
(Unknown),canardleteer!users.noreply.github.com,dylan,https://github.com/canardleteer,https://www.linkedin.com/search/results/all/?origin=GLOBAL_SEARCH_HEADER&keywords=dylan,https://www.linkedin.com/search/results/all/?origin=GLOBAL_SEARCH_HEADER&keywords=dylan+canardleteer,"",1,,"Tehachapi, CA, USA/us","",""
(Unknown),caudalosamente-wq!users.noreply.github.com,"",https://github.com/caudalosamente-wq,https://www.linkedin.com/search/results/all/?origin=GLOBAL_SEARCH_HEADER&keywords=,https://www.linkedin.com/search/results/all/?origin=GLOBAL_SEARCH_HEADER&keywords=+caudalosamente-wq,"",1,,"","",""
(Unknown),C-Bjorn!users.noreply.github.com,C.Bjørn,https://github.com/C-Bjorn,https://www.linkedin.com/search/results/all/?origin=GLOBAL_SEARCH_HEADER&keywords=C.Bj%C3%B8rn,https://www.linkedin.com/search/results/all/?origin=GLOBAL_SEARCH_HEADER&keywords=C.Bj%C3%B8rn+C-Bjorn,"",1,,"Asheville, NC/us","",""
(Unknown),charles!parkerfolk.net,Charles P,https://github.com/cdiddy77,https://www.linkedin.com/search/results/all/?origin=GLOBAL_SEARCH_HEADER&keywords=Charles+P,https://www.linkedin.com/search/results/all/?origin=GLOBAL_SEARCH_HEADER&keywords=Charles+P+charles,https://www.linkedin.com/search/results/all/?origin=GLOBAL_SEARCH_HEADER&keywords=Charles+P+parkerfolk,1,,Seattle/us,"",""
(Unknown),stefan!heartscience-consulting.de,Stefan Schulz,https://github.com/ceasedfonts,https://www.linkedin.com/search/results/all/?origin=GLOBAL_SEARCH_HEADER&keywords=Stefan+Schulz,https://www.linkedin.com/search/results/all/?origin=GLOBAL_SEARCH_HEADER&keywords=Stefan+Schulz+stefan,https://www.linkedin.com/search/results/all/?origin=GLOBAL_SEARCH_HEADER&keywords=Stefan+Schulz+heartscience-consulting,1,,Aachen/de,"",""
(Unknown),ChaseB-creator!users.noreply.github.com,Chase B.,https://github.com/ChaseB-creator,https://www.linkedin.com/search/results/all/?origin=GLOBAL_SEARCH_HEADER&keywords=Chase+B.,https://www.linkedin.com/search/results/all/?origin=GLOBAL_SEARCH_HEADER&keywords=Chase+B.+ChaseB-creator,"",1,,"","",""
(Unknown),chen.stanilovsky!gmail.com,Chen,https://github.com/chenstanilovsky,https://www.linkedin.com/search/results/all/?origin=GLOBAL_SEARCH_HEADER&keywords=Chen,https://www.linkedin.com/search/results/all/?origin=GLOBAL_SEARCH_HEADER&keywords=Chen+chen.stanilovsky,https://www.linkedin.com/search/results/all/?origin=GLOBAL_SEARCH_HEADER&keywords=Chen+gmail,1,,"Brooklyn, NY/us","",""
(Unknown),stevegi!checkpoint.com,Steve Giguere,https://github.com/chkp-stevegi,https://www.linkedin.com/search/results/all/?origin=GLOBAL_SEARCH_HEADER&keywords=Steve+Giguere,https://www.linkedin.com/search/results/all/?origin=GLOBAL_SEARCH_HEADER&keywords=Steve+Giguere+stevegi,https://www.linkedin.com/search/results/all/?origin=GLOBAL_SEARCH_HEADER&keywords=Steve+Giguere+checkpoint,1,,Toronto/ca,"",""
(Unknown),chris.yifanjin!gmail.com,Yifan Jin,https://github.com/chrisyifanjin,https://www.linkedin.com/search/results/all/?origin=GLOBAL_SEARCH_HEADER&keywords=Yifan+Jin,https://www.linkedin.com/search/results/all/?origin=GLOBAL_SEARCH_HEADER&keywords=Yifan+Jin+chris.yifanjin,https://www.linkedin.com/search/results/all/?origin=GLOBAL_SEARCH_HEADER&keywords=Yifan+Jin+gmail,1,,"","",""
(Unknown),chrysent!users.noreply.github.com,"",https://github.com/chrysent,https://www.linkedin.com/search/results/all/?origin=GLOBAL_SEARCH_HEADER&keywords=,https://www.linkedin.com/search/results/all/?origin=GLOBAL_SEARCH_HEADER&keywords=+chrysent,"",1,,"","",""
(Unknown),cloudant42!users.noreply.github.com,"",https://github.com/cloudant42,https://www.linkedin.com/search/results/all/?origin=GLOBAL_SEARCH_HEADER&keywords=,https://www.linkedin.com/search/results/all/?origin=GLOBAL_SEARCH_HEADER&keywords=+cloudant42,"",1,,"","",""
(Unknown),coastli!users.noreply.github.com,"",https://github.com/coastli,https://www.linkedin.com/search/results/all/?origin=GLOBAL_SEARCH_HEADER&keywords=,https://www.linkedin.com/search/results/all/?origin=GLOBAL_SEARCH_HEADER&keywords=+coastli,"",1,,"","",""
(Unknown),codyhartsook!gmail.com,Cody Hartsook,https://github.com/codyhartsook,https://www.linkedin.com/search/results/all/?origin=GLOBAL_SEARCH_HEADER&keywords=Cody+Hartsook,https://www.linkedin.com/search/results/all/?origin=GLOBAL_SEARCH_HEADER&keywords=Cody+Hartsook+codyhartsook,https://www.linkedin.com/search/results/all/?origin=GLOBAL_SEARCH_HEADER&keywords=Cody+Hartsook+gmail,1,,San Francisco/us,"",""
(Unknown),CraigAllsopp!users.noreply.github.com,Craig Allsopp,https://github.com/CraigAllsopp,https://www.linkedin.com/search/results/all/?origin=GLOBAL_SEARCH_HEADER&keywords=Craig+Allsopp,https://www.linkedin.com/search/results/all/?origin=GLOBAL_SEARCH_HEADER&keywords=Craig+Allsopp+CraigAllsopp,"",1,,Huddersfield /gb,"",""
(Unknown),csanad.poda!outlook.com,Csanád Póda,https://github.com/csanadpoda,https://www.linkedin.com/search/results/all/?origin=GLOBAL_SEARCH_HEADER&keywords=Csan%C3%A1d+P%C3%B3da,https://www.linkedin.com/search/results/all/?origin=GLOBAL_SEARCH_HEADER&keywords=Csan%C3%A1d+P%C3%B3da+csanad.poda,https://www.linkedin.com/search/results/all/?origin=GLOBAL_SEARCH_HEADER&keywords=Csan%C3%A1d+P%C3%B3da+outlook,1,,"","",""
(Unknown),danny!tuppeny.com,Danny Tuppeny,https://github.com/DanTup,https://www.linkedin.com/search/results/all/?origin=GLOBAL_SEARCH_HEADER&keywords=Danny+Tuppeny,https://www.linkedin.com/search/results/all/?origin=GLOBAL_SEARCH_HEADER&keywords=Danny+Tuppeny+danny,https://www.linkedin.com/search/results/all/?origin=GLOBAL_SEARCH_HEADER&keywords=Danny+Tuppeny+tuppeny,1,,"England, UK/gb","",""
(Unknown),defautluser0!defautluser0.xyz,Niko,https://github.com/defautluser0,https://www.linkedin.com/search/results/all/?origin=GLOBAL_SEARCH_HEADER&keywords=Niko,https://www.linkedin.com/search/results/all/?origin=GLOBAL_SEARCH_HEADER&keywords=Niko+defautluser0,https://www.linkedin.com/search/results/all/?origin=GLOBAL_SEARCH_HEADER&keywords=Niko+defautluser0,1,,"","",""
(Unknown),dennisdarrow!users.noreply.github.com,"",https://github.com/dennisdarrow,https://www.linkedin.com/search/results/all/?origin=GLOBAL_SEARCH_HEADER&keywords=,https://www.linkedin.com/search/results/all/?origin=GLOBAL_SEARCH_HEADER&keywords=+dennisdarrow,"",1,,"","",""
(Unknown),Deris0411!users.noreply.github.com,"",https://github.com/Deris0411,https://www.linkedin.com/search/results/all/?origin=GLOBAL_SEARCH_HEADER&keywords=,https://www.linkedin.com/search/results/all/?origin=GLOBAL_SEARCH_HEADER&keywords=+Deris0411,"",1,,"","",""
(Unknown),devhuntr!users.noreply.github.com,Hunter Anderson,https://github.com/devhuntr,https://www.linkedin.com/search/results/all/?origin=GLOBAL_SEARCH_HEADER&keywords=Hunter+Anderson,https://www.linkedin.com/search/results/all/?origin=GLOBAL_SEARCH_HEADER&keywords=Hunter+Anderson+devhuntr,"",1,,"","",""
(Unknown),diogomatsubara!users.noreply.github.com,Diogo Matsubara,https://github.com/diogomatsubara,https://www.linkedin.com/search/results/all/?origin=GLOBAL_SEARCH_HEADER&keywords=Diogo+Matsubara,https://www.linkedin.com/search/results/all/?origin=GLOBAL_SEARCH_HEADER&keywords=Diogo+Matsubara+diogomatsubara,"",1,,"","",""
(Unknown),dkaygithub!users.noreply.github.com,Daniel Kay,https://github.com/dkaygithub,https://www.linkedin.com/search/results/all/?origin=GLOBAL_SEARCH_HEADER&keywords=Daniel+Kay,https://www.linkedin.com/search/results/all/?origin=GLOBAL_SEARCH_HEADER&keywords=Daniel+Kay+dkaygithub,"",1,,"","",""
(Unknown),dleighsystem!users.noreply.github.com,"",https://github.com/dleighsystem,https://www.linkedin.com/search/results/all/?origin=GLOBAL_SEARCH_HEADER&keywords=,https://www.linkedin.com/search/results/all/?origin=GLOBAL_SEARCH_HEADER&keywords=+dleighsystem,"",1,,"","",""
(Unknown),donggitdong!users.noreply.github.com,"",https://github.com/donggitdong,https://www.linkedin.com/search/results/all/?origin=GLOBAL_SEARCH_HEADER&keywords=,https://www.linkedin.com/search/results/all/?origin=GLOBAL_SEARCH_HEADER&keywords=+donggitdong,"",1,,"","",""
(Unknown),dpasirst!users.noreply.github.com,Dave Pasirstein,https://github.com/dpasirst,https://www.linkedin.com/search/results/all/?origin=GLOBAL_SEARCH_HEADER&keywords=Dave+Pasirstein,https://www.linkedin.com/search/results/all/?origin=GLOBAL_SEARCH_HEADER&keywords=Dave+Pasirstein+dpasirst,"",1,,"","",""
(Unknown),dredozubov!users.noreply.github.com,Denis Redozubov,https://github.com/dredozubov,https://www.linkedin.com/search/results/all/?origin=GLOBAL_SEARCH_HEADER&keywords=Denis+Redozubov,https://www.linkedin.com/search/results/all/?origin=GLOBAL_SEARCH_HEADER&keywords=Denis+Redozubov+dredozubov,"",1,,"","",""
(Unknown),drew.verlee!gmail.com,drew,https://github.com/drewverlee,https://www.linkedin.com/search/results/all/?origin=GLOBAL_SEARCH_HEADER&keywords=drew,https://www.linkedin.com/search/results/all/?origin=GLOBAL_SEARCH_HEADER&keywords=drew+drew.verlee,https://www.linkedin.com/search/results/all/?origin=GLOBAL_SEARCH_HEADER&keywords=drew+gmail,1,,chicago il/us,"",""
(Unknown),DT-Jasper!users.noreply.github.com,Jasper Jürgensen,https://github.com/DT-Jasper,https://www.linkedin.com/search/results/all/?origin=GLOBAL_SEARCH_HEADER&keywords=Jasper+J%C3%BCrgensen,https://www.linkedin.com/search/results/all/?origin=GLOBAL_SEARCH_HEADER&keywords=Jasper+J%C3%BCrgensen+DT-Jasper,"",1,,"","",""
(Unknown),EdwallScaffold!users.noreply.github.com,Edwall Scaffold,https://github.com/EdwallScaffold,https://www.linkedin.com/search/results/all/?origin=GLOBAL_SEARCH_HEADER&keywords=Edwall+Scaffold,https://www.linkedin.com/search/results/all/?origin=GLOBAL_SEARCH_HEADER&keywords=Edwall+Scaffold+EdwallScaffold,"",1,,"","",""
(Unknown),egalanos!users.noreply.github.com,Emmanuel Galanos,https://github.com/egalanos,https://www.linkedin.com/search/results/all/?origin=GLOBAL_SEARCH_HEADER&keywords=Emmanuel+Galanos,https://www.linkedin.com/search/results/all/?origin=GLOBAL_SEARCH_HEADER&keywords=Emmanuel+Galanos+egalanos,"",1,,Sydney/au,"",""
(Unknown),EislM0203!users.noreply.github.com,Markus Eisl,https://github.com/EislM0203,https://www.linkedin.com/search/results/all/?origin=GLOBAL_SEARCH_HEADER&keywords=Markus+Eisl,https://www.linkedin.com/search/results/all/?origin=GLOBAL_SEARCH_HEADER&keywords=Markus+Eisl+EislM0203,"",1,,"Altmünster am Traunsee, Austria/at","",""
(Unknown),alfredo.metere!enclawed.com,"Enclawed, Inc.",https://github.com/enclawed,https://www.linkedin.com/search/results/all/?origin=GLOBAL_SEARCH_HEADER&keywords=Enclawed%2C+Inc.,https://www.linkedin.com/search/results/all/?origin=GLOBAL_SEARCH_HEADER&keywords=Enclawed%2C+Inc.+alfredo.metere,https://www.linkedin.com/search/results/all/?origin=GLOBAL_SEARCH_HEADER&keywords=Enclawed%2C+Inc.+enclawed,1,,San Francisco/us,"",""
(Unknown),ethandalebout-beep!users.noreply.github.com,"",https://github.com/ethandalebout-beep,https://www.linkedin.com/search/results/all/?origin=GLOBAL_SEARCH_HEADER&keywords=,https://www.linkedin.com/search/results/all/?origin=GLOBAL_SEARCH_HEADER&keywords=+ethandalebout-beep,"",1,,"","",""
(Unknown),EtiennePerot!users.noreply.github.com,Etienne Perot,https://github.com/EtiennePerot,https://www.linkedin.com/search/results/all/?origin=GLOBAL_SEARCH_HEADER&keywords=Etienne+Perot,https://www.linkedin.com/search/results/all/?origin=GLOBAL_SEARCH_HEADER&keywords=Etienne+Perot+EtiennePerot,"",1,,4096R/5CFC3B88974EE250,"",""
(Unknown),ewhauser!gmail.com,Eric Hauser,https://github.com/ewhauser,https://www.linkedin.com/search/results/all/?origin=GLOBAL_SEARCH_HEADER&keywords=Eric+Hauser,https://www.linkedin.com/search/results/all/?origin=GLOBAL_SEARCH_HEADER&keywords=Eric+Hauser+ewhauser,https://www.linkedin.com/search/results/all/?origin=GLOBAL_SEARCH_HEADER&keywords=Eric+Hauser+gmail,1,,"San Francisco, CA/us","",""
(Unknown),extanglement!users.noreply.github.com,Tom Taylor,https://github.com/extanglement,https://www.linkedin.com/search/results/all/?origin=GLOBAL_SEARCH_HEADER&keywords=Tom+Taylor,https://www.linkedin.com/search/results/all/?origin=GLOBAL_SEARCH_HEADER&keywords=Tom+Taylor+extanglement,"",1,,"","",""
(Unknown),vuhoangminh97!gmail.com,Minh Vu,https://github.com/fallintoplace,https://www.linkedin.com/search/results/all/?origin=GLOBAL_SEARCH_HEADER&keywords=Minh+Vu,https://www.linkedin.com/search/results/all/?origin=GLOBAL_SEARCH_HEADER&keywords=Minh+Vu+vuhoangminh97,https://www.linkedin.com/search/results/all/?origin=GLOBAL_SEARCH_HEADER&keywords=Minh+Vu+gmail,1,,Germany/de,"",""
(Unknown),FaridSafi!users.noreply.github.com,Farid Safi,https://github.com/FaridSafi,https://www.linkedin.com/search/results/all/?origin=GLOBAL_SEARCH_HEADER&keywords=Farid+Safi,https://www.linkedin.com/search/results/all/?origin=GLOBAL_SEARCH_HEADER&keywords=Farid+Safi+FaridSafi,"",1,,"Paris, France/fr","",""
(Unknown),fede.kamelhar!onepeloton.com,Fede Kamelhar,https://github.com/fedebike,https://www.linkedin.com/search/results/all/?origin=GLOBAL_SEARCH_HEADER&keywords=Fede+Kamelhar,https://www.linkedin.com/search/results/all/?origin=GLOBAL_SEARCH_HEADER&keywords=Fede+Kamelhar+fede.kamelhar,https://www.linkedin.com/search/results/all/?origin=GLOBAL_SEARCH_HEADER&keywords=Fede+Kamelhar+onepeloton,1,,New York City/us,"",""
(Unknown),fitzyracing1!gmail.com,Joshua Almeida,https://github.com/fitzyracing1,https://www.linkedin.com/search/results/all/?origin=GLOBAL_SEARCH_HEADER&keywords=Joshua+Almeida,https://www.linkedin.com/search/results/all/?origin=GLOBAL_SEARCH_HEADER&keywords=Joshua+Almeida+fitzyracing1,https://www.linkedin.com/search/results/all/?origin=GLOBAL_SEARCH_HEADER&keywords=Joshua+Almeida+gmail,1,,"","",""
(Unknown),fredrik3000!users.noreply.github.com,"",https://github.com/fredrik3000,https://www.linkedin.com/search/results/all/?origin=GLOBAL_SEARCH_HEADER&keywords=,https://www.linkedin.com/search/results/all/?origin=GLOBAL_SEARCH_HEADER&keywords=+fredrik3000,"",1,,"","",""
(Unknown),freeqaz-openai!users.noreply.github.com,Free Wortley,https://github.com/freeqaz-openai,https://www.linkedin.com/search/results/all/?origin=GLOBAL_SEARCH_HEADER&keywords=Free+Wortley,https://www.linkedin.com/search/results/all/?origin=GLOBAL_SEARCH_HEADER&keywords=Free+Wortley+freeqaz-openai,"",1,,"","",""
(Unknown),gdraper-fs!users.noreply.github.com,Gordon Draper,https://github.com/gdraper-fs,https://www.linkedin.com/search/results/all/?origin=GLOBAL_SEARCH_HEADER&keywords=Gordon+Draper,https://www.linkedin.com/search/results/all/?origin=GLOBAL_SEARCH_HEADER&keywords=Gordon+Draper+gdraper-fs,"",1,,Sydney Australia,"",""
(Unknown),giladk1221!users.noreply.github.com,"",https://github.com/giladk1221,https://www.linkedin.com/search/results/all/?origin=GLOBAL_SEARCH_HEADER&keywords=,https://www.linkedin.com/search/results/all/?origin=GLOBAL_SEARCH_HEADER&keywords=+giladk1221,"",1,,"","",""
(Unknown),GiulioSurya!users.noreply.github.com,"",https://github.com/GiulioSurya,https://www.linkedin.com/search/results/all/?origin=GLOBAL_SEARCH_HEADER&keywords=,https://www.linkedin.com/search/results/all/?origin=GLOBAL_SEARCH_HEADER&keywords=+GiulioSurya,"",1,,bologna/it,"",""
(Unknown),gomission!users.noreply.github.com,gomission.ai,https://github.com/gomission,https://www.linkedin.com/search/results/all/?origin=GLOBAL_SEARCH_HEADER&keywords=gomission.ai,https://www.linkedin.com/search/results/all/?origin=GLOBAL_SEARCH_HEADER&keywords=gomission.ai+gomission,"",1,,New York/us,"",""
(Unknown),greg!rage.net,Greg Retkowski,https://github.com/gregretkowski,https://www.linkedin.com/search/results/all/?origin=GLOBAL_SEARCH_HEADER&keywords=Greg+Retkowski,https://www.linkedin.com/search/results/all/?origin=GLOBAL_SEARCH_HEADER&keywords=Greg+Retkowski+greg,https://www.linkedin.com/search/results/all/?origin=GLOBAL_SEARCH_HEADER&keywords=Greg+Retkowski+rage,1,,"San Diego, CA/us","",""
(Unknown),gtrepta!users.noreply.github.com,"",https://github.com/gtrepta,https://www.linkedin.com/search/results/all/?origin=GLOBAL_SEARCH_HEADER&keywords=,https://www.linkedin.com/search/results/all/?origin=GLOBAL_SEARCH_HEADER&keywords=+gtrepta,"",1,,"","",""
(Unknown),harry-anderson!users.noreply.github.com,Harry Anderson,https://github.com/harry-anderson,https://www.linkedin.com/search/results/all/?origin=GLOBAL_SEARCH_HEADER&keywords=Harry+Anderson,https://www.linkedin.com/search/results/all/?origin=GLOBAL_SEARCH_HEADER&keywords=Harry+Anderson+harry-anderson,"",1,,Sydney/au,"",""
(Unknown),harshithsaiv!users.noreply.github.com,Harshith Sai V,https://github.com/harshithsaiv,https://www.linkedin.com/search/results/all/?origin=GLOBAL_SEARCH_HEADER&keywords=Harshith+Sai+V,https://www.linkedin.com/search/results/all/?origin=GLOBAL_SEARCH_HEADER&keywords=Harshith+Sai+V+harshithsaiv,"",1,,California/us,"",""
(Unknown),harsh-labz!users.noreply.github.com,Harsh,https://github.com/harsh-labz,https://www.linkedin.com/search/results/all/?origin=GLOBAL_SEARCH_HEADER&keywords=Harsh,https://www.linkedin.com/search/results/all/?origin=GLOBAL_SEARCH_HEADER&keywords=Harsh+harsh-labz,"",1,,"","",""
(Unknown),hasnainkhan70777-arch!users.noreply.github.com,Hasnain ,https://github.com/hasnainkhan70777-arch,https://www.linkedin.com/search/results/all/?origin=GLOBAL_SEARCH_HEADER&keywords=Hasnain+,https://www.linkedin.com/search/results/all/?origin=GLOBAL_SEARCH_HEADER&keywords=Hasnain++hasnainkhan70777-arch,"",1,,boos4040h@gmail.com,"",""
(Unknown),HayHay1105!users.noreply.github.com,HayHay,https://github.com/HayHay1105,https://www.linkedin.com/search/results/all/?origin=GLOBAL_SEARCH_HEADER&keywords=HayHay,https://www.linkedin.com/search/results/all/?origin=GLOBAL_SEARCH_HEADER&keywords=HayHay+HayHay1105,"",1,,"","",""
(Unknown),henry-1981!users.noreply.github.com,henry.hb,https://github.com/henry-1981,https://www.linkedin.com/search/results/all/?origin=GLOBAL_SEARCH_HEADER&keywords=henry.hb,https://www.linkedin.com/search/results/all/?origin=GLOBAL_SEARCH_HEADER&keywords=henry.hb+henry-1981,"",1,,"","",""
(Unknown),herbowicz!users.noreply.github.com,Greg Herbowicz,https://github.com/herbowicz,https://www.linkedin.com/search/results/all/?origin=GLOBAL_SEARCH_HEADER&keywords=Greg+Herbowicz,https://www.linkedin.com/search/results/all/?origin=GLOBAL_SEARCH_HEADER&keywords=Greg+Herbowicz+herbowicz,"",1,,"Wrocław, Poland/pl","",""
(Unknown),13774486042!163.com,陈家名,https://github.com/hiSandog,https://www.linkedin.com/search/results/all/?origin=GLOBAL_SEARCH_HEADER&keywords=%E9%99%88%E5%AE%B6%E5%90%8D,https://www.linkedin.com/search/results/all/?origin=GLOBAL_SEARCH_HEADER&keywords=%E9%99%88%E5%AE%B6%E5%90%8D+13774486042,https://www.linkedin.com/search/results/all/?origin=GLOBAL_SEARCH_HEADER&keywords=%E9%99%88%E5%AE%B6%E5%90%8D+163,1,,"","",""
(Unknown),hugoverjus!users.noreply.github.com,"",https://github.com/hugoverjus,https://www.linkedin.com/search/results/all/?origin=GLOBAL_SEARCH_HEADER&keywords=,https://www.linkedin.com/search/results/all/?origin=GLOBAL_SEARCH_HEADER&keywords=+hugoverjus,"",1,,"","",""
(Unknown),i-aka-rahul!users.noreply.github.com,"",https://github.com/i-aka-rahul,https://www.linkedin.com/search/results/all/?origin=GLOBAL_SEARCH_HEADER&keywords=,https://www.linkedin.com/search/results/all/?origin=GLOBAL_SEARCH_HEADER&keywords=+i-aka-rahul,"",1,,"","",""
(Unknown),andrewliyanlap000824!gmail.com,Andrew Li,https://github.com/IamMrandrew,https://www.linkedin.com/search/results/all/?origin=GLOBAL_SEARCH_HEADER&keywords=Andrew+Li,https://www.linkedin.com/search/results/all/?origin=GLOBAL_SEARCH_HEADER&keywords=Andrew+Li+andrewliyanlap000824,https://www.linkedin.com/search/results/all/?origin=GLOBAL_SEARCH_HEADER&keywords=Andrew+Li+gmail,1,,Hong Kong/hk,"",""
(Unknown),ifle!users.noreply.github.com,ifle,https://github.com/ifle,https://www.linkedin.com/search/results/all/?origin=GLOBAL_SEARCH_HEADER&keywords=ifle,https://www.linkedin.com/search/results/all/?origin=GLOBAL_SEARCH_HEADER&keywords=ifle+ifle,"",1,,"","",""
(Unknown),imfromfuture3000!gmail.com,Paulpete Cercenia,https://github.com/imfromfuture3000-Android,https://www.linkedin.com/search/results/all/?origin=GLOBAL_SEARCH_HEADER&keywords=Paulpete+Cercenia,https://www.linkedin.com/search/results/all/?origin=GLOBAL_SEARCH_HEADER&keywords=Paulpete+Cercenia+imfromfuture3000,https://www.linkedin.com/search/results/all/?origin=GLOBAL_SEARCH_HEADER&keywords=Paulpete+Cercenia+gmail,1,,"","",""
(Unknown),jackjin1997!users.noreply.github.com,Zexu Jin,https://github.com/jackjin1997,https://www.linkedin.com/search/results/all/?origin=GLOBAL_SEARCH_HEADER&keywords=Zexu+Jin,https://www.linkedin.com/search/results/all/?origin=GLOBAL_SEARCH_HEADER&keywords=Zexu+Jin+jackjin1997,"",1,,"Hangzhou, China/cn","",""
(Unknown),jakob-lilliemarck!users.noreply.github.com,Jakob Lilliemarck,https://github.com/jakob-lilliemarck,https://www.linkedin.com/search/results/all/?origin=GLOBAL_SEARCH_HEADER&keywords=Jakob+Lilliemarck,https://www.linkedin.com/search/results/all/?origin=GLOBAL_SEARCH_HEADER&keywords=Jakob+Lilliemarck+jakob-lilliemarck,"",1,,Stockholm/se,"",""
(Unknown),jamieknvidia!users.noreply.github.com,"",https://github.com/jamieknvidia,https://www.linkedin.com/search/results/all/?origin=GLOBAL_SEARCH_HEADER&keywords=,https://www.linkedin.com/search/results/all/?origin=GLOBAL_SEARCH_HEADER&keywords=+jamieknvidia,"",1,,"","",""
(Unknown),jeremy.newhouse!salientdata.ai,Jeremy Newhouse,https://github.com/jeremy-newhouse,https://www.linkedin.com/search/results/all/?origin=GLOBAL_SEARCH_HEADER&keywords=Jeremy+Newhouse,https://www.linkedin.com/search/results/all/?origin=GLOBAL_SEARCH_HEADER&keywords=Jeremy+Newhouse+jeremy.newhouse,https://www.linkedin.com/search/results/all/?origin=GLOBAL_SEARCH_HEADER&keywords=Jeremy+Newhouse+salientdata,1,,"","",""
(Unknown),jlmercado321!users.noreply.github.com,"",https://github.com/jlmercado321,https://www.linkedin.com/search/results/all/?origin=GLOBAL_SEARCH_HEADER&keywords=,https://www.linkedin.com/search/results/all/?origin=GLOBAL_SEARCH_HEADER&keywords=+jlmercado321,"",1,,"","",""
(Unknown),ylafrimi!gmail.com,JoeVenner,https://github.com/joeVenner,https://www.linkedin.com/search/results/all/?origin=GLOBAL_SEARCH_HEADER&keywords=JoeVenner,https://www.linkedin.com/search/results/all/?origin=GLOBAL_SEARCH_HEADER&keywords=JoeVenner+ylafrimi,https://www.linkedin.com/search/results/all/?origin=GLOBAL_SEARCH_HEADER&keywords=JoeVenner+gmail,1,,Cosmos/us,"",""
(Unknown),joshrotenberg!gmail.com,Josh Rotenberg,https://github.com/joshrotenberg,https://www.linkedin.com/search/results/all/?origin=GLOBAL_SEARCH_HEADER&keywords=Josh+Rotenberg,https://www.linkedin.com/search/results/all/?origin=GLOBAL_SEARCH_HEADER&keywords=Josh+Rotenberg+joshrotenberg,https://www.linkedin.com/search/results/all/?origin=GLOBAL_SEARCH_HEADER&keywords=Josh+Rotenberg+gmail,1,,"Albany, CA/us","",""
(Unknown),jpiersol!users.noreply.github.com,"",https://github.com/jpiersol,https://www.linkedin.com/search/results/all/?origin=GLOBAL_SEARCH_HEADER&keywords=,https://www.linkedin.com/search/results/all/?origin=GLOBAL_SEARCH_HEADER&keywords=+jpiersol,"",1,,"","",""
(Unknown),juhpetersen!gmail.com,Jens Petersen,https://github.com/juhp,https://www.linkedin.com/search/results/all/?origin=GLOBAL_SEARCH_HEADER&keywords=Jens+Petersen,https://www.linkedin.com/search/results/all/?origin=GLOBAL_SEARCH_HEADER&keywords=Jens+Petersen+juhpetersen,https://www.linkedin.com/search/results/all/?origin=GLOBAL_SEARCH_HEADER&keywords=Jens+Petersen+gmail,1,,Singapore/sg,"",""
(Unknown),kaizen-abhinav!users.noreply.github.com,Abhinav Varghese Abraham,https://github.com/kaizen-abhinav,https://www.linkedin.com/search/results/all/?origin=GLOBAL_SEARCH_HEADER&keywords=Abhinav+Varghese+Abraham,https://www.linkedin.com/search/results/all/?origin=GLOBAL_SEARCH_HEADER&keywords=Abhinav+Varghese+Abraham+kaizen-abhinav,"",1,,"Kerala, India/in","",""
(Unknown),kalyanoliveira!users.noreply.github.com,"",https://github.com/kalyanoliveira,https://www.linkedin.com/search/results/all/?origin=GLOBAL_SEARCH_HEADER&keywords=,https://www.linkedin.com/search/results/all/?origin=GLOBAL_SEARCH_HEADER&keywords=+kalyanoliveira,"",1,,"","",""
(Unknown),kamilbakierzynski!users.noreply.github.com,Kamil Bakierzyński,https://github.com/kamilbakierzynski,https://www.linkedin.com/search/results/all/?origin=GLOBAL_SEARCH_HEADER&keywords=Kamil+Bakierzy%C5%84ski,https://www.linkedin.com/search/results/all/?origin=GLOBAL_SEARCH_HEADER&keywords=Kamil+Bakierzy%C5%84ski+kamilbakierzynski,"",1,,"Gdańsk, Poland/pl","",""
(Unknown),kamil!keycard.ai,Kamil,https://github.com/kamil-keycard,https://www.linkedin.com/search/results/all/?origin=GLOBAL_SEARCH_HEADER&keywords=Kamil,https://www.linkedin.com/search/results/all/?origin=GLOBAL_SEARCH_HEADER&keywords=Kamil+kamil,https://www.linkedin.com/search/results/all/?origin=GLOBAL_SEARCH_HEADER&keywords=Kamil+keycard,1,,"","",""
(Unknown),kamrannizamani35!gmail.com,Kamran Khan,https://github.com/kamran-nizamani,https://www.linkedin.com/search/results/all/?origin=GLOBAL_SEARCH_HEADER&keywords=Kamran+Khan,https://www.linkedin.com/search/results/all/?origin=GLOBAL_SEARCH_HEADER&keywords=Kamran+Khan+kamrannizamani35,https://www.linkedin.com/search/results/all/?origin=GLOBAL_SEARCH_HEADER&keywords=Kamran+Khan+gmail,1,,"","",""
(Unknown),kaofelix!users.noreply.github.com,Kao Félix,https://github.com/kaofelix,https://www.linkedin.com/search/results/all/?origin=GLOBAL_SEARCH_HEADER&keywords=Kao+F%C3%A9lix,https://www.linkedin.com/search/results/all/?origin=GLOBAL_SEARCH_HEADER&keywords=Kao+F%C3%A9lix+kaofelix,"",1,,"","",""
(Unknown),Kar205tik!users.noreply.github.com,"",https://github.com/Kar205tik,https://www.linkedin.com/search/results/all/?origin=GLOBAL_SEARCH_HEADER&keywords=,https://www.linkedin.com/search/results/all/?origin=GLOBAL_SEARCH_HEADER&keywords=+Kar205tik,"",1,,"","",""
(Unknown),KaylaPlays2000!users.noreply.github.com,"",https://github.com/KaylaPlays2000,https://www.linkedin.com/search/results/all/?origin=GLOBAL_SEARCH_HEADER&keywords=,https://www.linkedin.com/search/results/all/?origin=GLOBAL_SEARCH_HEADER&keywords=+KaylaPlays2000,"",1,,"","",""
(Unknown),kenneyhe2!users.noreply.github.com,"",https://github.com/kenneyhe2,https://www.linkedin.com/search/results/all/?origin=GLOBAL_SEARCH_HEADER&keywords=,https://www.linkedin.com/search/results/all/?origin=GLOBAL_SEARCH_HEADER&keywords=+kenneyhe2,"",1,,"","",""
(Unknown),Kennyezzz!users.noreply.github.com,Kenny Chang,https://github.com/Kennyezzz,https://www.linkedin.com/search/results/all/?origin=GLOBAL_SEARCH_HEADER&keywords=Kenny+Chang,https://www.linkedin.com/search/results/all/?origin=GLOBAL_SEARCH_HEADER&keywords=Kenny+Chang+Kennyezzz,"",1,,"","",""
(Unknown),kjw3!users.noreply.github.com,Kevin Jones,https://github.com/kjw3,https://www.linkedin.com/search/results/all/?origin=GLOBAL_SEARCH_HEADER&keywords=Kevin+Jones,https://www.linkedin.com/search/results/all/?origin=GLOBAL_SEARCH_HEADER&keywords=Kevin+Jones+kjw3,"",1,,"Poquoson, VA/us","",""
(Unknown),kkav004!users.noreply.github.com,Kiryl Kavalenka,https://github.com/kkav004,https://www.linkedin.com/search/results/all/?origin=GLOBAL_SEARCH_HEADER&keywords=Kiryl+Kavalenka,https://www.linkedin.com/search/results/all/?origin=GLOBAL_SEARCH_HEADER&keywords=Kiryl+Kavalenka+kkav004,"",1,,"Auckland, New Zealand/nz","",""
(Unknown),raphael!gonku.de,Raphael,https://github.com/k-o-n-t-o-r,https://www.linkedin.com/search/results/all/?origin=GLOBAL_SEARCH_HEADER&keywords=Raphael,https://www.linkedin.com/search/results/all/?origin=GLOBAL_SEARCH_HEADER&keywords=Raphael+raphael,https://www.linkedin.com/search/results/all/?origin=GLOBAL_SEARCH_HEADER&keywords=Raphael+gonku,1,,"","",""
(Unknown),kosaku!simount.com,"",https://github.com/kosaku-sim,https://www.linkedin.com/search/results/all/?origin=GLOBAL_SEARCH_HEADER&keywords=,https://www.linkedin.com/search/results/all/?origin=GLOBAL_SEARCH_HEADER&keywords=+kosaku,https://www.linkedin.com/search/results/all/?origin=GLOBAL_SEARCH_HEADER&keywords=+simount,1,,"","",""
(Unknown),larroy!users.noreply.github.com,Pedro Larroy,https://github.com/larroy,https://www.linkedin.com/search/results/all/?origin=GLOBAL_SEARCH_HEADER&keywords=Pedro+Larroy,https://www.linkedin.com/search/results/all/?origin=GLOBAL_SEARCH_HEADER&keywords=Pedro+Larroy+larroy,"",1,,Berlin/de,"",""
(Unknown),likun-fang!users.noreply.github.com,Likun Fang,https://github.com/likun-fang,https://www.linkedin.com/search/results/all/?origin=GLOBAL_SEARCH_HEADER&keywords=Likun+Fang,https://www.linkedin.com/search/results/all/?origin=GLOBAL_SEARCH_HEADER&keywords=Likun+Fang+likun-fang,"",1,,"","",""
(Unknown),lilhammerfun!users.noreply.github.com,Dylan,https://github.com/lilhammerfun,https://www.linkedin.com/search/results/all/?origin=GLOBAL_SEARCH_HEADER&keywords=Dylan,https://www.linkedin.com/search/results/all/?origin=GLOBAL_SEARCH_HEADER&keywords=Dylan+lilhammerfun,"",1,,Shanghai/cn,"",""
(Unknown),lilreeff-commits!users.noreply.github.com,"",https://github.com/lilreeff-commits,https://www.linkedin.com/search/results/all/?origin=GLOBAL_SEARCH_HEADER&keywords=,https://www.linkedin.com/search/results/all/?origin=GLOBAL_SEARCH_HEADER&keywords=+lilreeff-commits,"",1,,"","",""
(Unknown),lishangyang8888!gmail.com,李尚洋,https://github.com/lishangyang8888-pixel,https://www.linkedin.com/search/results/all/?origin=GLOBAL_SEARCH_HEADER&keywords=%E6%9D%8E%E5%B0%9A%E6%B4%8B,https://www.linkedin.com/search/results/all/?origin=GLOBAL_SEARCH_HEADER&keywords=%E6%9D%8E%E5%B0%9A%E6%B4%8B+lishangyang8888,https://www.linkedin.com/search/results/all/?origin=GLOBAL_SEARCH_HEADER&keywords=%E6%9D%8E%E5%B0%9A%E6%B4%8B+gmail,1,,"","",""
(Unknown),lucasmt!users.noreply.github.com,"",https://github.com/lucasmt,https://www.linkedin.com/search/results/all/?origin=GLOBAL_SEARCH_HEADER&keywords=,https://www.linkedin.com/search/results/all/?origin=GLOBAL_SEARCH_HEADER&keywords=+lucasmt,"",1,,"","",""
(Unknown),LukeFrandsen!users.noreply.github.com,Luke Frandsen,https://github.com/LukeFrandsen,https://www.linkedin.com/search/results/all/?origin=GLOBAL_SEARCH_HEADER&keywords=Luke+Frandsen,https://www.linkedin.com/search/results/all/?origin=GLOBAL_SEARCH_HEADER&keywords=Luke+Frandsen+LukeFrandsen,"",1,,"","",""
(Unknown),lupinrider!users.noreply.github.com,"",https://github.com/lupinrider,https://www.linkedin.com/search/results/all/?origin=GLOBAL_SEARCH_HEADER&keywords=,https://www.linkedin.com/search/results/all/?origin=GLOBAL_SEARCH_HEADER&keywords=+lupinrider,"",1,,"","",""
(Unknown),marcosgcunha!users.noreply.github.com,"",https://github.com/marcosgcunha,https://www.linkedin.com/search/results/all/?origin=GLOBAL_SEARCH_HEADER&keywords=,https://www.linkedin.com/search/results/all/?origin=GLOBAL_SEARCH_HEADER&keywords=+marcosgcunha,"",1,,"","",""
(Unknown),Marty333!users.noreply.github.com,"",https://github.com/Marty333,https://www.linkedin.com/search/results/all/?origin=GLOBAL_SEARCH_HEADER&keywords=,https://www.linkedin.com/search/results/all/?origin=GLOBAL_SEARCH_HEADER&keywords=+Marty333,"",1,,"","",""
(Unknown),mia03ther!gmail.com,MIA_Ether,https://github.com/mia03ther,https://www.linkedin.com/search/results/all/?origin=GLOBAL_SEARCH_HEADER&keywords=MIA_Ether,https://www.linkedin.com/search/results/all/?origin=GLOBAL_SEARCH_HEADER&keywords=MIA_Ether+mia03ther,https://www.linkedin.com/search/results/all/?origin=GLOBAL_SEARCH_HEADER&keywords=MIA_Ether+gmail,1,,"Guangzhou, China/cn","",""
(Unknown),MichaelYochpaz!users.noreply.github.com,Michael Yochpaz,https://github.com/MichaelYochpaz,https://www.linkedin.com/search/results/all/?origin=GLOBAL_SEARCH_HEADER&keywords=Michael+Yochpaz,https://www.linkedin.com/search/results/all/?origin=GLOBAL_SEARCH_HEADER&keywords=Michael+Yochpaz+MichaelYochpaz,"",1,,Israel/il,"",""
(Unknown),migurel!users.noreply.github.com,"",https://github.com/migurel,https://www.linkedin.com/search/results/all/?origin=GLOBAL_SEARCH_HEADER&keywords=,https://www.linkedin.com/search/results/all/?origin=GLOBAL_SEARCH_HEADER&keywords=+migurel,"",1,,"","",""
(Unknown),Mirai1129!users.noreply.github.com,Yu-Chia Ma,https://github.com/Mirai1129,https://www.linkedin.com/search/results/all/?origin=GLOBAL_SEARCH_HEADER&keywords=Yu-Chia+Ma,https://www.linkedin.com/search/results/all/?origin=GLOBAL_SEARCH_HEADER&keywords=Yu-Chia+Ma+Mirai1129,"",1,,Taiwan/tw,"",""
(Unknown),MitchFuchs!users.noreply.github.com,Michael Fuchs,https://github.com/MitchFuchs,https://www.linkedin.com/search/results/all/?origin=GLOBAL_SEARCH_HEADER&keywords=Michael+Fuchs,https://www.linkedin.com/search/results/all/?origin=GLOBAL_SEARCH_HEADER&keywords=Michael+Fuchs+MitchFuchs,"",1,,"Neuchatel, Switzerland/ch","",""
(Unknown),meenakshi.kaushik!gmail.com,Meenakshi Kaushik,https://github.com/mkhaas,https://www.linkedin.com/search/results/all/?origin=GLOBAL_SEARCH_HEADER&keywords=Meenakshi+Kaushik,https://www.linkedin.com/search/results/all/?origin=GLOBAL_SEARCH_HEADER&keywords=Meenakshi+Kaushik+meenakshi.kaushik,https://www.linkedin.com/search/results/all/?origin=GLOBAL_SEARCH_HEADER&keywords=Meenakshi+Kaushik+gmail,1,,"","",""
(Unknown),MohamadKhalilYossif!users.noreply.github.com,Mohamad Khalil Yossif,https://github.com/MohamadKhalilYossif,https://www.linkedin.com/search/results/all/?origin=GLOBAL_SEARCH_HEADER&keywords=Mohamad+Khalil+Yossif,https://www.linkedin.com/search/results/all/?origin=GLOBAL_SEARCH_HEADER&keywords=Mohamad+Khalil+Yossif+MohamadKhalilYossif,"",1,,israel/il,"",""
(Unknown),ymohit799057!gmail.com,Mohit Yadav,https://github.com/mohityadav8,https://www.linkedin.com/search/results/all/?origin=GLOBAL_SEARCH_HEADER&keywords=Mohit+Yadav,https://www.linkedin.com/search/results/all/?origin=GLOBAL_SEARCH_HEADER&keywords=Mohit+Yadav+ymohit799057,https://www.linkedin.com/search/results/all/?origin=GLOBAL_SEARCH_HEADER&keywords=Mohit+Yadav+gmail,1,,"","",""
(Unknown),moka-ayumu!users.noreply.github.com,moka-ayumu,https://github.com/moka-ayumu,https://www.linkedin.com/search/results/all/?origin=GLOBAL_SEARCH_HEADER&keywords=moka-ayumu,https://www.linkedin.com/search/results/all/?origin=GLOBAL_SEARCH_HEADER&keywords=moka-ayumu+moka-ayumu,"",1,,Republic of Korea/kr,"",""
(Unknown),mossrake!users.noreply.github.com,Scott Weller,https://github.com/mossrake,https://www.linkedin.com/search/results/all/?origin=GLOBAL_SEARCH_HEADER&keywords=Scott+Weller,https://www.linkedin.com/search/results/all/?origin=GLOBAL_SEARCH_HEADER&keywords=Scott+Weller+mossrake,"",1,,"","",""
(Unknown),mroark1m!users.noreply.github.com,"",https://github.com/mroark1m,https://www.linkedin.com/search/results/all/?origin=GLOBAL_SEARCH_HEADER&keywords=,https://www.linkedin.com/search/results/all/?origin=GLOBAL_SEARCH_HEADER&keywords=+mroark1m,"",1,,"","",""
(Unknown),nathanielatom!users.noreply.github.com,Adam Suban-Loewen,https://github.com/nathanielatom,https://www.linkedin.com/search/results/all/?origin=GLOBAL_SEARCH_HEADER&keywords=Adam+Suban-Loewen,https://www.linkedin.com/search/results/all/?origin=GLOBAL_SEARCH_HEADER&keywords=Adam+Suban-Loewen+nathanielatom,"",1,,"","",""
(Unknown),ktulhuftf!gmail.com,Nikolay Kalinin,https://github.com/nixon89,https://www.linkedin.com/search/results/all/?origin=GLOBAL_SEARCH_HEADER&keywords=Nikolay+Kalinin,https://www.linkedin.com/search/results/all/?origin=GLOBAL_SEARCH_HEADER&keywords=Nikolay+Kalinin+ktulhuftf,https://www.linkedin.com/search/results/all/?origin=GLOBAL_SEARCH_HEADER&keywords=Nikolay+Kalinin+gmail,1,,Yekaterinburg/ru,"",""
(Unknown),nkch1k!users.noreply.github.com,Naum Khart,https://github.com/nkch1k,https://www.linkedin.com/search/results/all/?origin=GLOBAL_SEARCH_HEADER&keywords=Naum+Khart,https://www.linkedin.com/search/results/all/?origin=GLOBAL_SEARCH_HEADER&keywords=Naum+Khart+nkch1k,"",1,,Tel - Aviv,"",""
(Unknown),nloke!users.noreply.github.com,Nicholas Loke,https://github.com/nloke,https://www.linkedin.com/search/results/all/?origin=GLOBAL_SEARCH_HEADER&keywords=Nicholas+Loke,https://www.linkedin.com/search/results/all/?origin=GLOBAL_SEARCH_HEADER&keywords=Nicholas+Loke+nloke,"",1,,Ottawa/ca,"",""
(Unknown),nopcorn!users.noreply.github.com,nopcorn,https://github.com/nopcorn,https://www.linkedin.com/search/results/all/?origin=GLOBAL_SEARCH_HEADER&keywords=nopcorn,https://www.linkedin.com/search/results/all/?origin=GLOBAL_SEARCH_HEADER&keywords=nopcorn+nopcorn,"",1,,Canada/au,"",""
(Unknown),north-echo!users.noreply.github.com,Christopher Lusk,https://github.com/north-echo,https://www.linkedin.com/search/results/all/?origin=GLOBAL_SEARCH_HEADER&keywords=Christopher+Lusk,https://www.linkedin.com/search/results/all/?origin=GLOBAL_SEARCH_HEADER&keywords=Christopher+Lusk+north-echo,"",1,,United States/us,"",""
(Unknown),NPB2026!users.noreply.github.com,"",https://github.com/NPB2026,https://www.linkedin.com/search/results/all/?origin=GLOBAL_SEARCH_HEADER&keywords=,https://www.linkedin.com/search/results/all/?origin=GLOBAL_SEARCH_HEADER&keywords=+NPB2026,"",1,,"","",""
(Unknown),nyoungstudios!users.noreply.github.com,Nathaniel Young,https://github.com/nyoungstudios,https://www.linkedin.com/search/results/all/?origin=GLOBAL_SEARCH_HEADER&keywords=Nathaniel+Young,https://www.linkedin.com/search/results/all/?origin=GLOBAL_SEARCH_HEADER&keywords=Nathaniel+Young+nyoungstudios,"",1,,San Francisco Bay Area/us,"",""
(Unknown),O96a!users.noreply.github.com,Aamer Mihaysi,https://github.com/O96a,https://www.linkedin.com/search/results/all/?origin=GLOBAL_SEARCH_HEADER&keywords=Aamer+Mihaysi,https://www.linkedin.com/search/results/all/?origin=GLOBAL_SEARCH_HEADER&keywords=Aamer+Mihaysi+O96a,"",1,,"Doha, Qatar/in","",""
(Unknown),ohgeebtw!users.noreply.github.com,OhGee,https://github.com/ohgeebtw,https://www.linkedin.com/search/results/all/?origin=GLOBAL_SEARCH_HEADER&keywords=OhGee,https://www.linkedin.com/search/results/all/?origin=GLOBAL_SEARCH_HEADER&keywords=OhGee+ohgeebtw,"",1,,Germany/de,"",""
(Unknown),omribz156!users.noreply.github.com,"",https://github.com/omribz156,https://www.linkedin.com/search/results/all/?origin=GLOBAL_SEARCH_HEADER&keywords=,https://www.linkedin.com/search/results/all/?origin=GLOBAL_SEARCH_HEADER&keywords=+omribz156,"",1,,Earth/us,"",""
(Unknown),onoLA0808!users.noreply.github.com,"",https://github.com/onoLA0808,https://www.linkedin.com/search/results/all/?origin=GLOBAL_SEARCH_HEADER&keywords=,https://www.linkedin.com/search/results/all/?origin=GLOBAL_SEARCH_HEADER&keywords=+onoLA0808,"",1,,"","",""
(Unknown),benyounes.ousama!gmail.com,Ben Younes,https://github.com/ousamabenyounes,https://www.linkedin.com/search/results/all/?origin=GLOBAL_SEARCH_HEADER&keywords=Ben+Younes,https://www.linkedin.com/search/results/all/?origin=GLOBAL_SEARCH_HEADER&keywords=Ben+Younes+benyounes.ousama,https://www.linkedin.com/search/results/all/?origin=GLOBAL_SEARCH_HEADER&keywords=Ben+Younes+gmail,1,,France / Paris,"",""
(Unknown),ouyexie!gmail.com,Ouye Xie,https://github.com/OuyeXie,https://www.linkedin.com/search/results/all/?origin=GLOBAL_SEARCH_HEADER&keywords=Ouye+Xie,https://www.linkedin.com/search/results/all/?origin=GLOBAL_SEARCH_HEADER&keywords=Ouye+Xie+ouyexie,https://www.linkedin.com/search/results/all/?origin=GLOBAL_SEARCH_HEADER&keywords=Ouye+Xie+gmail,1,,"Seattle, WA/us","",""
(Unknown),paulctiffany!gmail.com,PaulTiffany,https://github.com/PaulTiffany,https://www.linkedin.com/search/results/all/?origin=GLOBAL_SEARCH_HEADER&keywords=PaulTiffany,https://www.linkedin.com/search/results/all/?origin=GLOBAL_SEARCH_HEADER&keywords=PaulTiffany+paulctiffany,https://www.linkedin.com/search/results/all/?origin=GLOBAL_SEARCH_HEADER&keywords=PaulTiffany+gmail,1,,"Virginia, USA/us","",""
(Unknown),pearcell!users.noreply.github.com,"",https://github.com/pearcell,https://www.linkedin.com/search/results/all/?origin=GLOBAL_SEARCH_HEADER&keywords=,https://www.linkedin.com/search/results/all/?origin=GLOBAL_SEARCH_HEADER&keywords=+pearcell,"",1,,"","",""
(Unknown),perlowja!users.noreply.github.com,Jason Perlow,https://github.com/perlowja,https://www.linkedin.com/search/results/all/?origin=GLOBAL_SEARCH_HEADER&keywords=Jason+Perlow,https://www.linkedin.com/search/results/all/?origin=GLOBAL_SEARCH_HEADER&keywords=Jason+Perlow+perlowja,"",1,,"Coral Springs, FL/us","",""
(Unknown),alaa!nulled.ai,Alaa Qweider,https://github.com/PhenixStar,https://www.linkedin.com/search/results/all/?origin=GLOBAL_SEARCH_HEADER&keywords=Alaa+Qweider,https://www.linkedin.com/search/results/all/?origin=GLOBAL_SEARCH_HEADER&keywords=Alaa+Qweider+alaa,https://www.linkedin.com/search/results/all/?origin=GLOBAL_SEARCH_HEADER&keywords=Alaa+Qweider+nulled,1,,Mars/fr,"",""
(Unknown),phucnv77!users.noreply.github.com,"",https://github.com/phucnv77,https://www.linkedin.com/search/results/all/?origin=GLOBAL_SEARCH_HEADER&keywords=,https://www.linkedin.com/search/results/all/?origin=GLOBAL_SEARCH_HEADER&keywords=+phucnv77,"",1,,"","",""
(Unknown),playqdrew!users.noreply.github.com,Drew,https://github.com/playqdrew,https://www.linkedin.com/search/results/all/?origin=GLOBAL_SEARCH_HEADER&keywords=Drew,https://www.linkedin.com/search/results/all/?origin=GLOBAL_SEARCH_HEADER&keywords=Drew+playqdrew,"",1,,"","",""
(Unknown),potable-anarchy!users.noreply.github.com,"",https://github.com/potable-anarchy,https://www.linkedin.com/search/results/all/?origin=GLOBAL_SEARCH_HEADER&keywords=,https://www.linkedin.com/search/results/all/?origin=GLOBAL_SEARCH_HEADER&keywords=+potable-anarchy,"",1,,"","",""
(Unknown),PrestonLewis7777!users.noreply.github.com,"",https://github.com/PrestonLewis7777,https://www.linkedin.com/search/results/all/?origin=GLOBAL_SEARCH_HEADER&keywords=,https://www.linkedin.com/search/results/all/?origin=GLOBAL_SEARCH_HEADER&keywords=+PrestonLewis7777,"",1,,"","",""
(Unknown),pziecina!users.noreply.github.com,Pawel Ziecina,https://github.com/pziecina,https://www.linkedin.com/search/results/all/?origin=GLOBAL_SEARCH_HEADER&keywords=Pawel+Ziecina,https://www.linkedin.com/search/results/all/?origin=GLOBAL_SEARCH_HEADER&keywords=Pawel+Ziecina+pziecina,"",1,,Warsaw/pl,"",""
(Unknown),quseijuro!gmail.com,Q&S,https://github.com/quseijuro-design,https://www.linkedin.com/search/results/all/?origin=GLOBAL_SEARCH_HEADER&keywords=Q%26S,https://www.linkedin.com/search/results/all/?origin=GLOBAL_SEARCH_HEADER&keywords=Q%26S+quseijuro,https://www.linkedin.com/search/results/all/?origin=GLOBAL_SEARCH_HEADER&keywords=Q%26S+gmail,1,,"","",""
(Unknown),ramanse!users.noreply.github.com,"",https://github.com/ramanse,https://www.linkedin.com/search/results/all/?origin=GLOBAL_SEARCH_HEADER&keywords=,https://www.linkedin.com/search/results/all/?origin=GLOBAL_SEARCH_HEADER&keywords=+ramanse,"",1,,"","",""
(Unknown),ramosmike!users.noreply.github.com,"",https://github.com/ramosmike,https://www.linkedin.com/search/results/all/?origin=GLOBAL_SEARCH_HEADER&keywords=,https://www.linkedin.com/search/results/all/?origin=GLOBAL_SEARCH_HEADER&keywords=+ramosmike,"",1,,"","",""
(Unknown),reqsgjh!gmail.com,ReqsGJH,https://github.com/reqsgjh,https://www.linkedin.com/search/results/all/?origin=GLOBAL_SEARCH_HEADER&keywords=ReqsGJH,https://www.linkedin.com/search/results/all/?origin=GLOBAL_SEARCH_HEADER&keywords=ReqsGJH+reqsgjh,https://www.linkedin.com/search/results/all/?origin=GLOBAL_SEARCH_HEADER&keywords=ReqsGJH+gmail,1,,"","",""
(Unknown),ritesh!users.noreply.github.com,Ritesh Sinha,https://github.com/ritesh,https://www.linkedin.com/search/results/all/?origin=GLOBAL_SEARCH_HEADER&keywords=Ritesh+Sinha,https://www.linkedin.com/search/results/all/?origin=GLOBAL_SEARCH_HEADER&keywords=Ritesh+Sinha+ritesh,"",1,,"","",""
(Unknown),rodbutters!gmail.com,Rod Butters,https://github.com/rodbutters,https://www.linkedin.com/search/results/all/?origin=GLOBAL_SEARCH_HEADER&keywords=Rod+Butters,https://www.linkedin.com/search/results/all/?origin=GLOBAL_SEARCH_HEADER&keywords=Rod+Butters+rodbutters,https://www.linkedin.com/search/results/all/?origin=GLOBAL_SEARCH_HEADER&keywords=Rod+Butters+gmail,1,,SF Bay Area/us,"",""
(Unknown),"rodrigosetti!gmail.com, rodrigosetti!ymail.com",Rodrigo Setti,https://github.com/rodrigosetti,https://www.linkedin.com/search/results/all/?origin=GLOBAL_SEARCH_HEADER&keywords=Rodrigo+Setti,https://www.linkedin.com/search/results/all/?origin=GLOBAL_SEARCH_HEADER&keywords=Rodrigo+Setti+rodrigosetti,https://www.linkedin.com/search/results/all/?origin=GLOBAL_SEARCH_HEADER&keywords=Rodrigo+Setti+gmail,1,,"San Jose, CA/us","",""
(Unknown),rsandbach!users.noreply.github.com,Ryan Sandbach,https://github.com/rsandbach,https://www.linkedin.com/search/results/all/?origin=GLOBAL_SEARCH_HEADER&keywords=Ryan+Sandbach,https://www.linkedin.com/search/results/all/?origin=GLOBAL_SEARCH_HEADER&keywords=Ryan+Sandbach+rsandbach,"",1,,"Indianapolis, IN/us","",""
(Unknown),ruijietey!users.noreply.github.com,Ruijie,https://github.com/ruijietey,https://www.linkedin.com/search/results/all/?origin=GLOBAL_SEARCH_HEADER&keywords=Ruijie,https://www.linkedin.com/search/results/all/?origin=GLOBAL_SEARCH_HEADER&keywords=Ruijie+ruijietey,"",1,,"","",""
(Unknown),sachinsharma3191!users.noreply.github.com,Sachin Sharma,https://github.com/sachinsharma3191,https://www.linkedin.com/search/results/all/?origin=GLOBAL_SEARCH_HEADER&keywords=Sachin+Sharma,https://www.linkedin.com/search/results/all/?origin=GLOBAL_SEARCH_HEADER&keywords=Sachin+Sharma+sachinsharma3191,"",1,,"San Jose,California/us","",""
(Unknown),saichandrapandraju!users.noreply.github.com,Sai Chandra Pandraju,https://github.com/saichandrapandraju,https://www.linkedin.com/search/results/all/?origin=GLOBAL_SEARCH_HEADER&keywords=Sai+Chandra+Pandraju,https://www.linkedin.com/search/results/all/?origin=GLOBAL_SEARCH_HEADER&keywords=Sai+Chandra+Pandraju+saichandrapandraju,"",1,,United States/us,"",""
(Unknown),sdarive!users.noreply.github.com,"",https://github.com/sdarive,https://www.linkedin.com/search/results/all/?origin=GLOBAL_SEARCH_HEADER&keywords=,https://www.linkedin.com/search/results/all/?origin=GLOBAL_SEARCH_HEADER&keywords=+sdarive,"",1,,"","",""
(Unknown),mhd.shadi.alhasan!gmail.com,MHD. Shadi AL-Hasan,https://github.com/shadialhasan,https://www.linkedin.com/search/results/all/?origin=GLOBAL_SEARCH_HEADER&keywords=MHD.+Shadi+AL-Hasan,https://www.linkedin.com/search/results/all/?origin=GLOBAL_SEARCH_HEADER&keywords=MHD.+Shadi+AL-Hasan+mhd.shadi.alhasan,https://www.linkedin.com/search/results/all/?origin=GLOBAL_SEARCH_HEADER&keywords=MHD.+Shadi+AL-Hasan+gmail,1,,"","",""
(Unknown),shalevyoni-ops!users.noreply.github.com,"",https://github.com/shalevyoni-ops,https://www.linkedin.com/search/results/all/?origin=GLOBAL_SEARCH_HEADER&keywords=,https://www.linkedin.com/search/results/all/?origin=GLOBAL_SEARCH_HEADER&keywords=+shalevyoni-ops,"",1,,"","",""
(Unknown),shayanjm!users.noreply.github.com,Shayan Mohanty,https://github.com/shayanjm,https://www.linkedin.com/search/results/all/?origin=GLOBAL_SEARCH_HEADER&keywords=Shayan+Mohanty,https://www.linkedin.com/search/results/all/?origin=GLOBAL_SEARCH_HEADER&keywords=Shayan+Mohanty+shayanjm,"",1,,"San Francisco, California/us","",""
(Unknown),shibajahn!users.noreply.github.com,"",https://github.com/shibajahn,https://www.linkedin.com/search/results/all/?origin=GLOBAL_SEARCH_HEADER&keywords=,https://www.linkedin.com/search/results/all/?origin=GLOBAL_SEARCH_HEADER&keywords=+shibajahn,"",1,,"","",""
(Unknown),shree404!users.noreply.github.com,Shreesha Aatreya,https://github.com/shree404,https://www.linkedin.com/search/results/all/?origin=GLOBAL_SEARCH_HEADER&keywords=Shreesha+Aatreya,https://www.linkedin.com/search/results/all/?origin=GLOBAL_SEARCH_HEADER&keywords=Shreesha+Aatreya+shree404,"",1,,"","",""
(Unknown),shrxyas-246!users.noreply.github.com,DuskFall,https://github.com/shrxyas-246,https://www.linkedin.com/search/results/all/?origin=GLOBAL_SEARCH_HEADER&keywords=DuskFall,https://www.linkedin.com/search/results/all/?origin=GLOBAL_SEARCH_HEADER&keywords=DuskFall+shrxyas-246,"",1,,"","",""
(Unknown),shuq-rgb!users.noreply.github.com,"",https://github.com/shuq-rgb,https://www.linkedin.com/search/results/all/?origin=GLOBAL_SEARCH_HEADER&keywords=,https://www.linkedin.com/search/results/all/?origin=GLOBAL_SEARCH_HEADER&keywords=+shuq-rgb,"",1,,"","",""
(Unknown),sigurdfalk!users.noreply.github.com,Sigurd Falk,https://github.com/sigurdfalk,https://www.linkedin.com/search/results/all/?origin=GLOBAL_SEARCH_HEADER&keywords=Sigurd+Falk,https://www.linkedin.com/search/results/all/?origin=GLOBAL_SEARCH_HEADER&keywords=Sigurd+Falk+sigurdfalk,"",1,,Oslo/no,"",""
(Unknown),skumarp7!users.noreply.github.com,Sanjay Kumar,https://github.com/skumarp7,https://www.linkedin.com/search/results/all/?origin=GLOBAL_SEARCH_HEADER&keywords=Sanjay+Kumar,https://www.linkedin.com/search/results/all/?origin=GLOBAL_SEARCH_HEADER&keywords=Sanjay+Kumar+skumarp7,"",1,,"","",""
(Unknown),matt!jacksonsix.com,Matt Jackson,https://github.com/snarkipus,https://www.linkedin.com/search/results/all/?origin=GLOBAL_SEARCH_HEADER&keywords=Matt+Jackson,https://www.linkedin.com/search/results/all/?origin=GLOBAL_SEARCH_HEADER&keywords=Matt+Jackson+matt,https://www.linkedin.com/search/results/all/?origin=GLOBAL_SEARCH_HEADER&keywords=Matt+Jackson+jacksonsix,1,,"","",""
(Unknown),sngbm87!users.noreply.github.com,Alexander Donahue,https://github.com/sngbm87,https://www.linkedin.com/search/results/all/?origin=GLOBAL_SEARCH_HEADER&keywords=Alexander+Donahue,https://www.linkedin.com/search/results/all/?origin=GLOBAL_SEARCH_HEADER&keywords=Alexander+Donahue+sngbm87,"",1,,"Manila, Philippines/ph","",""
(Unknown),springToNl!users.noreply.github.com,"",https://github.com/springToNl,https://www.linkedin.com/search/results/all/?origin=GLOBAL_SEARCH_HEADER&keywords=,https://www.linkedin.com/search/results/all/?origin=GLOBAL_SEARCH_HEADER&keywords=+springToNl,"",1,,"","",""
(Unknown),stasfilin!users.noreply.github.com,Stanislav Filin,https://github.com/stasfilin,https://www.linkedin.com/search/results/all/?origin=GLOBAL_SEARCH_HEADER&keywords=Stanislav+Filin,https://www.linkedin.com/search/results/all/?origin=GLOBAL_SEARCH_HEADER&keywords=Stanislav+Filin+stasfilin,"",1,,"Tokyo, Japan/jp","",""
(Unknown),strongchang!users.noreply.github.com,"",https://github.com/strongchang,https://www.linkedin.com/search/results/all/?origin=GLOBAL_SEARCH_HEADER&keywords=,https://www.linkedin.com/search/results/all/?origin=GLOBAL_SEARCH_HEADER&keywords=+strongchang,"",1,,"","",""
(Unknown),suchethg!users.noreply.github.com,Sucheth,https://github.com/suchethg,https://www.linkedin.com/search/results/all/?origin=GLOBAL_SEARCH_HEADER&keywords=Sucheth,https://www.linkedin.com/search/results/all/?origin=GLOBAL_SEARCH_HEADER&keywords=Sucheth+suchethg,"",1,,"","",""
(Unknown),sunilnathyogi008!gmail.com,Sunil,https://github.com/Sunil56224972,https://www.linkedin.com/search/results/all/?origin=GLOBAL_SEARCH_HEADER&keywords=Sunil,https://www.linkedin.com/search/results/all/?origin=GLOBAL_SEARCH_HEADER&keywords=Sunil+sunilnathyogi008,https://www.linkedin.com/search/results/all/?origin=GLOBAL_SEARCH_HEADER&keywords=Sunil+gmail,1,,127.0.0.1,"",""
(Unknown),tangc3022-hub!users.noreply.github.com,"",https://github.com/tangc3022-hub,https://www.linkedin.com/search/results/all/?origin=GLOBAL_SEARCH_HEADER&keywords=,https://www.linkedin.com/search/results/all/?origin=GLOBAL_SEARCH_HEADER&keywords=+tangc3022-hub,"",1,,"","",""
(Unknown),tatsuya-ogawa!users.noreply.github.com,"",https://github.com/tatsuya-ogawa,https://www.linkedin.com/search/results/all/?origin=GLOBAL_SEARCH_HEADER&keywords=,https://www.linkedin.com/search/results/all/?origin=GLOBAL_SEARCH_HEADER&keywords=+tatsuya-ogawa,"",1,,Japan/jp,"",""
(Unknown),tech2505!users.noreply.github.com,"",https://github.com/tech2505,https://www.linkedin.com/search/results/all/?origin=GLOBAL_SEARCH_HEADER&keywords=,https://www.linkedin.com/search/results/all/?origin=GLOBAL_SEARCH_HEADER&keywords=+tech2505,"",1,,"","",""
(Unknown),teosborne!users.noreply.github.com,Thomas Osborne,https://github.com/teosborne,https://www.linkedin.com/search/results/all/?origin=GLOBAL_SEARCH_HEADER&keywords=Thomas+Osborne,https://www.linkedin.com/search/results/all/?origin=GLOBAL_SEARCH_HEADER&keywords=Thomas+Osborne+teosborne,"",1,,"","",""
(Unknown),thad.reber!gmail.com,Thad Reber,https://github.com/thadreber-web,https://www.linkedin.com/search/results/all/?origin=GLOBAL_SEARCH_HEADER&keywords=Thad+Reber,https://www.linkedin.com/search/results/all/?origin=GLOBAL_SEARCH_HEADER&keywords=Thad+Reber+thad.reber,https://www.linkedin.com/search/results/all/?origin=GLOBAL_SEARCH_HEADER&keywords=Thad+Reber+gmail,1,,"","",""
(Unknown),TomOSullivan!users.noreply.github.com,Thomas OSullivan,https://github.com/TomOSullivan,https://www.linkedin.com/search/results/all/?origin=GLOBAL_SEARCH_HEADER&keywords=Thomas+OSullivan,https://www.linkedin.com/search/results/all/?origin=GLOBAL_SEARCH_HEADER&keywords=Thomas+OSullivan+TomOSullivan,"",1,,"Arlington, VA/us","",""
(Unknown),tonibofarull!gmail.com,"",https://github.com/tonibofarull,https://www.linkedin.com/search/results/all/?origin=GLOBAL_SEARCH_HEADER&keywords=,https://www.linkedin.com/search/results/all/?origin=GLOBAL_SEARCH_HEADER&keywords=+tonibofarull,https://www.linkedin.com/search/results/all/?origin=GLOBAL_SEARCH_HEADER&keywords=+gmail,1,,Barcelona/es,"",""
(Unknown),Trustalix!users.noreply.github.com,"",https://github.com/Trustalix,https://www.linkedin.com/search/results/all/?origin=GLOBAL_SEARCH_HEADER&keywords=,https://www.linkedin.com/search/results/all/?origin=GLOBAL_SEARCH_HEADER&keywords=+Trustalix,"",1,,"","",""
(Unknown),unco3!users.noreply.github.com,"",https://github.com/unco3,https://www.linkedin.com/search/results/all/?origin=GLOBAL_SEARCH_HEADER&keywords=,https://www.linkedin.com/search/results/all/?origin=GLOBAL_SEARCH_HEADER&keywords=+unco3,"",1,,"","",""
(Unknown),veerendrakosuri!users.noreply.github.com,"",https://github.com/veerendrakosuri,https://www.linkedin.com/search/results/all/?origin=GLOBAL_SEARCH_HEADER&keywords=,https://www.linkedin.com/search/results/all/?origin=GLOBAL_SEARCH_HEADER&keywords=+veerendrakosuri,"",1,,"","",""
(Unknown),vidulpanickan!users.noreply.github.com,Vidul Panickan,https://github.com/vidulpanickan,https://www.linkedin.com/search/results/all/?origin=GLOBAL_SEARCH_HEADER&keywords=Vidul+Panickan,https://www.linkedin.com/search/results/all/?origin=GLOBAL_SEARCH_HEADER&keywords=Vidul+Panickan+vidulpanickan,"",1,,Boston/us,"",""
(Unknown),vishwasaidev-dev!users.noreply.github.com,"",https://github.com/vishwasaidev-dev,https://www.linkedin.com/search/results/all/?origin=GLOBAL_SEARCH_HEADER&keywords=,https://www.linkedin.com/search/results/all/?origin=GLOBAL_SEARCH_HEADER&keywords=+vishwasaidev-dev,"",1,,"","",""
(Unknown),vriveras!users.noreply.github.com,Vicente Rivera,https://github.com/vriveras,https://www.linkedin.com/search/results/all/?origin=GLOBAL_SEARCH_HEADER&keywords=Vicente+Rivera,https://www.linkedin.com/search/results/all/?origin=GLOBAL_SEARCH_HEADER&keywords=Vicente+Rivera+vriveras,"",1,,Seattle/us,"",""
(Unknown),vsbogd!users.noreply.github.com,Vitaly Bogdanov,https://github.com/vsbogd,https://www.linkedin.com/search/results/all/?origin=GLOBAL_SEARCH_HEADER&keywords=Vitaly+Bogdanov,https://www.linkedin.com/search/results/all/?origin=GLOBAL_SEARCH_HEADER&keywords=Vitaly+Bogdanov+vsbogd,"",1,,"","",""
(Unknown),waterworthd-cim!users.noreply.github.com,"",https://github.com/waterworthd-cim,https://www.linkedin.com/search/results/all/?origin=GLOBAL_SEARCH_HEADER&keywords=,https://www.linkedin.com/search/results/all/?origin=GLOBAL_SEARCH_HEADER&keywords=+waterworthd-cim,"",1,,"","",""
(Unknown),wenxiaojie1!users.noreply.github.com,Xiaojie Wen,https://github.com/wenxiaojie1,https://www.linkedin.com/search/results/all/?origin=GLOBAL_SEARCH_HEADER&keywords=Xiaojie+Wen,https://www.linkedin.com/search/results/all/?origin=GLOBAL_SEARCH_HEADER&keywords=Xiaojie+Wen+wenxiaojie1,"",1,,"","",""
(Unknown),wesleyleehopkins!users.noreply.github.com,"",https://github.com/wesleyleehopkins,https://www.linkedin.com/search/results/all/?origin=GLOBAL_SEARCH_HEADER&keywords=,https://www.linkedin.com/search/results/all/?origin=GLOBAL_SEARCH_HEADER&keywords=+wesleyleehopkins,"",1,,"","",""
(Unknown),WilliamK112!users.noreply.github.com,Ching Wei Kang,https://github.com/WilliamK112,https://www.linkedin.com/search/results/all/?origin=GLOBAL_SEARCH_HEADER&keywords=Ching+Wei+Kang,https://www.linkedin.com/search/results/all/?origin=GLOBAL_SEARCH_HEADER&keywords=Ching+Wei+Kang+WilliamK112,"",1,,Madison/us,"",""
(Unknown),wylswz!163.com,Yunlu Wen,https://github.com/wylswz,https://www.linkedin.com/search/results/all/?origin=GLOBAL_SEARCH_HEADER&keywords=Yunlu+Wen,https://www.linkedin.com/search/results/all/?origin=GLOBAL_SEARCH_HEADER&keywords=Yunlu+Wen+wylswz,https://www.linkedin.com/search/results/all/?origin=GLOBAL_SEARCH_HEADER&keywords=Yunlu+Wen+163,1,,"Melbourne, Australia/au","",""
(Unknown),xek!redhat.com,Grzegorz Grasza,https://github.com/xek,https://www.linkedin.com/search/results/all/?origin=GLOBAL_SEARCH_HEADER&keywords=Grzegorz+Grasza,https://www.linkedin.com/search/results/all/?origin=GLOBAL_SEARCH_HEADER&keywords=Grzegorz+Grasza+xek,https://www.linkedin.com/search/results/all/?origin=GLOBAL_SEARCH_HEADER&keywords=Grzegorz+Grasza+redhat,1,,Gdańsk/pl,"",""
(Unknown),xiaobai012910!users.noreply.github.com,"",https://github.com/xiaobai012910,https://www.linkedin.com/search/results/all/?origin=GLOBAL_SEARCH_HEADER&keywords=,https://www.linkedin.com/search/results/all/?origin=GLOBAL_SEARCH_HEADER&keywords=+xiaobai012910,"",1,,"","",""
(Unknown),yanyunl1991!users.noreply.github.com,"",https://github.com/yanyunl1991,https://www.linkedin.com/search/results/all/?origin=GLOBAL_SEARCH_HEADER&keywords=,https://www.linkedin.com/search/results/all/?origin=GLOBAL_SEARCH_HEADER&keywords=+yanyunl1991,"",1,,"","",""
(Unknown),shenyaodong!hhu.edu.cn,buduoqiu,https://github.com/yaodong-shen,https://www.linkedin.com/search/results/all/?origin=GLOBAL_SEARCH_HEADER&keywords=buduoqiu,https://www.linkedin.com/search/results/all/?origin=GLOBAL_SEARCH_HEADER&keywords=buduoqiu+shenyaodong,https://www.linkedin.com/search/results/all/?origin=GLOBAL_SEARCH_HEADER&keywords=buduoqiu+hhu,1,,"","",""
(Unknown),yeskyler!users.noreply.github.com,yeskyler,https://github.com/yeskyler,https://www.linkedin.com/search/results/all/?origin=GLOBAL_SEARCH_HEADER&keywords=yeskyler,https://www.linkedin.com/search/results/all/?origin=GLOBAL_SEARCH_HEADER&keywords=yeskyler+yeskyler,"",1,,"","",""
(Unknown),yhattm!users.noreply.github.com,Ben.CP.Chen,https://github.com/yhattm,https://www.linkedin.com/search/results/all/?origin=GLOBAL_SEARCH_HEADER&keywords=Ben.CP.Chen,https://www.linkedin.com/search/results/all/?origin=GLOBAL_SEARCH_HEADER&keywords=Ben.CP.Chen+yhattm,"",1,,"","",""
(Unknown),Yi-111-a!users.noreply.github.com,yi111,https://github.com/Yi-111-a,https://www.linkedin.com/search/results/all/?origin=GLOBAL_SEARCH_HEADER&keywords=yi111,https://www.linkedin.com/search/results/all/?origin=GLOBAL_SEARCH_HEADER&keywords=yi111+Yi-111-a,"",1,,"","",""
(Unknown),YiEr2026w!users.noreply.github.com,"",https://github.com/YiEr2026w,https://www.linkedin.com/search/results/all/?origin=GLOBAL_SEARCH_HEADER&keywords=,https://www.linkedin.com/search/results/all/?origin=GLOBAL_SEARCH_HEADER&keywords=+YiEr2026w,"",1,,"","",""
(Unknown),foivos!zakkak.net,Foivos,https://github.com/zakkak,https://www.linkedin.com/search/results/all/?origin=GLOBAL_SEARCH_HEADER&keywords=Foivos,https://www.linkedin.com/search/results/all/?origin=GLOBAL_SEARCH_HEADER&keywords=Foivos+foivos,https://www.linkedin.com/search/results/all/?origin=GLOBAL_SEARCH_HEADER&keywords=Foivos+zakkak,1,,"","",""
(Unknown),nzindoc!gmail.com,zieen,https://github.com/zieen,https://www.linkedin.com/search/results/all/?origin=GLOBAL_SEARCH_HEADER&keywords=zieen,https://www.linkedin.com/search/results/all/?origin=GLOBAL_SEARCH_HEADER&keywords=zieen+nzindoc,https://www.linkedin.com/search/results/all/?origin=GLOBAL_SEARCH_HEADER&keywords=zieen+gmail,1,,Shanghai/cn,"",""
(Unknown),zongqichen!users.noreply.github.com,Zongqi Chen,https://github.com/zongqichen,https://www.linkedin.com/search/results/all/?origin=GLOBAL_SEARCH_HEADER&keywords=Zongqi+Chen,https://www.linkedin.com/search/results/all/?origin=GLOBAL_SEARCH_HEADER&keywords=Zongqi+Chen+zongqichen,"",1,,"","",""
